WARNING: Ignored environment file variable LLM_SERVICE_MODEL: override from --env
WARNING: Ignored environment file variable LLM_SERVICE_PROVIDER: override from --env
[I 2026-01-14 15:17:46.415 BeakerServerApp] Extension package panel.io.jupyter_server_extension took 3.3386s to import
[I 2026-01-14 15:17:46.422 BeakerServerApp] beaker_kernel.service.notebook | extension was successfully linked.
[I 2026-01-14 15:17:46.422 BeakerServerApp] jupyter_lsp | extension was successfully linked.
[I 2026-01-14 15:17:46.426 BeakerServerApp] jupyter_server_terminals | extension was successfully linked.
[I 2026-01-14 15:17:46.431 BeakerServerApp] jupyterlab | extension was successfully linked.
[I 2026-01-14 15:17:47.096 BeakerServerApp] notebook_shim | extension was successfully linked.
[I 2026-01-14 15:17:47.096 BeakerServerApp] panel.io.jupyter_server_extension | extension was successfully linked.
[I 2026-01-14 15:17:47.147 BeakerServerApp] notebook_shim | extension was successfully loaded.
[I 2026-01-14 15:17:47.153 BeakerServerApp] beaker_kernel.service.notebook | extension was successfully loaded.
[I 2026-01-14 15:17:47.155 BeakerServerApp] jupyter_lsp | extension was successfully loaded.
[I 2026-01-14 15:17:47.156 BeakerServerApp] jupyter_server_terminals | extension was successfully loaded.
[I 2026-01-14 15:17:47.158 LabApp] JupyterLab extension loaded from /usr/local/lib/python3.10/site-packages/jupyterlab
[I 2026-01-14 15:17:47.158 LabApp] JupyterLab application directory is /usr/local/share/jupyter/lab
[I 2026-01-14 15:17:47.159 LabApp] Extension Manager is 'pypi'.
[I 2026-01-14 15:17:47.263 BeakerServerApp] jupyterlab | extension was successfully loaded.
[I 2026-01-14 15:17:47.264 BeakerServerApp] panel.io.jupyter_server_extension | extension was successfully loaded.
[I 2026-01-14 15:17:47.266 BeakerServerApp] Serving notebooks from local directory: /jupyter
[I 2026-01-14 15:17:47.266 BeakerServerApp] Jupyter Server 2.17.0 is running at:
[I 2026-01-14 15:17:47.266 BeakerServerApp]     http://0.0.0.0:8188/
[I 2026-01-14 15:17:47.266 BeakerServerApp] Use Control-C to stop this server and shut down all kernels (twice to skip confirmation).
[I 2026-01-14 15:17:47.379 BeakerServerApp] Skipped non-installed server(s): basedpyright, bash-language-server, dockerfile-language-server-nodejs, javascript-typescript-langserver, jedi-language-server, julia-language-server, pyrefly, pyright, python-language-server, python-lsp-server, r-languageserver, sql-language-server, texlab, typescript-language-server, unified-language-server, vscode-css-languageserver-bin, vscode-html-languageserver-bin, vscode-json-languageserver-bin, yaml-language-server
[I 2026-01-14 15:17:50.007 BeakerServerApp] Kernel started: d2566607-3711-43a9-a1b9-c473ee2699f1
[W 2026-01-14 15:17:50.012 BeakerServerApp] No session ID specified
[I 2026-01-14 15:17:51.520 BeakerServerApp] Kernel started: 7ad7d50c-0cb6-462c-8d87-93395e9e7a49
Unrecognized OpenRouter model: 'xiaomi/mimo-v2-flash:free' (this implies model is not officially listed in toki.openrouter_models). To get most up-to-date models list, consider cutting a new toki release (after regenerating models list with `toki-fetch-models` command). Attempting to continue with the following Attributes: Attr(context_size=200000, supports_tools=True)
Context has no workflows: disabling tools.
[I 2026-01-14 15:17:58.492 BeakerServerApp] Adapting from protocol version 5.3 (kernel d2566607-3711-43a9-a1b9-c473ee2699f1) to 5.4 (client).
[I 2026-01-14 15:17:58.493 BeakerServerApp] Connecting to kernel d2566607-3711-43a9-a1b9-c473ee2699f1.
[W 2026-01-14 15:17:58.494 BeakerServerApp] The websocket_ping_timeout (90000) cannot be longer than the websocket_ping_interval (30000).
    Setting websocket_ping_timeout=30000
[I 2026-01-14 15:17:58.509 BeakerServerApp] Kernel shutdown: 7ad7d50c-0cb6-462c-8d87-93395e9e7a49
[I 2026-01-14 15:17:58.857 BeakerServerApp] Kernel started: 010cf8bd-22d8-43c3-b5bd-dfd838c93d1c
Unrecognized OpenRouter model: 'xiaomi/mimo-v2-flash:free' (this implies model is not officially listed in toki.openrouter_models). To get most up-to-date models list, consider cutting a new toki release (after regenerating models list with `toki-fetch-models` command). Attempting to continue with the following Attributes: Attr(context_size=200000, supports_tools=True)
Context has no workflows: disabling tools.
[I 2026-01-14 15:18:00.976 BeakerServerApp] 302 GET / (@127.0.0.1) 0.69ms
[W 2026-01-14 15:18:00.980 BeakerServerApp] 405 POST /notebook?token=[secret] (@127.0.0.1) 0.45ms referer=None
Error: KeyError "None of [Index(['sample_type', 'gender', 'sample_site', 'diagnosis'], dtype='object')] are in the [columns]"
Traceback:
[0;31m---------------------------------------------------------------------------[0m
[0;31mKeyError[0m                                  Traceback (most recent call last)
Cell [0;32mIn[1], line 7[0m
[1;32m      4[0m df [38;5;241m=[39m pd[38;5;241m.[39mread_csv([38;5;124m'[39m[38;5;124mdou.csv[39m[38;5;124m'[39m)
[1;32m      6[0m [38;5;66;03m# Subset to the specified columns[39;00m
[0;32m----> 7[0m df_subset [38;5;241m=[39m [43mdf[49m[43m[[49m[43m[[49m[38;5;124;43m'[39;49m[38;5;124;43msample_type[39;49m[38;5;124;43m'[39;49m[43m,[49m[43m [49m[38;5;124;43m'[39;49m[38;5;124;43mgender[39;49m[38;5;124;43m'[39;49m[43m,[49m[43m [49m[38;5;124;43m'[39;49m[38;5;124;43msample_site[39;49m[38;5;124;43m'[39;49m[43m,[49m[43m [49m[38;5;124;43m'[39;49m[38;5;124;43mdiagnosis[39;49m[38;5;124;43m'[39;49m[43m][49m[43m][49m
[1;32m      9[0m [38;5;66;03m# Display the first few rows to confirm[39;00m
[1;32m     10[0m [38;5;28mprint[39m([38;5;124m"[39m[38;5;124mLoaded and subsetted dataframe:[39m[38;5;124m"[39m)

File [0;32m/usr/local/lib/python3.10/site-packages/pandas/core/frame.py:3899[0m, in [0;36mDataFrame.__getitem__[0;34m(self, key)[0m
[1;32m   3897[0m     [38;5;28;01mif[39;00m is_iterator(key):
[1;32m   3898[0m         key [38;5;241m=[39m [38;5;28mlist[39m(key)
[0;32m-> 3899[0m     indexer [38;5;241m=[39m [38;5;28;43mself[39;49m[38;5;241;43m.[39;49m[43mcolumns[49m[38;5;241;43m.[39;49m[43m_get_indexer_strict[49m[43m([49m[43mkey[49m[43m,[49m[43m [49m[38;5;124;43m"[39;49m[38;5;124;43mcolumns[39;49m[38;5;124;43m"[39;49m[43m)[49m[[38;5;241m1[39m]
[1;32m   3901[0m [38;5;66;03m# take() does not accept boolean indexers[39;00m
[1;32m   3902[0m [38;5;28;01mif[39;00m [38;5;28mgetattr[39m(indexer, [38;5;124m"[39m[38;5;124mdtype[39m[38;5;124m"[39m, [38;5;28;01mNone[39;00m) [38;5;241m==[39m [38;5;28mbool[39m:

File [0;32m/usr/local/lib/python3.10/site-packages/pandas/core/indexes/base.py:6115[0m, in [0;36mIndex._get_indexer_strict[0;34m(self, key, axis_name)[0m
[1;32m   6112[0m [38;5;28;01melse[39;00m:
[1;32m   6113[0m     keyarr, indexer, new_indexer [38;5;241m=[39m [38;5;28mself[39m[38;5;241m.[39m_reindex_non_unique(keyarr)
[0;32m-> 6115[0m [38;5;28;43mself[39;49m[38;5;241;43m.[39;49m[43m_raise_if_missing[49m[43m([49m[43mkeyarr[49m[43m,[49m[43m [49m[43mindexer[49m[43m,[49m[43m [49m[43maxis_name[49m[43m)[49m
[1;32m   6117[0m keyarr [38;5;241m=[39m [38;5;28mself[39m[38;5;241m.[39mtake(indexer)
[1;32m   6118[0m [38;5;28;01mif[39;00m [38;5;28misinstance[39m(key, Index):
[1;32m   6119[0m     [38;5;66;03m# GH 42790 - Preserve name from an Index[39;00m

File [0;32m/usr/local/lib/python3.10/site-packages/pandas/core/indexes/base.py:6176[0m, in [0;36mIndex._raise_if_missing[0;34m(self, key, indexer, axis_name)[0m
[1;32m   6174[0m     [38;5;28;01mif[39;00m use_interval_msg:
[1;32m   6175[0m         key [38;5;241m=[39m [38;5;28mlist[39m(key)
[0;32m-> 6176[0m     [38;5;28;01mraise[39;00m [38;5;167;01mKeyError[39;00m([38;5;124mf[39m[38;5;124m"[39m[38;5;124mNone of [[39m[38;5;132;01m{[39;00mkey[38;5;132;01m}[39;00m[38;5;124m] are in the [[39m[38;5;132;01m{[39;00maxis_name[38;5;132;01m}[39;00m[38;5;124m][39m[38;5;124m"[39m)
[1;32m   6178[0m not_found [38;5;241m=[39m [38;5;28mlist[39m(ensure_index(key)[missing_mask[38;5;241m.[39mnonzero()[[38;5;241m0[39m]][38;5;241m.[39munique())
[1;32m   6179[0m [38;5;28;01mraise[39;00m [38;5;167;01mKeyError[39;00m([38;5;124mf[39m[38;5;124m"[39m[38;5;132;01m{[39;00mnot_found[38;5;132;01m}[39;00m[38;5;124m not in index[39m[38;5;124m"[39m)

[0;31mKeyError[0m: "None of [Index(['sample_type', 'gender', 'sample_site', 'diagnosis'], dtype='object')] are in the [columns]"
Uncaught exception in ZMQStream callback
Traceback (most recent call last):
  File "/usr/local/lib/python3.10/site-packages/zmq/eventloop/zmqstream.py", line 565, in _log_error
    f.result()
  File "/usr/local/lib/python3.10/site-packages/beaker_kernel/lib/jupyter_kernel_proxy.py", line 253, in handler
    new_data = await callback(self, other_stream, data)
  File "/usr/local/lib/python3.10/site-packages/beaker_kernel/lib/context.py", line 835, in handle_error
    raise ExecutionError(content["ename"], content["evalue"], content["traceback"])
beaker_kernel.lib.utils.ExecutionError: ('KeyError', '"None of [Index([\'sample_type\', \'gender\', \'sample_site\', \'diagnosis\'], dtype=\'object\')] are in the [columns]"', ['\x1b[0;31m---------------------------------------------------------------------------\x1b[0m', '\x1b[0;31mKeyError\x1b[0m                                  Traceback (most recent call last)', 'Cell \x1b[0;32mIn[1], line 7\x1b[0m\n\x1b[1;32m      4\x1b[0m df \x1b[38;5;241m=\x1b[39m pd\x1b[38;5;241m.\x1b[39mread_csv(\x1b[38;5;124m\'\x1b[39m\x1b[38;5;124mdou.csv\x1b[39m\x1b[38;5;124m\'\x1b[39m)\n\x1b[1;32m      6\x1b[0m \x1b[38;5;66;03m# Subset to the specified columns\x1b[39;00m\n\x1b[0;32m----> 7\x1b[0m df_subset \x1b[38;5;241m=\x1b[39m \x1b[43mdf\x1b[49m\x1b[43m[\x1b[49m\x1b[43m[\x1b[49m\x1b[38;5;124;43m\'\x1b[39;49m\x1b[38;5;124;43msample_type\x1b[39;49m\x1b[38;5;124;43m\'\x1b[39;49m\x1b[43m,\x1b[49m\x1b[43m \x1b[49m\x1b[38;5;124;43m\'\x1b[39;49m\x1b[38;5;124;43mgender\x1b[39;49m\x1b[38;5;124;43m\'\x1b[39;49m\x1b[43m,\x1b[49m\x1b[43m \x1b[49m\x1b[38;5;124;43m\'\x1b[39;49m\x1b[38;5;124;43msample_site\x1b[39;49m\x1b[38;5;124;43m\'\x1b[39;49m\x1b[43m,\x1b[49m\x1b[43m \x1b[49m\x1b[38;5;124;43m\'\x1b[39;49m\x1b[38;5;124;43mdiagnosis\x1b[39;49m\x1b[38;5;124;43m\'\x1b[39;49m\x1b[43m]\x1b[49m\x1b[43m]\x1b[49m\n\x1b[1;32m      9\x1b[0m \x1b[38;5;66;03m# Display the first few rows to confirm\x1b[39;00m\n\x1b[1;32m     10\x1b[0m \x1b[38;5;28mprint\x1b[39m(\x1b[38;5;124m"\x1b[39m\x1b[38;5;124mLoaded and subsetted dataframe:\x1b[39m\x1b[38;5;124m"\x1b[39m)\n', 'File \x1b[0;32m/usr/local/lib/python3.10/site-packages/pandas/core/frame.py:3899\x1b[0m, in \x1b[0;36mDataFrame.__getitem__\x1b[0;34m(self, key)\x1b[0m\n\x1b[1;32m   3897\x1b[0m     \x1b[38;5;28;01mif\x1b[39;00m is_iterator(key):\n\x1b[1;32m   3898\x1b[0m         key \x1b[38;5;241m=\x1b[39m \x1b[38;5;28mlist\x1b[39m(key)\n\x1b[0;32m-> 3899\x1b[0m     indexer \x1b[38;5;241m=\x1b[39m \x1b[38;5;28;43mself\x1b[39;49m\x1b[38;5;241;43m.\x1b[39;49m\x1b[43mcolumns\x1b[49m\x1b[38;5;241;43m.\x1b[39;49m\x1b[43m_get_indexer_strict\x1b[49m\x1b[43m(\x1b[49m\x1b[43mkey\x1b[49m\x1b[43m,\x1b[49m\x1b[43m \x1b[49m\x1b[38;5;124;43m"\x1b[39;49m\x1b[38;5;124;43mcolumns\x1b[39;49m\x1b[38;5;124;43m"\x1b[39;49m\x1b[43m)\x1b[49m[\x1b[38;5;241m1\x1b[39m]\n\x1b[1;32m   3901\x1b[0m \x1b[38;5;66;03m# take() does not accept boolean indexers\x1b[39;00m\n\x1b[1;32m   3902\x1b[0m \x1b[38;5;28;01mif\x1b[39;00m \x1b[38;5;28mgetattr\x1b[39m(indexer, \x1b[38;5;124m"\x1b[39m\x1b[38;5;124mdtype\x1b[39m\x1b[38;5;124m"\x1b[39m, \x1b[38;5;28;01mNone\x1b[39;00m) \x1b[38;5;241m==\x1b[39m \x1b[38;5;28mbool\x1b[39m:\n', 'File \x1b[0;32m/usr/local/lib/python3.10/site-packages/pandas/core/indexes/base.py:6115\x1b[0m, in \x1b[0;36mIndex._get_indexer_strict\x1b[0;34m(self, key, axis_name)\x1b[0m\n\x1b[1;32m   6112\x1b[0m \x1b[38;5;28;01melse\x1b[39;00m:\n\x1b[1;32m   6113\x1b[0m     keyarr, indexer, new_indexer \x1b[38;5;241m=\x1b[39m \x1b[38;5;28mself\x1b[39m\x1b[38;5;241m.\x1b[39m_reindex_non_unique(keyarr)\n\x1b[0;32m-> 6115\x1b[0m \x1b[38;5;28;43mself\x1b[39;49m\x1b[38;5;241;43m.\x1b[39;49m\x1b[43m_raise_if_missing\x1b[49m\x1b[43m(\x1b[49m\x1b[43mkeyarr\x1b[49m\x1b[43m,\x1b[49m\x1b[43m \x1b[49m\x1b[43mindexer\x1b[49m\x1b[43m,\x1b[49m\x1b[43m \x1b[49m\x1b[43maxis_name\x1b[49m\x1b[43m)\x1b[49m\n\x1b[1;32m   6117\x1b[0m keyarr \x1b[38;5;241m=\x1b[39m \x1b[38;5;28mself\x1b[39m\x1b[38;5;241m.\x1b[39mtake(indexer)\n\x1b[1;32m   6118\x1b[0m \x1b[38;5;28;01mif\x1b[39;00m \x1b[38;5;28misinstance\x1b[39m(key, Index):\n\x1b[1;32m   6119\x1b[0m     \x1b[38;5;66;03m# GH 42790 - Preserve name from an Index\x1b[39;00m\n', 'File \x1b[0;32m/usr/local/lib/python3.10/site-packages/pandas/core/indexes/base.py:6176\x1b[0m, in \x1b[0;36mIndex._raise_if_missing\x1b[0;34m(self, key, indexer, axis_name)\x1b[0m\n\x1b[1;32m   6174\x1b[0m     \x1b[38;5;28;01mif\x1b[39;00m use_interval_msg:\n\x1b[1;32m   6175\x1b[0m         key \x1b[38;5;241m=\x1b[39m \x1b[38;5;28mlist\x1b[39m(key)\n\x1b[0;32m-> 6176\x1b[0m     \x1b[38;5;28;01mraise\x1b[39;00m \x1b[38;5;167;01mKeyError\x1b[39;00m(\x1b[38;5;124mf\x1b[39m\x1b[38;5;124m"\x1b[39m\x1b[38;5;124mNone of [\x1b[39m\x1b[38;5;132;01m{\x1b[39;00mkey\x1b[38;5;132;01m}\x1b[39;00m\x1b[38;5;124m] are in the [\x1b[39m\x1b[38;5;132;01m{\x1b[39;00maxis_name\x1b[38;5;132;01m}\x1b[39;00m\x1b[38;5;124m]\x1b[39m\x1b[38;5;124m"\x1b[39m)\n\x1b[1;32m   6178\x1b[0m not_found \x1b[38;5;241m=\x1b[39m \x1b[38;5;28mlist\x1b[39m(ensure_index(key)[missing_mask\x1b[38;5;241m.\x1b[39mnonzero()[\x1b[38;5;241m0\x1b[39m]]\x1b[38;5;241m.\x1b[39munique())\n\x1b[1;32m   6179\x1b[0m \x1b[38;5;28;01mraise\x1b[39;00m \x1b[38;5;167;01mKeyError\x1b[39;00m(\x1b[38;5;124mf\x1b[39m\x1b[38;5;124m"\x1b[39m\x1b[38;5;132;01m{\x1b[39;00mnot_found\x1b[38;5;132;01m}\x1b[39;00m\x1b[38;5;124m not in index\x1b[39m\x1b[38;5;124m"\x1b[39m)\n', '\x1b[0;31mKeyError\x1b[0m: "None of [Index([\'sample_type\', \'gender\', \'sample_site\', \'diagnosis\'], dtype=\'object\')] are in the [columns]"'])
Successfully ran code, but failed to fetch preview: 'NoneType' object is not callable
Successfully ran code, but failed to fetch preview: 'NoneType' object is not callable
Successfully ran code, but failed to fetch preview: 'NoneType' object is not callable
Successfully ran code, but failed to fetch preview: 'NoneType' object is not callable
Successfully ran code, but failed to fetch preview: 'NoneType' object is not callable
/usr/local/lib/python3.10/asyncio/events.py:80: LangChainDeprecationWarning: Calling .text() as a method is deprecated. Use .text as a property instead (e.g., message.text).
  self._context.run(self._callback, *self._args)
OpenRouter context size unknown for model 'xiaomi/mimo-v2-flash:free' (this implies model is not officially listed in archytas/models/openrouter_models.py, i.e. consider regenerating the file with `create_models_types_file()`). Using default context size: 200000.
/usr/local/lib/python3.10/site-packages/beaker_kernel/kernel.py:283: LangChainDeprecationWarning: Calling .text() as a method is deprecated. Use .text as a property instead (e.g., message.text).
  records=[{
/usr/local/lib/python3.10/site-packages/beaker_kernel/kernel.py:617: LangChainDeprecationWarning: Calling .text() as a method is deprecated. Use .text as a property instead (e.g., message.text).
  await self.send_chat_history(message.header)
OpenRouter context size unknown for model 'xiaomi/mimo-v2-flash:free' (this implies model is not officially listed in archytas/models/openrouter_models.py, i.e. consider regenerating the file with `create_models_types_file()`). Using default context size: 200000.
[I 2026-01-14 15:18:59.170 BeakerServerApp] 302 GET / (@127.0.0.1) 0.50ms
[W 2026-01-14 15:18:59.173 BeakerServerApp] 405 POST /notebook?token=[secret] (@127.0.0.1) 0.39ms referer=None
Error: ModuleNotFoundError No module named 'match_schema'
Traceback:
[0;31m---------------------------------------------------------------------------[0m
[0;31mModuleNotFoundError[0m                       Traceback (most recent call last)
Cell [0;32mIn[6], line 7[0m
[1;32m      4[0m df [38;5;241m=[39m pd[38;5;241m.[39mread_csv([38;5;124m'[39m[38;5;124mdou_subset.csv[39m[38;5;124m'[39m)
[1;32m      6[0m [38;5;66;03m# First, let's run match_schema to get the initial mappings[39;00m
[0;32m----> 7[0m [38;5;28;01mfrom[39;00m[38;5;250m [39m[38;5;21;01mmatch_schema[39;00m[38;5;250m [39m[38;5;28;01mimport[39;00m match_schema
[1;32m      9[0m [38;5;66;03m# Run schema matching[39;00m
[1;32m     10[0m result [38;5;241m=[39m match_schema(df, target[38;5;241m=[39m[38;5;124m'[39m[38;5;124mgdc[39m[38;5;124m'[39m, method[38;5;241m=[39m[38;5;124m'[39m[38;5;124membeddings[39m[38;5;124m'[39m)

[0;31mModuleNotFoundError[0m: No module named 'match_schema'
Uncaught exception in ZMQStream callback
Traceback (most recent call last):
  File "/usr/local/lib/python3.10/site-packages/zmq/eventloop/zmqstream.py", line 565, in _log_error
    f.result()
  File "/usr/local/lib/python3.10/site-packages/beaker_kernel/lib/jupyter_kernel_proxy.py", line 253, in handler
    new_data = await callback(self, other_stream, data)
  File "/usr/local/lib/python3.10/site-packages/beaker_kernel/lib/context.py", line 835, in handle_error
    raise ExecutionError(content["ename"], content["evalue"], content["traceback"])
beaker_kernel.lib.utils.ExecutionError: ('ModuleNotFoundError', "No module named 'match_schema'", ['\x1b[0;31m---------------------------------------------------------------------------\x1b[0m', '\x1b[0;31mModuleNotFoundError\x1b[0m                       Traceback (most recent call last)', "Cell \x1b[0;32mIn[6], line 7\x1b[0m\n\x1b[1;32m      4\x1b[0m df \x1b[38;5;241m=\x1b[39m pd\x1b[38;5;241m.\x1b[39mread_csv(\x1b[38;5;124m'\x1b[39m\x1b[38;5;124mdou_subset.csv\x1b[39m\x1b[38;5;124m'\x1b[39m)\n\x1b[1;32m      6\x1b[0m \x1b[38;5;66;03m# First, let's run match_schema to get the initial mappings\x1b[39;00m\n\x1b[0;32m----> 7\x1b[0m \x1b[38;5;28;01mfrom\x1b[39;00m\x1b[38;5;250m \x1b[39m\x1b[38;5;21;01mmatch_schema\x1b[39;00m\x1b[38;5;250m \x1b[39m\x1b[38;5;28;01mimport\x1b[39;00m match_schema\n\x1b[1;32m      9\x1b[0m \x1b[38;5;66;03m# Run schema matching\x1b[39;00m\n\x1b[1;32m     10\x1b[0m result \x1b[38;5;241m=\x1b[39m match_schema(df, target\x1b[38;5;241m=\x1b[39m\x1b[38;5;124m'\x1b[39m\x1b[38;5;124mgdc\x1b[39m\x1b[38;5;124m'\x1b[39m, method\x1b[38;5;241m=\x1b[39m\x1b[38;5;124m'\x1b[39m\x1b[38;5;124membeddings\x1b[39m\x1b[38;5;124m'\x1b[39m)\n", "\x1b[0;31mModuleNotFoundError\x1b[0m: No module named 'match_schema'"])
Successfully ran code, but failed to fetch preview: 'NoneType' object is not callable
Error: ValueError The embeddings algorithm is not supported. Supported algorithms are: similarity_flooding, coma, cupid, distribution_based, jaccard_distance, gpt, ct_learning, two_phase, max_val_sim
Traceback:
[0;31m---------------------------------------------------------------------------[0m
[0;31mValueError[0m                                Traceback (most recent call last)
Cell [0;32mIn[7], line 2[0m
[1;32m      1[0m [38;5;28;01mimport[39;00m[38;5;250m [39m[38;5;21;01mbdikit[39;00m[38;5;250m [39m[38;5;28;01mas[39;00m[38;5;250m [39m[38;5;21;01mbdi[39;00m
[0;32m----> 2[0m column_mappings [38;5;241m=[39m [43mbdi[49m[38;5;241;43m.[39;49m[43mmatch_schema[49m[43m([49m[43mdf[49m[43m,[49m[43m [49m[43mtarget[49m[38;5;241;43m=[39;49m[38;5;124;43m"[39;49m[38;5;124;43mgdc[39;49m[38;5;124;43m"[39;49m[43m,[49m[43m [49m[43mmethod[49m[38;5;241;43m=[39;49m[38;5;124;43m"[39;49m[38;5;124;43membeddings[39;49m[38;5;124;43m"[39;49m[43m)[49m
[1;32m      3[0m column_mappings[38;5;241m.[39mto_markdown()

File [0;32m/usr/local/lib/python3.10/site-packages/bdikit/api.py:75[0m, in [0;36mmatch_schema[0;34m(source, target, method, method_args)[0m
[1;32m     73[0m     [38;5;28;01mif[39;00m method_args [38;5;129;01mis[39;00m [38;5;28;01mNone[39;00m:
[1;32m     74[0m         method_args [38;5;241m=[39m {}
[0;32m---> 75[0m     matcher_instance [38;5;241m=[39m [43mSchemaMatchers[49m[38;5;241;43m.[39;49m[43mget_matcher[49m[43m([49m[43mmethod[49m[43m,[49m[43m [49m[38;5;241;43m*[39;49m[38;5;241;43m*[39;49m[43mmethod_args[49m[43m)[49m
[1;32m     76[0m [38;5;28;01melif[39;00m [38;5;28misinstance[39m(method, BaseSchemaMatcher):
[1;32m     77[0m     matcher_instance [38;5;241m=[39m method

File [0;32m/usr/local/lib/python3.10/site-packages/bdikit/schema_matching/one2one/matcher_factory.py:52[0m, in [0;36mSchemaMatchers.get_matcher[0;34m(matcher_name, **matcher_kwargs)[0m
[1;32m     50[0m [38;5;28;01mif[39;00m matcher_name [38;5;129;01mnot[39;00m [38;5;129;01min[39;00m matchers:
[1;32m     51[0m     names [38;5;241m=[39m [38;5;124m"[39m[38;5;124m, [39m[38;5;124m"[39m[38;5;241m.[39mjoin([38;5;28mlist[39m(matchers[38;5;241m.[39mkeys()))
[0;32m---> 52[0m     [38;5;28;01mraise[39;00m [38;5;167;01mValueError[39;00m(
[1;32m     53[0m         [38;5;124mf[39m[38;5;124m"[39m[38;5;124mThe [39m[38;5;132;01m{[39;00mmatcher_name[38;5;132;01m}[39;00m[38;5;124m algorithm is not supported. [39m[38;5;124m"[39m
[1;32m     54[0m         [38;5;124mf[39m[38;5;124m"[39m[38;5;124mSupported algorithms are: [39m[38;5;132;01m{[39;00mnames[38;5;132;01m}[39;00m[38;5;124m"[39m
[1;32m     55[0m     )
[1;32m     56[0m [38;5;66;03m# Load the class dynamically[39;00m
[1;32m     57[0m module_path, class_name [38;5;241m=[39m matchers[matcher_name][38;5;241m.[39mrsplit([38;5;124m"[39m[38;5;124m.[39m[38;5;124m"[39m, [38;5;241m1[39m)

[0;31mValueError[0m: The embeddings algorithm is not supported. Supported algorithms are: similarity_flooding, coma, cupid, distribution_based, jaccard_distance, gpt, ct_learning, two_phase, max_val_sim
Uncaught exception in ZMQStream callback
Traceback (most recent call last):
  File "/usr/local/lib/python3.10/site-packages/zmq/eventloop/zmqstream.py", line 565, in _log_error
    f.result()
  File "/usr/local/lib/python3.10/site-packages/beaker_kernel/lib/jupyter_kernel_proxy.py", line 253, in handler
    new_data = await callback(self, other_stream, data)
  File "/usr/local/lib/python3.10/site-packages/beaker_kernel/lib/context.py", line 835, in handle_error
    raise ExecutionError(content["ename"], content["evalue"], content["traceback"])
beaker_kernel.lib.utils.ExecutionError: ('ValueError', 'The embeddings algorithm is not supported. Supported algorithms are: similarity_flooding, coma, cupid, distribution_based, jaccard_distance, gpt, ct_learning, two_phase, max_val_sim', ['\x1b[0;31m---------------------------------------------------------------------------\x1b[0m', '\x1b[0;31mValueError\x1b[0m                                Traceback (most recent call last)', 'Cell \x1b[0;32mIn[7], line 2\x1b[0m\n\x1b[1;32m      1\x1b[0m \x1b[38;5;28;01mimport\x1b[39;00m\x1b[38;5;250m \x1b[39m\x1b[38;5;21;01mbdikit\x1b[39;00m\x1b[38;5;250m \x1b[39m\x1b[38;5;28;01mas\x1b[39;00m\x1b[38;5;250m \x1b[39m\x1b[38;5;21;01mbdi\x1b[39;00m\n\x1b[0;32m----> 2\x1b[0m column_mappings \x1b[38;5;241m=\x1b[39m \x1b[43mbdi\x1b[49m\x1b[38;5;241;43m.\x1b[39;49m\x1b[43mmatch_schema\x1b[49m\x1b[43m(\x1b[49m\x1b[43mdf\x1b[49m\x1b[43m,\x1b[49m\x1b[43m \x1b[49m\x1b[43mtarget\x1b[49m\x1b[38;5;241;43m=\x1b[39;49m\x1b[38;5;124;43m"\x1b[39;49m\x1b[38;5;124;43mgdc\x1b[39;49m\x1b[38;5;124;43m"\x1b[39;49m\x1b[43m,\x1b[49m\x1b[43m \x1b[49m\x1b[43mmethod\x1b[49m\x1b[38;5;241;43m=\x1b[39;49m\x1b[38;5;124;43m"\x1b[39;49m\x1b[38;5;124;43membeddings\x1b[39;49m\x1b[38;5;124;43m"\x1b[39;49m\x1b[43m)\x1b[49m\n\x1b[1;32m      3\x1b[0m column_mappings\x1b[38;5;241m.\x1b[39mto_markdown()\n', 'File \x1b[0;32m/usr/local/lib/python3.10/site-packages/bdikit/api.py:75\x1b[0m, in \x1b[0;36mmatch_schema\x1b[0;34m(source, target, method, method_args)\x1b[0m\n\x1b[1;32m     73\x1b[0m     \x1b[38;5;28;01mif\x1b[39;00m method_args \x1b[38;5;129;01mis\x1b[39;00m \x1b[38;5;28;01mNone\x1b[39;00m:\n\x1b[1;32m     74\x1b[0m         method_args \x1b[38;5;241m=\x1b[39m {}\n\x1b[0;32m---> 75\x1b[0m     matcher_instance \x1b[38;5;241m=\x1b[39m \x1b[43mSchemaMatchers\x1b[49m\x1b[38;5;241;43m.\x1b[39;49m\x1b[43mget_matcher\x1b[49m\x1b[43m(\x1b[49m\x1b[43mmethod\x1b[49m\x1b[43m,\x1b[49m\x1b[43m \x1b[49m\x1b[38;5;241;43m*\x1b[39;49m\x1b[38;5;241;43m*\x1b[39;49m\x1b[43mmethod_args\x1b[49m\x1b[43m)\x1b[49m\n\x1b[1;32m     76\x1b[0m \x1b[38;5;28;01melif\x1b[39;00m \x1b[38;5;28misinstance\x1b[39m(method, BaseSchemaMatcher):\n\x1b[1;32m     77\x1b[0m     matcher_instance \x1b[38;5;241m=\x1b[39m method\n', 'File \x1b[0;32m/usr/local/lib/python3.10/site-packages/bdikit/schema_matching/one2one/matcher_factory.py:52\x1b[0m, in \x1b[0;36mSchemaMatchers.get_matcher\x1b[0;34m(matcher_name, **matcher_kwargs)\x1b[0m\n\x1b[1;32m     50\x1b[0m \x1b[38;5;28;01mif\x1b[39;00m matcher_name \x1b[38;5;129;01mnot\x1b[39;00m \x1b[38;5;129;01min\x1b[39;00m matchers:\n\x1b[1;32m     51\x1b[0m     names \x1b[38;5;241m=\x1b[39m \x1b[38;5;124m"\x1b[39m\x1b[38;5;124m, \x1b[39m\x1b[38;5;124m"\x1b[39m\x1b[38;5;241m.\x1b[39mjoin(\x1b[38;5;28mlist\x1b[39m(matchers\x1b[38;5;241m.\x1b[39mkeys()))\n\x1b[0;32m---> 52\x1b[0m     \x1b[38;5;28;01mraise\x1b[39;00m \x1b[38;5;167;01mValueError\x1b[39;00m(\n\x1b[1;32m     53\x1b[0m         \x1b[38;5;124mf\x1b[39m\x1b[38;5;124m"\x1b[39m\x1b[38;5;124mThe \x1b[39m\x1b[38;5;132;01m{\x1b[39;00mmatcher_name\x1b[38;5;132;01m}\x1b[39;00m\x1b[38;5;124m algorithm is not supported. \x1b[39m\x1b[38;5;124m"\x1b[39m\n\x1b[1;32m     54\x1b[0m         \x1b[38;5;124mf\x1b[39m\x1b[38;5;124m"\x1b[39m\x1b[38;5;124mSupported algorithms are: \x1b[39m\x1b[38;5;132;01m{\x1b[39;00mnames\x1b[38;5;132;01m}\x1b[39;00m\x1b[38;5;124m"\x1b[39m\n\x1b[1;32m     55\x1b[0m     )\n\x1b[1;32m     56\x1b[0m \x1b[38;5;66;03m# Load the class dynamically\x1b[39;00m\n\x1b[1;32m     57\x1b[0m module_path, class_name \x1b[38;5;241m=\x1b[39m matchers[matcher_name]\x1b[38;5;241m.\x1b[39mrsplit(\x1b[38;5;124m"\x1b[39m\x1b[38;5;124m.\x1b[39m\x1b[38;5;124m"\x1b[39m, \x1b[38;5;241m1\x1b[39m)\n', '\x1b[0;31mValueError\x1b[0m: The embeddings algorithm is not supported. Supported algorithms are: similarity_flooding, coma, cupid, distribution_based, jaccard_distance, gpt, ct_learning, two_phase, max_val_sim'])
Error: UnpicklingError Weights only load failed. This file can still be loaded, to do so you have two options, [1mdo those steps only if you trust the source of the checkpoint[0m. 
	(1) In PyTorch 2.6, we changed the default value of the `weights_only` argument in `torch.load` from `False` to `True`. Re-running `torch.load` with `weights_only` set to `False` will likely succeed, but it can result in arbitrary code execution. Do it only if you got the file from a trusted source.
	(2) Alternatively, to load with `weights_only=True` please check the recommended steps in the following error message.
	WeightsUnpickler error: Unsupported global: GLOBAL argparse.Namespace was not an allowed global by default. Please use `torch.serialization.add_safe_globals([argparse.Namespace])` or the `torch.serialization.safe_globals([argparse.Namespace])` context manager to allowlist this global if you trust this class/function.

Check the documentation of torch.load to learn more about types accepted by default with weights_only https://pytorch.org/docs/stable/generated/torch.load.html.
Traceback:
[0;31m---------------------------------------------------------------------------[0m
[0;31mUnpicklingError[0m                           Traceback (most recent call last)
Cell [0;32mIn[7], line 2[0m
[1;32m      1[0m [38;5;28;01mimport[39;00m[38;5;250m [39m[38;5;21;01mbdikit[39;00m[38;5;250m [39m[38;5;28;01mas[39;00m[38;5;250m [39m[38;5;21;01mbdi[39;00m
[0;32m----> 2[0m top_matches [38;5;241m=[39m [43mbdi[49m[38;5;241;43m.[39;49m[43mtop_matches[49m[43m([49m[43mdf[49m[43m,[49m[43m [49m[43mcolumns[49m[38;5;241;43m=[39;49m[43m[[49m[38;5;124;43m"[39;49m[38;5;124;43msample_type[39;49m[38;5;124;43m"[39;49m[43m][49m[43m,[49m[43m [49m[43mtarget[49m[38;5;241;43m=[39;49m[38;5;124;43m"[39;49m[38;5;124;43mgdc[39;49m[38;5;124;43m"[39;49m[43m)[49m
[1;32m      3[0m top_matches[38;5;241m.[39mto_markdown()

File [0;32m/usr/local/lib/python3.10/site-packages/bdikit/api.py:133[0m, in [0;36mtop_matches[0;34m(source, columns, target, top_k, method, method_args)[0m
[1;32m    131[0m     [38;5;28;01mif[39;00m method_args [38;5;129;01mis[39;00m [38;5;28;01mNone[39;00m:
[1;32m    132[0m         method_args [38;5;241m=[39m {}
[0;32m--> 133[0m     topk_matcher [38;5;241m=[39m [43mTopkMatchers[49m[38;5;241;43m.[39;49m[43mget_matcher[49m[43m([49m[43mmethod[49m[43m,[49m[43m [49m[38;5;241;43m*[39;49m[38;5;241;43m*[39;49m[43mmethod_args[49m[43m)[49m
[1;32m    134[0m [38;5;28;01melif[39;00m [38;5;28misinstance[39m(method, BaseTopkSchemaMatcher):
[1;32m    135[0m     topk_matcher [38;5;241m=[39m method

File [0;32m/usr/local/lib/python3.10/site-packages/bdikit/schema_matching/topk/matcher_factory.py:31[0m, in [0;36mTopkMatchers.get_matcher[0;34m(matcher_name, **matcher_kwargs)[0m
[1;32m     28[0m module_path, class_name [38;5;241m=[39m matchers[matcher_name][38;5;241m.[39mrsplit([38;5;124m"[39m[38;5;124m.[39m[38;5;124m"[39m, [38;5;241m1[39m)
[1;32m     29[0m module [38;5;241m=[39m importlib[38;5;241m.[39mimport_module(module_path)
[0;32m---> 31[0m [38;5;28;01mreturn[39;00m [38;5;28;43mgetattr[39;49m[43m([49m[43mmodule[49m[43m,[49m[43m [49m[43mclass_name[49m[43m)[49m[43m([49m[38;5;241;43m*[39;49m[38;5;241;43m*[39;49m[43mmatcher_kwargs[49m[43m)[49m

File [0;32m/usr/local/lib/python3.10/site-packages/bdikit/schema_matching/topk/contrastivelearning.py:60[0m, in [0;36mCLTopkSchemaMatcher.__init__[0;34m(self, model_name, metric)[0m
[1;32m     58[0m [38;5;28;01mdef[39;00m[38;5;250m [39m[38;5;21m__init__[39m([38;5;28mself[39m, model_name: [38;5;28mstr[39m [38;5;241m=[39m DEFAULT_CL_MODEL, metric: [38;5;28mstr[39m [38;5;241m=[39m [38;5;124m"[39m[38;5;124mcosine[39m[38;5;124m"[39m):
[1;32m     59[0m     [38;5;28msuper[39m()[38;5;241m.[39m[38;5;21m__init__[39m(
[0;32m---> 60[0m         column_embedder[38;5;241m=[39m[43mContrastiveLearningAPI[49m[43m([49m[43mmodel_name[49m[38;5;241;43m=[39;49m[43mmodel_name[49m[43m)[49m, metric[38;5;241m=[39mmetric
[1;32m     61[0m     )

File [0;32m/usr/local/lib/python3.10/site-packages/bdikit/models/contrastive_learning/cl_api.py:45[0m, in [0;36mContrastiveLearningAPI.__init__[0;34m(self, model_path, model_name, batch_size)[0m
[1;32m     43[0m [38;5;28mself[39m[38;5;241m.[39mbatch_size [38;5;241m=[39m batch_size
[1;32m     44[0m [38;5;28mself[39m[38;5;241m.[39mdevice [38;5;241m=[39m get_device()
[0;32m---> 45[0m [38;5;28mself[39m[38;5;241m.[39mmodel [38;5;241m=[39m [38;5;28;43mself[39;49m[38;5;241;43m.[39;49m[43mload_checkpoint[49m[43m([49m[43m)[49m

File [0;32m/usr/local/lib/python3.10/site-packages/bdikit/models/contrastive_learning/cl_api.py:48[0m, in [0;36mContrastiveLearningAPI.load_checkpoint[0;34m(self, lm)[0m
[1;32m     47[0m [38;5;28;01mdef[39;00m[38;5;250m [39m[38;5;21mload_checkpoint[39m([38;5;28mself[39m, lm: [38;5;28mstr[39m [38;5;241m=[39m [38;5;124m"[39m[38;5;124mroberta[39m[38;5;124m"[39m):
[0;32m---> 48[0m     ckpt [38;5;241m=[39m [43mtorch[49m[38;5;241;43m.[39;49m[43mload[49m[43m([49m[38;5;28;43mself[39;49m[38;5;241;43m.[39;49m[43mmodel_path[49m[43m,[49m[43m [49m[43mmap_location[49m[38;5;241;43m=[39;49m[43mtorch[49m[38;5;241;43m.[39;49m[43mdevice[49m[43m([49m[38;5;124;43m"[39;49m[38;5;124;43mcpu[39;49m[38;5;124;43m"[39;49m[43m)[49m[43m)[49m
[1;32m     49[0m     scale_loss [38;5;241m=[39m [38;5;241m0.1[39m
[1;32m     50[0m     lambd [38;5;241m=[39m [38;5;241m3.9[39m

File [0;32m/usr/local/lib/python3.10/site-packages/torch/serialization.py:1529[0m, in [0;36mload[0;34m(f, map_location, pickle_module, weights_only, mmap, **pickle_load_args)[0m
[1;32m   1521[0m                 [38;5;28;01mreturn[39;00m _load(
[1;32m   1522[0m                     opened_zipfile,
[1;32m   1523[0m                     map_location,
[0;32m   (...)[0m
[1;32m   1526[0m                     [38;5;241m*[39m[38;5;241m*[39mpickle_load_args,
[1;32m   1527[0m                 )
[1;32m   1528[0m             [38;5;28;01mexcept[39;00m pickle[38;5;241m.[39mUnpicklingError [38;5;28;01mas[39;00m e:
[0;32m-> 1529[0m                 [38;5;28;01mraise[39;00m pickle[38;5;241m.[39mUnpicklingError(_get_wo_message([38;5;28mstr[39m(e))) [38;5;28;01mfrom[39;00m[38;5;250m [39m[38;5;28;01mNone[39;00m
[1;32m   1530[0m         [38;5;28;01mreturn[39;00m _load(
[1;32m   1531[0m             opened_zipfile,
[1;32m   1532[0m             map_location,
[0;32m   (...)[0m
[1;32m   1535[0m             [38;5;241m*[39m[38;5;241m*[39mpickle_load_args,
[1;32m   1536[0m         )
[1;32m   1537[0m [38;5;28;01mif[39;00m mmap:

[0;31mUnpicklingError[0m: Weights only load failed. This file can still be loaded, to do so you have two options, [1mdo those steps only if you trust the source of the checkpoint[0m. 
	(1) In PyTorch 2.6, we changed the default value of the `weights_only` argument in `torch.load` from `False` to `True`. Re-running `torch.load` with `weights_only` set to `False` will likely succeed, but it can result in arbitrary code execution. Do it only if you got the file from a trusted source.
	(2) Alternatively, to load with `weights_only=True` please check the recommended steps in the following error message.
	WeightsUnpickler error: Unsupported global: GLOBAL argparse.Namespace was not an allowed global by default. Please use `torch.serialization.add_safe_globals([argparse.Namespace])` or the `torch.serialization.safe_globals([argparse.Namespace])` context manager to allowlist this global if you trust this class/function.

Check the documentation of torch.load to learn more about types accepted by default with weights_only https://pytorch.org/docs/stable/generated/torch.load.html.
Uncaught exception in ZMQStream callback
Traceback (most recent call last):
  File "/usr/local/lib/python3.10/site-packages/zmq/eventloop/zmqstream.py", line 565, in _log_error
    f.result()
  File "/usr/local/lib/python3.10/site-packages/beaker_kernel/lib/jupyter_kernel_proxy.py", line 253, in handler
    new_data = await callback(self, other_stream, data)
  File "/usr/local/lib/python3.10/site-packages/beaker_kernel/lib/context.py", line 835, in handle_error
    raise ExecutionError(content["ename"], content["evalue"], content["traceback"])
beaker_kernel.lib.utils.ExecutionError: ('UnpicklingError', 'Weights only load failed. This file can still be loaded, to do so you have two options, \x1b[1mdo those steps only if you trust the source of the checkpoint\x1b[0m. \n\t(1) In PyTorch 2.6, we changed the default value of the `weights_only` argument in `torch.load` from `False` to `True`. Re-running `torch.load` with `weights_only` set to `False` will likely succeed, but it can result in arbitrary code execution. Do it only if you got the file from a trusted source.\n\t(2) Alternatively, to load with `weights_only=True` please check the recommended steps in the following error message.\n\tWeightsUnpickler error: Unsupported global: GLOBAL argparse.Namespace was not an allowed global by default. Please use `torch.serialization.add_safe_globals([argparse.Namespace])` or the `torch.serialization.safe_globals([argparse.Namespace])` context manager to allowlist this global if you trust this class/function.\n\nCheck the documentation of torch.load to learn more about types accepted by default with weights_only https://pytorch.org/docs/stable/generated/torch.load.html.', ['\x1b[0;31m---------------------------------------------------------------------------\x1b[0m', '\x1b[0;31mUnpicklingError\x1b[0m                           Traceback (most recent call last)', 'Cell \x1b[0;32mIn[7], line 2\x1b[0m\n\x1b[1;32m      1\x1b[0m \x1b[38;5;28;01mimport\x1b[39;00m\x1b[38;5;250m \x1b[39m\x1b[38;5;21;01mbdikit\x1b[39;00m\x1b[38;5;250m \x1b[39m\x1b[38;5;28;01mas\x1b[39;00m\x1b[38;5;250m \x1b[39m\x1b[38;5;21;01mbdi\x1b[39;00m\n\x1b[0;32m----> 2\x1b[0m top_matches \x1b[38;5;241m=\x1b[39m \x1b[43mbdi\x1b[49m\x1b[38;5;241;43m.\x1b[39;49m\x1b[43mtop_matches\x1b[49m\x1b[43m(\x1b[49m\x1b[43mdf\x1b[49m\x1b[43m,\x1b[49m\x1b[43m \x1b[49m\x1b[43mcolumns\x1b[49m\x1b[38;5;241;43m=\x1b[39;49m\x1b[43m[\x1b[49m\x1b[38;5;124;43m"\x1b[39;49m\x1b[38;5;124;43msample_type\x1b[39;49m\x1b[38;5;124;43m"\x1b[39;49m\x1b[43m]\x1b[49m\x1b[43m,\x1b[49m\x1b[43m \x1b[49m\x1b[43mtarget\x1b[49m\x1b[38;5;241;43m=\x1b[39;49m\x1b[38;5;124;43m"\x1b[39;49m\x1b[38;5;124;43mgdc\x1b[39;49m\x1b[38;5;124;43m"\x1b[39;49m\x1b[43m)\x1b[49m\n\x1b[1;32m      3\x1b[0m top_matches\x1b[38;5;241m.\x1b[39mto_markdown()\n', 'File \x1b[0;32m/usr/local/lib/python3.10/site-packages/bdikit/api.py:133\x1b[0m, in \x1b[0;36mtop_matches\x1b[0;34m(source, columns, target, top_k, method, method_args)\x1b[0m\n\x1b[1;32m    131\x1b[0m     \x1b[38;5;28;01mif\x1b[39;00m method_args \x1b[38;5;129;01mis\x1b[39;00m \x1b[38;5;28;01mNone\x1b[39;00m:\n\x1b[1;32m    132\x1b[0m         method_args \x1b[38;5;241m=\x1b[39m {}\n\x1b[0;32m--> 133\x1b[0m     topk_matcher \x1b[38;5;241m=\x1b[39m \x1b[43mTopkMatchers\x1b[49m\x1b[38;5;241;43m.\x1b[39;49m\x1b[43mget_matcher\x1b[49m\x1b[43m(\x1b[49m\x1b[43mmethod\x1b[49m\x1b[43m,\x1b[49m\x1b[43m \x1b[49m\x1b[38;5;241;43m*\x1b[39;49m\x1b[38;5;241;43m*\x1b[39;49m\x1b[43mmethod_args\x1b[49m\x1b[43m)\x1b[49m\n\x1b[1;32m    134\x1b[0m \x1b[38;5;28;01melif\x1b[39;00m \x1b[38;5;28misinstance\x1b[39m(method, BaseTopkSchemaMatcher):\n\x1b[1;32m    135\x1b[0m     topk_matcher \x1b[38;5;241m=\x1b[39m method\n', 'File \x1b[0;32m/usr/local/lib/python3.10/site-packages/bdikit/schema_matching/topk/matcher_factory.py:31\x1b[0m, in \x1b[0;36mTopkMatchers.get_matcher\x1b[0;34m(matcher_name, **matcher_kwargs)\x1b[0m\n\x1b[1;32m     28\x1b[0m module_path, class_name \x1b[38;5;241m=\x1b[39m matchers[matcher_name]\x1b[38;5;241m.\x1b[39mrsplit(\x1b[38;5;124m"\x1b[39m\x1b[38;5;124m.\x1b[39m\x1b[38;5;124m"\x1b[39m, \x1b[38;5;241m1\x1b[39m)\n\x1b[1;32m     29\x1b[0m module \x1b[38;5;241m=\x1b[39m importlib\x1b[38;5;241m.\x1b[39mimport_module(module_path)\n\x1b[0;32m---> 31\x1b[0m \x1b[38;5;28;01mreturn\x1b[39;00m \x1b[38;5;28;43mgetattr\x1b[39;49m\x1b[43m(\x1b[49m\x1b[43mmodule\x1b[49m\x1b[43m,\x1b[49m\x1b[43m \x1b[49m\x1b[43mclass_name\x1b[49m\x1b[43m)\x1b[49m\x1b[43m(\x1b[49m\x1b[38;5;241;43m*\x1b[39;49m\x1b[38;5;241;43m*\x1b[39;49m\x1b[43mmatcher_kwargs\x1b[49m\x1b[43m)\x1b[49m\n', 'File \x1b[0;32m/usr/local/lib/python3.10/site-packages/bdikit/schema_matching/topk/contrastivelearning.py:60\x1b[0m, in \x1b[0;36mCLTopkSchemaMatcher.__init__\x1b[0;34m(self, model_name, metric)\x1b[0m\n\x1b[1;32m     58\x1b[0m \x1b[38;5;28;01mdef\x1b[39;00m\x1b[38;5;250m \x1b[39m\x1b[38;5;21m__init__\x1b[39m(\x1b[38;5;28mself\x1b[39m, model_name: \x1b[38;5;28mstr\x1b[39m \x1b[38;5;241m=\x1b[39m DEFAULT_CL_MODEL, metric: \x1b[38;5;28mstr\x1b[39m \x1b[38;5;241m=\x1b[39m \x1b[38;5;124m"\x1b[39m\x1b[38;5;124mcosine\x1b[39m\x1b[38;5;124m"\x1b[39m):\n\x1b[1;32m     59\x1b[0m     \x1b[38;5;28msuper\x1b[39m()\x1b[38;5;241m.\x1b[39m\x1b[38;5;21m__init__\x1b[39m(\n\x1b[0;32m---> 60\x1b[0m         column_embedder\x1b[38;5;241m=\x1b[39m\x1b[43mContrastiveLearningAPI\x1b[49m\x1b[43m(\x1b[49m\x1b[43mmodel_name\x1b[49m\x1b[38;5;241;43m=\x1b[39;49m\x1b[43mmodel_name\x1b[49m\x1b[43m)\x1b[49m, metric\x1b[38;5;241m=\x1b[39mmetric\n\x1b[1;32m     61\x1b[0m     )\n', 'File \x1b[0;32m/usr/local/lib/python3.10/site-packages/bdikit/models/contrastive_learning/cl_api.py:45\x1b[0m, in \x1b[0;36mContrastiveLearningAPI.__init__\x1b[0;34m(self, model_path, model_name, batch_size)\x1b[0m\n\x1b[1;32m     43\x1b[0m \x1b[38;5;28mself\x1b[39m\x1b[38;5;241m.\x1b[39mbatch_size \x1b[38;5;241m=\x1b[39m batch_size\n\x1b[1;32m     44\x1b[0m \x1b[38;5;28mself\x1b[39m\x1b[38;5;241m.\x1b[39mdevice \x1b[38;5;241m=\x1b[39m get_device()\n\x1b[0;32m---> 45\x1b[0m \x1b[38;5;28mself\x1b[39m\x1b[38;5;241m.\x1b[39mmodel \x1b[38;5;241m=\x1b[39m \x1b[38;5;28;43mself\x1b[39;49m\x1b[38;5;241;43m.\x1b[39;49m\x1b[43mload_checkpoint\x1b[49m\x1b[43m(\x1b[49m\x1b[43m)\x1b[49m\n', 'File \x1b[0;32m/usr/local/lib/python3.10/site-packages/bdikit/models/contrastive_learning/cl_api.py:48\x1b[0m, in \x1b[0;36mContrastiveLearningAPI.load_checkpoint\x1b[0;34m(self, lm)\x1b[0m\n\x1b[1;32m     47\x1b[0m \x1b[38;5;28;01mdef\x1b[39;00m\x1b[38;5;250m \x1b[39m\x1b[38;5;21mload_checkpoint\x1b[39m(\x1b[38;5;28mself\x1b[39m, lm: \x1b[38;5;28mstr\x1b[39m \x1b[38;5;241m=\x1b[39m \x1b[38;5;124m"\x1b[39m\x1b[38;5;124mroberta\x1b[39m\x1b[38;5;124m"\x1b[39m):\n\x1b[0;32m---> 48\x1b[0m     ckpt \x1b[38;5;241m=\x1b[39m \x1b[43mtorch\x1b[49m\x1b[38;5;241;43m.\x1b[39;49m\x1b[43mload\x1b[49m\x1b[43m(\x1b[49m\x1b[38;5;28;43mself\x1b[39;49m\x1b[38;5;241;43m.\x1b[39;49m\x1b[43mmodel_path\x1b[49m\x1b[43m,\x1b[49m\x1b[43m \x1b[49m\x1b[43mmap_location\x1b[49m\x1b[38;5;241;43m=\x1b[39;49m\x1b[43mtorch\x1b[49m\x1b[38;5;241;43m.\x1b[39;49m\x1b[43mdevice\x1b[49m\x1b[43m(\x1b[49m\x1b[38;5;124;43m"\x1b[39;49m\x1b[38;5;124;43mcpu\x1b[39;49m\x1b[38;5;124;43m"\x1b[39;49m\x1b[43m)\x1b[49m\x1b[43m)\x1b[49m\n\x1b[1;32m     49\x1b[0m     scale_loss \x1b[38;5;241m=\x1b[39m \x1b[38;5;241m0.1\x1b[39m\n\x1b[1;32m     50\x1b[0m     lambd \x1b[38;5;241m=\x1b[39m \x1b[38;5;241m3.9\x1b[39m\n', 'File \x1b[0;32m/usr/local/lib/python3.10/site-packages/torch/serialization.py:1529\x1b[0m, in \x1b[0;36mload\x1b[0;34m(f, map_location, pickle_module, weights_only, mmap, **pickle_load_args)\x1b[0m\n\x1b[1;32m   1521\x1b[0m                 \x1b[38;5;28;01mreturn\x1b[39;00m _load(\n\x1b[1;32m   1522\x1b[0m                     opened_zipfile,\n\x1b[1;32m   1523\x1b[0m                     map_location,\n\x1b[0;32m   (...)\x1b[0m\n\x1b[1;32m   1526\x1b[0m                     \x1b[38;5;241m*\x1b[39m\x1b[38;5;241m*\x1b[39mpickle_load_args,\n\x1b[1;32m   1527\x1b[0m                 )\n\x1b[1;32m   1528\x1b[0m             \x1b[38;5;28;01mexcept\x1b[39;00m pickle\x1b[38;5;241m.\x1b[39mUnpicklingError \x1b[38;5;28;01mas\x1b[39;00m e:\n\x1b[0;32m-> 1529\x1b[0m                 \x1b[38;5;28;01mraise\x1b[39;00m pickle\x1b[38;5;241m.\x1b[39mUnpicklingError(_get_wo_message(\x1b[38;5;28mstr\x1b[39m(e))) \x1b[38;5;28;01mfrom\x1b[39;00m\x1b[38;5;250m \x1b[39m\x1b[38;5;28;01mNone\x1b[39;00m\n\x1b[1;32m   1530\x1b[0m         \x1b[38;5;28;01mreturn\x1b[39;00m _load(\n\x1b[1;32m   1531\x1b[0m             opened_zipfile,\n\x1b[1;32m   1532\x1b[0m             map_location,\n\x1b[0;32m   (...)\x1b[0m\n\x1b[1;32m   1535\x1b[0m             \x1b[38;5;241m*\x1b[39m\x1b[38;5;241m*\x1b[39mpickle_load_args,\n\x1b[1;32m   1536\x1b[0m         )\n\x1b[1;32m   1537\x1b[0m \x1b[38;5;28;01mif\x1b[39;00m mmap:\n', '\x1b[0;31mUnpicklingError\x1b[0m: Weights only load failed. This file can still be loaded, to do so you have two options, \x1b[1mdo those steps only if you trust the source of the checkpoint\x1b[0m. \n\t(1) In PyTorch 2.6, we changed the default value of the `weights_only` argument in `torch.load` from `False` to `True`. Re-running `torch.load` with `weights_only` set to `False` will likely succeed, but it can result in arbitrary code execution. Do it only if you got the file from a trusted source.\n\t(2) Alternatively, to load with `weights_only=True` please check the recommended steps in the following error message.\n\tWeightsUnpickler error: Unsupported global: GLOBAL argparse.Namespace was not an allowed global by default. Please use `torch.serialization.add_safe_globals([argparse.Namespace])` or the `torch.serialization.safe_globals([argparse.Namespace])` context manager to allowlist this global if you trust this class/function.\n\nCheck the documentation of torch.load to learn more about types accepted by default with weights_only https://pytorch.org/docs/stable/generated/torch.load.html.'])
Error: UnpicklingError Weights only load failed. This file can still be loaded, to do so you have two options, [1mdo those steps only if you trust the source of the checkpoint[0m. 
	(1) In PyTorch 2.6, we changed the default value of the `weights_only` argument in `torch.load` from `False` to `True`. Re-running `torch.load` with `weights_only` set to `False` will likely succeed, but it can result in arbitrary code execution. Do it only if you got the file from a trusted source.
	(2) Alternatively, to load with `weights_only=True` please check the recommended steps in the following error message.
	WeightsUnpickler error: Unsupported global: GLOBAL argparse.Namespace was not an allowed global by default. Please use `torch.serialization.add_safe_globals([argparse.Namespace])` or the `torch.serialization.safe_globals([argparse.Namespace])` context manager to allowlist this global if you trust this class/function.

Check the documentation of torch.load to learn more about types accepted by default with weights_only https://pytorch.org/docs/stable/generated/torch.load.html.
Traceback:
[0;31m---------------------------------------------------------------------------[0m
[0;31mUnpicklingError[0m                           Traceback (most recent call last)
Cell [0;32mIn[7], line 2[0m
[1;32m      1[0m [38;5;28;01mimport[39;00m[38;5;250m [39m[38;5;21;01mbdikit[39;00m[38;5;250m [39m[38;5;28;01mas[39;00m[38;5;250m [39m[38;5;21;01mbdi[39;00m
[0;32m----> 2[0m top_matches [38;5;241m=[39m [43mbdi[49m[38;5;241;43m.[39;49m[43mtop_matches[49m[43m([49m[43mdf[49m[43m,[49m[43m [49m[43mcolumns[49m[38;5;241;43m=[39;49m[43m[[49m[38;5;124;43m"[39;49m[38;5;124;43mgender[39;49m[38;5;124;43m"[39;49m[43m][49m[43m,[49m[43m [49m[43mtarget[49m[38;5;241;43m=[39;49m[38;5;124;43m"[39;49m[38;5;124;43mgdc[39;49m[38;5;124;43m"[39;49m[43m)[49m
[1;32m      3[0m top_matches[38;5;241m.[39mto_markdown()

File [0;32m/usr/local/lib/python3.10/site-packages/bdikit/api.py:133[0m, in [0;36mtop_matches[0;34m(source, columns, target, top_k, method, method_args)[0m
[1;32m    131[0m     [38;5;28;01mif[39;00m method_args [38;5;129;01mis[39;00m [38;5;28;01mNone[39;00m:
[1;32m    132[0m         method_args [38;5;241m=[39m {}
[0;32m--> 133[0m     topk_matcher [38;5;241m=[39m [43mTopkMatchers[49m[38;5;241;43m.[39;49m[43mget_matcher[49m[43m([49m[43mmethod[49m[43m,[49m[43m [49m[38;5;241;43m*[39;49m[38;5;241;43m*[39;49m[43mmethod_args[49m[43m)[49m
[1;32m    134[0m [38;5;28;01melif[39;00m [38;5;28misinstance[39m(method, BaseTopkSchemaMatcher):
[1;32m    135[0m     topk_matcher [38;5;241m=[39m method

File [0;32m/usr/local/lib/python3.10/site-packages/bdikit/schema_matching/topk/matcher_factory.py:31[0m, in [0;36mTopkMatchers.get_matcher[0;34m(matcher_name, **matcher_kwargs)[0m
[1;32m     28[0m module_path, class_name [38;5;241m=[39m matchers[matcher_name][38;5;241m.[39mrsplit([38;5;124m"[39m[38;5;124m.[39m[38;5;124m"[39m, [38;5;241m1[39m)
[1;32m     29[0m module [38;5;241m=[39m importlib[38;5;241m.[39mimport_module(module_path)
[0;32m---> 31[0m [38;5;28;01mreturn[39;00m [38;5;28;43mgetattr[39;49m[43m([49m[43mmodule[49m[43m,[49m[43m [49m[43mclass_name[49m[43m)[49m[43m([49m[38;5;241;43m*[39;49m[38;5;241;43m*[39;49m[43mmatcher_kwargs[49m[43m)[49m

File [0;32m/usr/local/lib/python3.10/site-packages/bdikit/schema_matching/topk/contrastivelearning.py:60[0m, in [0;36mCLTopkSchemaMatcher.__init__[0;34m(self, model_name, metric)[0m
[1;32m     58[0m [38;5;28;01mdef[39;00m[38;5;250m [39m[38;5;21m__init__[39m([38;5;28mself[39m, model_name: [38;5;28mstr[39m [38;5;241m=[39m DEFAULT_CL_MODEL, metric: [38;5;28mstr[39m [38;5;241m=[39m [38;5;124m"[39m[38;5;124mcosine[39m[38;5;124m"[39m):
[1;32m     59[0m     [38;5;28msuper[39m()[38;5;241m.[39m[38;5;21m__init__[39m(
[0;32m---> 60[0m         column_embedder[38;5;241m=[39m[43mContrastiveLearningAPI[49m[43m([49m[43mmodel_name[49m[38;5;241;43m=[39;49m[43mmodel_name[49m[43m)[49m, metric[38;5;241m=[39mmetric
[1;32m     61[0m     )

File [0;32m/usr/local/lib/python3.10/site-packages/bdikit/models/contrastive_learning/cl_api.py:45[0m, in [0;36mContrastiveLearningAPI.__init__[0;34m(self, model_path, model_name, batch_size)[0m
[1;32m     43[0m [38;5;28mself[39m[38;5;241m.[39mbatch_size [38;5;241m=[39m batch_size
[1;32m     44[0m [38;5;28mself[39m[38;5;241m.[39mdevice [38;5;241m=[39m get_device()
[0;32m---> 45[0m [38;5;28mself[39m[38;5;241m.[39mmodel [38;5;241m=[39m [38;5;28;43mself[39;49m[38;5;241;43m.[39;49m[43mload_checkpoint[49m[43m([49m[43m)[49m

File [0;32m/usr/local/lib/python3.10/site-packages/bdikit/models/contrastive_learning/cl_api.py:48[0m, in [0;36mContrastiveLearningAPI.load_checkpoint[0;34m(self, lm)[0m
[1;32m     47[0m [38;5;28;01mdef[39;00m[38;5;250m [39m[38;5;21mload_checkpoint[39m([38;5;28mself[39m, lm: [38;5;28mstr[39m [38;5;241m=[39m [38;5;124m"[39m[38;5;124mroberta[39m[38;5;124m"[39m):
[0;32m---> 48[0m     ckpt [38;5;241m=[39m [43mtorch[49m[38;5;241;43m.[39;49m[43mload[49m[43m([49m[38;5;28;43mself[39;49m[38;5;241;43m.[39;49m[43mmodel_path[49m[43m,[49m[43m [49m[43mmap_location[49m[38;5;241;43m=[39;49m[43mtorch[49m[38;5;241;43m.[39;49m[43mdevice[49m[43m([49m[38;5;124;43m"[39;49m[38;5;124;43mcpu[39;49m[38;5;124;43m"[39;49m[43m)[49m[43m)[49m
[1;32m     49[0m     scale_loss [38;5;241m=[39m [38;5;241m0.1[39m
[1;32m     50[0m     lambd [38;5;241m=[39m [38;5;241m3.9[39m

File [0;32m/usr/local/lib/python3.10/site-packages/torch/serialization.py:1529[0m, in [0;36mload[0;34m(f, map_location, pickle_module, weights_only, mmap, **pickle_load_args)[0m
[1;32m   1521[0m                 [38;5;28;01mreturn[39;00m _load(
[1;32m   1522[0m                     opened_zipfile,
[1;32m   1523[0m                     map_location,
[0;32m   (...)[0m
[1;32m   1526[0m                     [38;5;241m*[39m[38;5;241m*[39mpickle_load_args,
[1;32m   1527[0m                 )
[1;32m   1528[0m             [38;5;28;01mexcept[39;00m pickle[38;5;241m.[39mUnpicklingError [38;5;28;01mas[39;00m e:
[0;32m-> 1529[0m                 [38;5;28;01mraise[39;00m pickle[38;5;241m.[39mUnpicklingError(_get_wo_message([38;5;28mstr[39m(e))) [38;5;28;01mfrom[39;00m[38;5;250m [39m[38;5;28;01mNone[39;00m
[1;32m   1530[0m         [38;5;28;01mreturn[39;00m _load(
[1;32m   1531[0m             opened_zipfile,
[1;32m   1532[0m             map_location,
[0;32m   (...)[0m
[1;32m   1535[0m             [38;5;241m*[39m[38;5;241m*[39mpickle_load_args,
[1;32m   1536[0m         )
[1;32m   1537[0m [38;5;28;01mif[39;00m mmap:

[0;31mUnpicklingError[0m: Weights only load failed. This file can still be loaded, to do so you have two options, [1mdo those steps only if you trust the source of the checkpoint[0m. 
	(1) In PyTorch 2.6, we changed the default value of the `weights_only` argument in `torch.load` from `False` to `True`. Re-running `torch.load` with `weights_only` set to `False` will likely succeed, but it can result in arbitrary code execution. Do it only if you got the file from a trusted source.
	(2) Alternatively, to load with `weights_only=True` please check the recommended steps in the following error message.
	WeightsUnpickler error: Unsupported global: GLOBAL argparse.Namespace was not an allowed global by default. Please use `torch.serialization.add_safe_globals([argparse.Namespace])` or the `torch.serialization.safe_globals([argparse.Namespace])` context manager to allowlist this global if you trust this class/function.

Check the documentation of torch.load to learn more about types accepted by default with weights_only https://pytorch.org/docs/stable/generated/torch.load.html.
Uncaught exception in ZMQStream callback
Traceback (most recent call last):
  File "/usr/local/lib/python3.10/site-packages/zmq/eventloop/zmqstream.py", line 565, in _log_error
    f.result()
  File "/usr/local/lib/python3.10/site-packages/beaker_kernel/lib/jupyter_kernel_proxy.py", line 253, in handler
    new_data = await callback(self, other_stream, data)
  File "/usr/local/lib/python3.10/site-packages/beaker_kernel/lib/context.py", line 835, in handle_error
    raise ExecutionError(content["ename"], content["evalue"], content["traceback"])
beaker_kernel.lib.utils.ExecutionError: ('UnpicklingError', 'Weights only load failed. This file can still be loaded, to do so you have two options, \x1b[1mdo those steps only if you trust the source of the checkpoint\x1b[0m. \n\t(1) In PyTorch 2.6, we changed the default value of the `weights_only` argument in `torch.load` from `False` to `True`. Re-running `torch.load` with `weights_only` set to `False` will likely succeed, but it can result in arbitrary code execution. Do it only if you got the file from a trusted source.\n\t(2) Alternatively, to load with `weights_only=True` please check the recommended steps in the following error message.\n\tWeightsUnpickler error: Unsupported global: GLOBAL argparse.Namespace was not an allowed global by default. Please use `torch.serialization.add_safe_globals([argparse.Namespace])` or the `torch.serialization.safe_globals([argparse.Namespace])` context manager to allowlist this global if you trust this class/function.\n\nCheck the documentation of torch.load to learn more about types accepted by default with weights_only https://pytorch.org/docs/stable/generated/torch.load.html.', ['\x1b[0;31m---------------------------------------------------------------------------\x1b[0m', '\x1b[0;31mUnpicklingError\x1b[0m                           Traceback (most recent call last)', 'Cell \x1b[0;32mIn[7], line 2\x1b[0m\n\x1b[1;32m      1\x1b[0m \x1b[38;5;28;01mimport\x1b[39;00m\x1b[38;5;250m \x1b[39m\x1b[38;5;21;01mbdikit\x1b[39;00m\x1b[38;5;250m \x1b[39m\x1b[38;5;28;01mas\x1b[39;00m\x1b[38;5;250m \x1b[39m\x1b[38;5;21;01mbdi\x1b[39;00m\n\x1b[0;32m----> 2\x1b[0m top_matches \x1b[38;5;241m=\x1b[39m \x1b[43mbdi\x1b[49m\x1b[38;5;241;43m.\x1b[39;49m\x1b[43mtop_matches\x1b[49m\x1b[43m(\x1b[49m\x1b[43mdf\x1b[49m\x1b[43m,\x1b[49m\x1b[43m \x1b[49m\x1b[43mcolumns\x1b[49m\x1b[38;5;241;43m=\x1b[39;49m\x1b[43m[\x1b[49m\x1b[38;5;124;43m"\x1b[39;49m\x1b[38;5;124;43mgender\x1b[39;49m\x1b[38;5;124;43m"\x1b[39;49m\x1b[43m]\x1b[49m\x1b[43m,\x1b[49m\x1b[43m \x1b[49m\x1b[43mtarget\x1b[49m\x1b[38;5;241;43m=\x1b[39;49m\x1b[38;5;124;43m"\x1b[39;49m\x1b[38;5;124;43mgdc\x1b[39;49m\x1b[38;5;124;43m"\x1b[39;49m\x1b[43m)\x1b[49m\n\x1b[1;32m      3\x1b[0m top_matches\x1b[38;5;241m.\x1b[39mto_markdown()\n', 'File \x1b[0;32m/usr/local/lib/python3.10/site-packages/bdikit/api.py:133\x1b[0m, in \x1b[0;36mtop_matches\x1b[0;34m(source, columns, target, top_k, method, method_args)\x1b[0m\n\x1b[1;32m    131\x1b[0m     \x1b[38;5;28;01mif\x1b[39;00m method_args \x1b[38;5;129;01mis\x1b[39;00m \x1b[38;5;28;01mNone\x1b[39;00m:\n\x1b[1;32m    132\x1b[0m         method_args \x1b[38;5;241m=\x1b[39m {}\n\x1b[0;32m--> 133\x1b[0m     topk_matcher \x1b[38;5;241m=\x1b[39m \x1b[43mTopkMatchers\x1b[49m\x1b[38;5;241;43m.\x1b[39;49m\x1b[43mget_matcher\x1b[49m\x1b[43m(\x1b[49m\x1b[43mmethod\x1b[49m\x1b[43m,\x1b[49m\x1b[43m \x1b[49m\x1b[38;5;241;43m*\x1b[39;49m\x1b[38;5;241;43m*\x1b[39;49m\x1b[43mmethod_args\x1b[49m\x1b[43m)\x1b[49m\n\x1b[1;32m    134\x1b[0m \x1b[38;5;28;01melif\x1b[39;00m \x1b[38;5;28misinstance\x1b[39m(method, BaseTopkSchemaMatcher):\n\x1b[1;32m    135\x1b[0m     topk_matcher \x1b[38;5;241m=\x1b[39m method\n', 'File \x1b[0;32m/usr/local/lib/python3.10/site-packages/bdikit/schema_matching/topk/matcher_factory.py:31\x1b[0m, in \x1b[0;36mTopkMatchers.get_matcher\x1b[0;34m(matcher_name, **matcher_kwargs)\x1b[0m\n\x1b[1;32m     28\x1b[0m module_path, class_name \x1b[38;5;241m=\x1b[39m matchers[matcher_name]\x1b[38;5;241m.\x1b[39mrsplit(\x1b[38;5;124m"\x1b[39m\x1b[38;5;124m.\x1b[39m\x1b[38;5;124m"\x1b[39m, \x1b[38;5;241m1\x1b[39m)\n\x1b[1;32m     29\x1b[0m module \x1b[38;5;241m=\x1b[39m importlib\x1b[38;5;241m.\x1b[39mimport_module(module_path)\n\x1b[0;32m---> 31\x1b[0m \x1b[38;5;28;01mreturn\x1b[39;00m \x1b[38;5;28;43mgetattr\x1b[39;49m\x1b[43m(\x1b[49m\x1b[43mmodule\x1b[49m\x1b[43m,\x1b[49m\x1b[43m \x1b[49m\x1b[43mclass_name\x1b[49m\x1b[43m)\x1b[49m\x1b[43m(\x1b[49m\x1b[38;5;241;43m*\x1b[39;49m\x1b[38;5;241;43m*\x1b[39;49m\x1b[43mmatcher_kwargs\x1b[49m\x1b[43m)\x1b[49m\n', 'File \x1b[0;32m/usr/local/lib/python3.10/site-packages/bdikit/schema_matching/topk/contrastivelearning.py:60\x1b[0m, in \x1b[0;36mCLTopkSchemaMatcher.__init__\x1b[0;34m(self, model_name, metric)\x1b[0m\n\x1b[1;32m     58\x1b[0m \x1b[38;5;28;01mdef\x1b[39;00m\x1b[38;5;250m \x1b[39m\x1b[38;5;21m__init__\x1b[39m(\x1b[38;5;28mself\x1b[39m, model_name: \x1b[38;5;28mstr\x1b[39m \x1b[38;5;241m=\x1b[39m DEFAULT_CL_MODEL, metric: \x1b[38;5;28mstr\x1b[39m \x1b[38;5;241m=\x1b[39m \x1b[38;5;124m"\x1b[39m\x1b[38;5;124mcosine\x1b[39m\x1b[38;5;124m"\x1b[39m):\n\x1b[1;32m     59\x1b[0m     \x1b[38;5;28msuper\x1b[39m()\x1b[38;5;241m.\x1b[39m\x1b[38;5;21m__init__\x1b[39m(\n\x1b[0;32m---> 60\x1b[0m         column_embedder\x1b[38;5;241m=\x1b[39m\x1b[43mContrastiveLearningAPI\x1b[49m\x1b[43m(\x1b[49m\x1b[43mmodel_name\x1b[49m\x1b[38;5;241;43m=\x1b[39;49m\x1b[43mmodel_name\x1b[49m\x1b[43m)\x1b[49m, metric\x1b[38;5;241m=\x1b[39mmetric\n\x1b[1;32m     61\x1b[0m     )\n', 'File \x1b[0;32m/usr/local/lib/python3.10/site-packages/bdikit/models/contrastive_learning/cl_api.py:45\x1b[0m, in \x1b[0;36mContrastiveLearningAPI.__init__\x1b[0;34m(self, model_path, model_name, batch_size)\x1b[0m\n\x1b[1;32m     43\x1b[0m \x1b[38;5;28mself\x1b[39m\x1b[38;5;241m.\x1b[39mbatch_size \x1b[38;5;241m=\x1b[39m batch_size\n\x1b[1;32m     44\x1b[0m \x1b[38;5;28mself\x1b[39m\x1b[38;5;241m.\x1b[39mdevice \x1b[38;5;241m=\x1b[39m get_device()\n\x1b[0;32m---> 45\x1b[0m \x1b[38;5;28mself\x1b[39m\x1b[38;5;241m.\x1b[39mmodel \x1b[38;5;241m=\x1b[39m \x1b[38;5;28;43mself\x1b[39;49m\x1b[38;5;241;43m.\x1b[39;49m\x1b[43mload_checkpoint\x1b[49m\x1b[43m(\x1b[49m\x1b[43m)\x1b[49m\n', 'File \x1b[0;32m/usr/local/lib/python3.10/site-packages/bdikit/models/contrastive_learning/cl_api.py:48\x1b[0m, in \x1b[0;36mContrastiveLearningAPI.load_checkpoint\x1b[0;34m(self, lm)\x1b[0m\n\x1b[1;32m     47\x1b[0m \x1b[38;5;28;01mdef\x1b[39;00m\x1b[38;5;250m \x1b[39m\x1b[38;5;21mload_checkpoint\x1b[39m(\x1b[38;5;28mself\x1b[39m, lm: \x1b[38;5;28mstr\x1b[39m \x1b[38;5;241m=\x1b[39m \x1b[38;5;124m"\x1b[39m\x1b[38;5;124mroberta\x1b[39m\x1b[38;5;124m"\x1b[39m):\n\x1b[0;32m---> 48\x1b[0m     ckpt \x1b[38;5;241m=\x1b[39m \x1b[43mtorch\x1b[49m\x1b[38;5;241;43m.\x1b[39;49m\x1b[43mload\x1b[49m\x1b[43m(\x1b[49m\x1b[38;5;28;43mself\x1b[39;49m\x1b[38;5;241;43m.\x1b[39;49m\x1b[43mmodel_path\x1b[49m\x1b[43m,\x1b[49m\x1b[43m \x1b[49m\x1b[43mmap_location\x1b[49m\x1b[38;5;241;43m=\x1b[39;49m\x1b[43mtorch\x1b[49m\x1b[38;5;241;43m.\x1b[39;49m\x1b[43mdevice\x1b[49m\x1b[43m(\x1b[49m\x1b[38;5;124;43m"\x1b[39;49m\x1b[38;5;124;43mcpu\x1b[39;49m\x1b[38;5;124;43m"\x1b[39;49m\x1b[43m)\x1b[49m\x1b[43m)\x1b[49m\n\x1b[1;32m     49\x1b[0m     scale_loss \x1b[38;5;241m=\x1b[39m \x1b[38;5;241m0.1\x1b[39m\n\x1b[1;32m     50\x1b[0m     lambd \x1b[38;5;241m=\x1b[39m \x1b[38;5;241m3.9\x1b[39m\n', 'File \x1b[0;32m/usr/local/lib/python3.10/site-packages/torch/serialization.py:1529\x1b[0m, in \x1b[0;36mload\x1b[0;34m(f, map_location, pickle_module, weights_only, mmap, **pickle_load_args)\x1b[0m\n\x1b[1;32m   1521\x1b[0m                 \x1b[38;5;28;01mreturn\x1b[39;00m _load(\n\x1b[1;32m   1522\x1b[0m                     opened_zipfile,\n\x1b[1;32m   1523\x1b[0m                     map_location,\n\x1b[0;32m   (...)\x1b[0m\n\x1b[1;32m   1526\x1b[0m                     \x1b[38;5;241m*\x1b[39m\x1b[38;5;241m*\x1b[39mpickle_load_args,\n\x1b[1;32m   1527\x1b[0m                 )\n\x1b[1;32m   1528\x1b[0m             \x1b[38;5;28;01mexcept\x1b[39;00m pickle\x1b[38;5;241m.\x1b[39mUnpicklingError \x1b[38;5;28;01mas\x1b[39;00m e:\n\x1b[0;32m-> 1529\x1b[0m                 \x1b[38;5;28;01mraise\x1b[39;00m pickle\x1b[38;5;241m.\x1b[39mUnpicklingError(_get_wo_message(\x1b[38;5;28mstr\x1b[39m(e))) \x1b[38;5;28;01mfrom\x1b[39;00m\x1b[38;5;250m \x1b[39m\x1b[38;5;28;01mNone\x1b[39;00m\n\x1b[1;32m   1530\x1b[0m         \x1b[38;5;28;01mreturn\x1b[39;00m _load(\n\x1b[1;32m   1531\x1b[0m             opened_zipfile,\n\x1b[1;32m   1532\x1b[0m             map_location,\n\x1b[0;32m   (...)\x1b[0m\n\x1b[1;32m   1535\x1b[0m             \x1b[38;5;241m*\x1b[39m\x1b[38;5;241m*\x1b[39mpickle_load_args,\n\x1b[1;32m   1536\x1b[0m         )\n\x1b[1;32m   1537\x1b[0m \x1b[38;5;28;01mif\x1b[39;00m mmap:\n', '\x1b[0;31mUnpicklingError\x1b[0m: Weights only load failed. This file can still be loaded, to do so you have two options, \x1b[1mdo those steps only if you trust the source of the checkpoint\x1b[0m. \n\t(1) In PyTorch 2.6, we changed the default value of the `weights_only` argument in `torch.load` from `False` to `True`. Re-running `torch.load` with `weights_only` set to `False` will likely succeed, but it can result in arbitrary code execution. Do it only if you got the file from a trusted source.\n\t(2) Alternatively, to load with `weights_only=True` please check the recommended steps in the following error message.\n\tWeightsUnpickler error: Unsupported global: GLOBAL argparse.Namespace was not an allowed global by default. Please use `torch.serialization.add_safe_globals([argparse.Namespace])` or the `torch.serialization.safe_globals([argparse.Namespace])` context manager to allowlist this global if you trust this class/function.\n\nCheck the documentation of torch.load to learn more about types accepted by default with weights_only https://pytorch.org/docs/stable/generated/torch.load.html.'])
Error: UnpicklingError Weights only load failed. This file can still be loaded, to do so you have two options, [1mdo those steps only if you trust the source of the checkpoint[0m. 
	(1) In PyTorch 2.6, we changed the default value of the `weights_only` argument in `torch.load` from `False` to `True`. Re-running `torch.load` with `weights_only` set to `False` will likely succeed, but it can result in arbitrary code execution. Do it only if you got the file from a trusted source.
	(2) Alternatively, to load with `weights_only=True` please check the recommended steps in the following error message.
	WeightsUnpickler error: Unsupported global: GLOBAL argparse.Namespace was not an allowed global by default. Please use `torch.serialization.add_safe_globals([argparse.Namespace])` or the `torch.serialization.safe_globals([argparse.Namespace])` context manager to allowlist this global if you trust this class/function.

Check the documentation of torch.load to learn more about types accepted by default with weights_only https://pytorch.org/docs/stable/generated/torch.load.html.
Traceback:
[0;31m---------------------------------------------------------------------------[0m
[0;31mUnpicklingError[0m                           Traceback (most recent call last)
Cell [0;32mIn[7], line 2[0m
[1;32m      1[0m [38;5;28;01mimport[39;00m[38;5;250m [39m[38;5;21;01mbdikit[39;00m[38;5;250m [39m[38;5;28;01mas[39;00m[38;5;250m [39m[38;5;21;01mbdi[39;00m
[0;32m----> 2[0m top_matches [38;5;241m=[39m [43mbdi[49m[38;5;241;43m.[39;49m[43mtop_matches[49m[43m([49m[43mdf[49m[43m,[49m[43m [49m[43mcolumns[49m[38;5;241;43m=[39;49m[43m[[49m[38;5;124;43m"[39;49m[38;5;124;43msample_site[39;49m[38;5;124;43m"[39;49m[43m][49m[43m,[49m[43m [49m[43mtarget[49m[38;5;241;43m=[39;49m[38;5;124;43m"[39;49m[38;5;124;43mgdc[39;49m[38;5;124;43m"[39;49m[43m)[49m
[1;32m      3[0m top_matches[38;5;241m.[39mto_markdown()

File [0;32m/usr/local/lib/python3.10/site-packages/bdikit/api.py:133[0m, in [0;36mtop_matches[0;34m(source, columns, target, top_k, method, method_args)[0m
[1;32m    131[0m     [38;5;28;01mif[39;00m method_args [38;5;129;01mis[39;00m [38;5;28;01mNone[39;00m:
[1;32m    132[0m         method_args [38;5;241m=[39m {}
[0;32m--> 133[0m     topk_matcher [38;5;241m=[39m [43mTopkMatchers[49m[38;5;241;43m.[39;49m[43mget_matcher[49m[43m([49m[43mmethod[49m[43m,[49m[43m [49m[38;5;241;43m*[39;49m[38;5;241;43m*[39;49m[43mmethod_args[49m[43m)[49m
[1;32m    134[0m [38;5;28;01melif[39;00m [38;5;28misinstance[39m(method, BaseTopkSchemaMatcher):
[1;32m    135[0m     topk_matcher [38;5;241m=[39m method

File [0;32m/usr/local/lib/python3.10/site-packages/bdikit/schema_matching/topk/matcher_factory.py:31[0m, in [0;36mTopkMatchers.get_matcher[0;34m(matcher_name, **matcher_kwargs)[0m
[1;32m     28[0m module_path, class_name [38;5;241m=[39m matchers[matcher_name][38;5;241m.[39mrsplit([38;5;124m"[39m[38;5;124m.[39m[38;5;124m"[39m, [38;5;241m1[39m)
[1;32m     29[0m module [38;5;241m=[39m importlib[38;5;241m.[39mimport_module(module_path)
[0;32m---> 31[0m [38;5;28;01mreturn[39;00m [38;5;28;43mgetattr[39;49m[43m([49m[43mmodule[49m[43m,[49m[43m [49m[43mclass_name[49m[43m)[49m[43m([49m[38;5;241;43m*[39;49m[38;5;241;43m*[39;49m[43mmatcher_kwargs[49m[43m)[49m

File [0;32m/usr/local/lib/python3.10/site-packages/bdikit/schema_matching/topk/contrastivelearning.py:60[0m, in [0;36mCLTopkSchemaMatcher.__init__[0;34m(self, model_name, metric)[0m
[1;32m     58[0m [38;5;28;01mdef[39;00m[38;5;250m [39m[38;5;21m__init__[39m([38;5;28mself[39m, model_name: [38;5;28mstr[39m [38;5;241m=[39m DEFAULT_CL_MODEL, metric: [38;5;28mstr[39m [38;5;241m=[39m [38;5;124m"[39m[38;5;124mcosine[39m[38;5;124m"[39m):
[1;32m     59[0m     [38;5;28msuper[39m()[38;5;241m.[39m[38;5;21m__init__[39m(
[0;32m---> 60[0m         column_embedder[38;5;241m=[39m[43mContrastiveLearningAPI[49m[43m([49m[43mmodel_name[49m[38;5;241;43m=[39;49m[43mmodel_name[49m[43m)[49m, metric[38;5;241m=[39mmetric
[1;32m     61[0m     )

File [0;32m/usr/local/lib/python3.10/site-packages/bdikit/models/contrastive_learning/cl_api.py:45[0m, in [0;36mContrastiveLearningAPI.__init__[0;34m(self, model_path, model_name, batch_size)[0m
[1;32m     43[0m [38;5;28mself[39m[38;5;241m.[39mbatch_size [38;5;241m=[39m batch_size
[1;32m     44[0m [38;5;28mself[39m[38;5;241m.[39mdevice [38;5;241m=[39m get_device()
[0;32m---> 45[0m [38;5;28mself[39m[38;5;241m.[39mmodel [38;5;241m=[39m [38;5;28;43mself[39;49m[38;5;241;43m.[39;49m[43mload_checkpoint[49m[43m([49m[43m)[49m

File [0;32m/usr/local/lib/python3.10/site-packages/bdikit/models/contrastive_learning/cl_api.py:48[0m, in [0;36mContrastiveLearningAPI.load_checkpoint[0;34m(self, lm)[0m
[1;32m     47[0m [38;5;28;01mdef[39;00m[38;5;250m [39m[38;5;21mload_checkpoint[39m([38;5;28mself[39m, lm: [38;5;28mstr[39m [38;5;241m=[39m [38;5;124m"[39m[38;5;124mroberta[39m[38;5;124m"[39m):
[0;32m---> 48[0m     ckpt [38;5;241m=[39m [43mtorch[49m[38;5;241;43m.[39;49m[43mload[49m[43m([49m[38;5;28;43mself[39;49m[38;5;241;43m.[39;49m[43mmodel_path[49m[43m,[49m[43m [49m[43mmap_location[49m[38;5;241;43m=[39;49m[43mtorch[49m[38;5;241;43m.[39;49m[43mdevice[49m[43m([49m[38;5;124;43m"[39;49m[38;5;124;43mcpu[39;49m[38;5;124;43m"[39;49m[43m)[49m[43m)[49m
[1;32m     49[0m     scale_loss [38;5;241m=[39m [38;5;241m0.1[39m
[1;32m     50[0m     lambd [38;5;241m=[39m [38;5;241m3.9[39m

File [0;32m/usr/local/lib/python3.10/site-packages/torch/serialization.py:1529[0m, in [0;36mload[0;34m(f, map_location, pickle_module, weights_only, mmap, **pickle_load_args)[0m
[1;32m   1521[0m                 [38;5;28;01mreturn[39;00m _load(
[1;32m   1522[0m                     opened_zipfile,
[1;32m   1523[0m                     map_location,
[0;32m   (...)[0m
[1;32m   1526[0m                     [38;5;241m*[39m[38;5;241m*[39mpickle_load_args,
[1;32m   1527[0m                 )
[1;32m   1528[0m             [38;5;28;01mexcept[39;00m pickle[38;5;241m.[39mUnpicklingError [38;5;28;01mas[39;00m e:
[0;32m-> 1529[0m                 [38;5;28;01mraise[39;00m pickle[38;5;241m.[39mUnpicklingError(_get_wo_message([38;5;28mstr[39m(e))) [38;5;28;01mfrom[39;00m[38;5;250m [39m[38;5;28;01mNone[39;00m
[1;32m   1530[0m         [38;5;28;01mreturn[39;00m _load(
[1;32m   1531[0m             opened_zipfile,
[1;32m   1532[0m             map_location,
[0;32m   (...)[0m
[1;32m   1535[0m             [38;5;241m*[39m[38;5;241m*[39mpickle_load_args,
[1;32m   1536[0m         )
[1;32m   1537[0m [38;5;28;01mif[39;00m mmap:

[0;31mUnpicklingError[0m: Weights only load failed. This file can still be loaded, to do so you have two options, [1mdo those steps only if you trust the source of the checkpoint[0m. 
	(1) In PyTorch 2.6, we changed the default value of the `weights_only` argument in `torch.load` from `False` to `True`. Re-running `torch.load` with `weights_only` set to `False` will likely succeed, but it can result in arbitrary code execution. Do it only if you got the file from a trusted source.
	(2) Alternatively, to load with `weights_only=True` please check the recommended steps in the following error message.
	WeightsUnpickler error: Unsupported global: GLOBAL argparse.Namespace was not an allowed global by default. Please use `torch.serialization.add_safe_globals([argparse.Namespace])` or the `torch.serialization.safe_globals([argparse.Namespace])` context manager to allowlist this global if you trust this class/function.

Check the documentation of torch.load to learn more about types accepted by default with weights_only https://pytorch.org/docs/stable/generated/torch.load.html.
Uncaught exception in ZMQStream callback
Traceback (most recent call last):
  File "/usr/local/lib/python3.10/site-packages/zmq/eventloop/zmqstream.py", line 565, in _log_error
    f.result()
  File "/usr/local/lib/python3.10/site-packages/beaker_kernel/lib/jupyter_kernel_proxy.py", line 253, in handler
    new_data = await callback(self, other_stream, data)
  File "/usr/local/lib/python3.10/site-packages/beaker_kernel/lib/context.py", line 835, in handle_error
    raise ExecutionError(content["ename"], content["evalue"], content["traceback"])
beaker_kernel.lib.utils.ExecutionError: ('UnpicklingError', 'Weights only load failed. This file can still be loaded, to do so you have two options, \x1b[1mdo those steps only if you trust the source of the checkpoint\x1b[0m. \n\t(1) In PyTorch 2.6, we changed the default value of the `weights_only` argument in `torch.load` from `False` to `True`. Re-running `torch.load` with `weights_only` set to `False` will likely succeed, but it can result in arbitrary code execution. Do it only if you got the file from a trusted source.\n\t(2) Alternatively, to load with `weights_only=True` please check the recommended steps in the following error message.\n\tWeightsUnpickler error: Unsupported global: GLOBAL argparse.Namespace was not an allowed global by default. Please use `torch.serialization.add_safe_globals([argparse.Namespace])` or the `torch.serialization.safe_globals([argparse.Namespace])` context manager to allowlist this global if you trust this class/function.\n\nCheck the documentation of torch.load to learn more about types accepted by default with weights_only https://pytorch.org/docs/stable/generated/torch.load.html.', ['\x1b[0;31m---------------------------------------------------------------------------\x1b[0m', '\x1b[0;31mUnpicklingError\x1b[0m                           Traceback (most recent call last)', 'Cell \x1b[0;32mIn[7], line 2\x1b[0m\n\x1b[1;32m      1\x1b[0m \x1b[38;5;28;01mimport\x1b[39;00m\x1b[38;5;250m \x1b[39m\x1b[38;5;21;01mbdikit\x1b[39;00m\x1b[38;5;250m \x1b[39m\x1b[38;5;28;01mas\x1b[39;00m\x1b[38;5;250m \x1b[39m\x1b[38;5;21;01mbdi\x1b[39;00m\n\x1b[0;32m----> 2\x1b[0m top_matches \x1b[38;5;241m=\x1b[39m \x1b[43mbdi\x1b[49m\x1b[38;5;241;43m.\x1b[39;49m\x1b[43mtop_matches\x1b[49m\x1b[43m(\x1b[49m\x1b[43mdf\x1b[49m\x1b[43m,\x1b[49m\x1b[43m \x1b[49m\x1b[43mcolumns\x1b[49m\x1b[38;5;241;43m=\x1b[39;49m\x1b[43m[\x1b[49m\x1b[38;5;124;43m"\x1b[39;49m\x1b[38;5;124;43msample_site\x1b[39;49m\x1b[38;5;124;43m"\x1b[39;49m\x1b[43m]\x1b[49m\x1b[43m,\x1b[49m\x1b[43m \x1b[49m\x1b[43mtarget\x1b[49m\x1b[38;5;241;43m=\x1b[39;49m\x1b[38;5;124;43m"\x1b[39;49m\x1b[38;5;124;43mgdc\x1b[39;49m\x1b[38;5;124;43m"\x1b[39;49m\x1b[43m)\x1b[49m\n\x1b[1;32m      3\x1b[0m top_matches\x1b[38;5;241m.\x1b[39mto_markdown()\n', 'File \x1b[0;32m/usr/local/lib/python3.10/site-packages/bdikit/api.py:133\x1b[0m, in \x1b[0;36mtop_matches\x1b[0;34m(source, columns, target, top_k, method, method_args)\x1b[0m\n\x1b[1;32m    131\x1b[0m     \x1b[38;5;28;01mif\x1b[39;00m method_args \x1b[38;5;129;01mis\x1b[39;00m \x1b[38;5;28;01mNone\x1b[39;00m:\n\x1b[1;32m    132\x1b[0m         method_args \x1b[38;5;241m=\x1b[39m {}\n\x1b[0;32m--> 133\x1b[0m     topk_matcher \x1b[38;5;241m=\x1b[39m \x1b[43mTopkMatchers\x1b[49m\x1b[38;5;241;43m.\x1b[39;49m\x1b[43mget_matcher\x1b[49m\x1b[43m(\x1b[49m\x1b[43mmethod\x1b[49m\x1b[43m,\x1b[49m\x1b[43m \x1b[49m\x1b[38;5;241;43m*\x1b[39;49m\x1b[38;5;241;43m*\x1b[39;49m\x1b[43mmethod_args\x1b[49m\x1b[43m)\x1b[49m\n\x1b[1;32m    134\x1b[0m \x1b[38;5;28;01melif\x1b[39;00m \x1b[38;5;28misinstance\x1b[39m(method, BaseTopkSchemaMatcher):\n\x1b[1;32m    135\x1b[0m     topk_matcher \x1b[38;5;241m=\x1b[39m method\n', 'File \x1b[0;32m/usr/local/lib/python3.10/site-packages/bdikit/schema_matching/topk/matcher_factory.py:31\x1b[0m, in \x1b[0;36mTopkMatchers.get_matcher\x1b[0;34m(matcher_name, **matcher_kwargs)\x1b[0m\n\x1b[1;32m     28\x1b[0m module_path, class_name \x1b[38;5;241m=\x1b[39m matchers[matcher_name]\x1b[38;5;241m.\x1b[39mrsplit(\x1b[38;5;124m"\x1b[39m\x1b[38;5;124m.\x1b[39m\x1b[38;5;124m"\x1b[39m, \x1b[38;5;241m1\x1b[39m)\n\x1b[1;32m     29\x1b[0m module \x1b[38;5;241m=\x1b[39m importlib\x1b[38;5;241m.\x1b[39mimport_module(module_path)\n\x1b[0;32m---> 31\x1b[0m \x1b[38;5;28;01mreturn\x1b[39;00m \x1b[38;5;28;43mgetattr\x1b[39;49m\x1b[43m(\x1b[49m\x1b[43mmodule\x1b[49m\x1b[43m,\x1b[49m\x1b[43m \x1b[49m\x1b[43mclass_name\x1b[49m\x1b[43m)\x1b[49m\x1b[43m(\x1b[49m\x1b[38;5;241;43m*\x1b[39;49m\x1b[38;5;241;43m*\x1b[39;49m\x1b[43mmatcher_kwargs\x1b[49m\x1b[43m)\x1b[49m\n', 'File \x1b[0;32m/usr/local/lib/python3.10/site-packages/bdikit/schema_matching/topk/contrastivelearning.py:60\x1b[0m, in \x1b[0;36mCLTopkSchemaMatcher.__init__\x1b[0;34m(self, model_name, metric)\x1b[0m\n\x1b[1;32m     58\x1b[0m \x1b[38;5;28;01mdef\x1b[39;00m\x1b[38;5;250m \x1b[39m\x1b[38;5;21m__init__\x1b[39m(\x1b[38;5;28mself\x1b[39m, model_name: \x1b[38;5;28mstr\x1b[39m \x1b[38;5;241m=\x1b[39m DEFAULT_CL_MODEL, metric: \x1b[38;5;28mstr\x1b[39m \x1b[38;5;241m=\x1b[39m \x1b[38;5;124m"\x1b[39m\x1b[38;5;124mcosine\x1b[39m\x1b[38;5;124m"\x1b[39m):\n\x1b[1;32m     59\x1b[0m     \x1b[38;5;28msuper\x1b[39m()\x1b[38;5;241m.\x1b[39m\x1b[38;5;21m__init__\x1b[39m(\n\x1b[0;32m---> 60\x1b[0m         column_embedder\x1b[38;5;241m=\x1b[39m\x1b[43mContrastiveLearningAPI\x1b[49m\x1b[43m(\x1b[49m\x1b[43mmodel_name\x1b[49m\x1b[38;5;241;43m=\x1b[39;49m\x1b[43mmodel_name\x1b[49m\x1b[43m)\x1b[49m, metric\x1b[38;5;241m=\x1b[39mmetric\n\x1b[1;32m     61\x1b[0m     )\n', 'File \x1b[0;32m/usr/local/lib/python3.10/site-packages/bdikit/models/contrastive_learning/cl_api.py:45\x1b[0m, in \x1b[0;36mContrastiveLearningAPI.__init__\x1b[0;34m(self, model_path, model_name, batch_size)\x1b[0m\n\x1b[1;32m     43\x1b[0m \x1b[38;5;28mself\x1b[39m\x1b[38;5;241m.\x1b[39mbatch_size \x1b[38;5;241m=\x1b[39m batch_size\n\x1b[1;32m     44\x1b[0m \x1b[38;5;28mself\x1b[39m\x1b[38;5;241m.\x1b[39mdevice \x1b[38;5;241m=\x1b[39m get_device()\n\x1b[0;32m---> 45\x1b[0m \x1b[38;5;28mself\x1b[39m\x1b[38;5;241m.\x1b[39mmodel \x1b[38;5;241m=\x1b[39m \x1b[38;5;28;43mself\x1b[39;49m\x1b[38;5;241;43m.\x1b[39;49m\x1b[43mload_checkpoint\x1b[49m\x1b[43m(\x1b[49m\x1b[43m)\x1b[49m\n', 'File \x1b[0;32m/usr/local/lib/python3.10/site-packages/bdikit/models/contrastive_learning/cl_api.py:48\x1b[0m, in \x1b[0;36mContrastiveLearningAPI.load_checkpoint\x1b[0;34m(self, lm)\x1b[0m\n\x1b[1;32m     47\x1b[0m \x1b[38;5;28;01mdef\x1b[39;00m\x1b[38;5;250m \x1b[39m\x1b[38;5;21mload_checkpoint\x1b[39m(\x1b[38;5;28mself\x1b[39m, lm: \x1b[38;5;28mstr\x1b[39m \x1b[38;5;241m=\x1b[39m \x1b[38;5;124m"\x1b[39m\x1b[38;5;124mroberta\x1b[39m\x1b[38;5;124m"\x1b[39m):\n\x1b[0;32m---> 48\x1b[0m     ckpt \x1b[38;5;241m=\x1b[39m \x1b[43mtorch\x1b[49m\x1b[38;5;241;43m.\x1b[39;49m\x1b[43mload\x1b[49m\x1b[43m(\x1b[49m\x1b[38;5;28;43mself\x1b[39;49m\x1b[38;5;241;43m.\x1b[39;49m\x1b[43mmodel_path\x1b[49m\x1b[43m,\x1b[49m\x1b[43m \x1b[49m\x1b[43mmap_location\x1b[49m\x1b[38;5;241;43m=\x1b[39;49m\x1b[43mtorch\x1b[49m\x1b[38;5;241;43m.\x1b[39;49m\x1b[43mdevice\x1b[49m\x1b[43m(\x1b[49m\x1b[38;5;124;43m"\x1b[39;49m\x1b[38;5;124;43mcpu\x1b[39;49m\x1b[38;5;124;43m"\x1b[39;49m\x1b[43m)\x1b[49m\x1b[43m)\x1b[49m\n\x1b[1;32m     49\x1b[0m     scale_loss \x1b[38;5;241m=\x1b[39m \x1b[38;5;241m0.1\x1b[39m\n\x1b[1;32m     50\x1b[0m     lambd \x1b[38;5;241m=\x1b[39m \x1b[38;5;241m3.9\x1b[39m\n', 'File \x1b[0;32m/usr/local/lib/python3.10/site-packages/torch/serialization.py:1529\x1b[0m, in \x1b[0;36mload\x1b[0;34m(f, map_location, pickle_module, weights_only, mmap, **pickle_load_args)\x1b[0m\n\x1b[1;32m   1521\x1b[0m                 \x1b[38;5;28;01mreturn\x1b[39;00m _load(\n\x1b[1;32m   1522\x1b[0m                     opened_zipfile,\n\x1b[1;32m   1523\x1b[0m                     map_location,\n\x1b[0;32m   (...)\x1b[0m\n\x1b[1;32m   1526\x1b[0m                     \x1b[38;5;241m*\x1b[39m\x1b[38;5;241m*\x1b[39mpickle_load_args,\n\x1b[1;32m   1527\x1b[0m                 )\n\x1b[1;32m   1528\x1b[0m             \x1b[38;5;28;01mexcept\x1b[39;00m pickle\x1b[38;5;241m.\x1b[39mUnpicklingError \x1b[38;5;28;01mas\x1b[39;00m e:\n\x1b[0;32m-> 1529\x1b[0m                 \x1b[38;5;28;01mraise\x1b[39;00m pickle\x1b[38;5;241m.\x1b[39mUnpicklingError(_get_wo_message(\x1b[38;5;28mstr\x1b[39m(e))) \x1b[38;5;28;01mfrom\x1b[39;00m\x1b[38;5;250m \x1b[39m\x1b[38;5;28;01mNone\x1b[39;00m\n\x1b[1;32m   1530\x1b[0m         \x1b[38;5;28;01mreturn\x1b[39;00m _load(\n\x1b[1;32m   1531\x1b[0m             opened_zipfile,\n\x1b[1;32m   1532\x1b[0m             map_location,\n\x1b[0;32m   (...)\x1b[0m\n\x1b[1;32m   1535\x1b[0m             \x1b[38;5;241m*\x1b[39m\x1b[38;5;241m*\x1b[39mpickle_load_args,\n\x1b[1;32m   1536\x1b[0m         )\n\x1b[1;32m   1537\x1b[0m \x1b[38;5;28;01mif\x1b[39;00m mmap:\n', '\x1b[0;31mUnpicklingError\x1b[0m: Weights only load failed. This file can still be loaded, to do so you have two options, \x1b[1mdo those steps only if you trust the source of the checkpoint\x1b[0m. \n\t(1) In PyTorch 2.6, we changed the default value of the `weights_only` argument in `torch.load` from `False` to `True`. Re-running `torch.load` with `weights_only` set to `False` will likely succeed, but it can result in arbitrary code execution. Do it only if you got the file from a trusted source.\n\t(2) Alternatively, to load with `weights_only=True` please check the recommended steps in the following error message.\n\tWeightsUnpickler error: Unsupported global: GLOBAL argparse.Namespace was not an allowed global by default. Please use `torch.serialization.add_safe_globals([argparse.Namespace])` or the `torch.serialization.safe_globals([argparse.Namespace])` context manager to allowlist this global if you trust this class/function.\n\nCheck the documentation of torch.load to learn more about types accepted by default with weights_only https://pytorch.org/docs/stable/generated/torch.load.html.'])
Error: UnpicklingError Weights only load failed. This file can still be loaded, to do so you have two options, [1mdo those steps only if you trust the source of the checkpoint[0m. 
	(1) In PyTorch 2.6, we changed the default value of the `weights_only` argument in `torch.load` from `False` to `True`. Re-running `torch.load` with `weights_only` set to `False` will likely succeed, but it can result in arbitrary code execution. Do it only if you got the file from a trusted source.
	(2) Alternatively, to load with `weights_only=True` please check the recommended steps in the following error message.
	WeightsUnpickler error: Unsupported global: GLOBAL argparse.Namespace was not an allowed global by default. Please use `torch.serialization.add_safe_globals([argparse.Namespace])` or the `torch.serialization.safe_globals([argparse.Namespace])` context manager to allowlist this global if you trust this class/function.

Check the documentation of torch.load to learn more about types accepted by default with weights_only https://pytorch.org/docs/stable/generated/torch.load.html.
Traceback:
[0;31m---------------------------------------------------------------------------[0m
[0;31mUnpicklingError[0m                           Traceback (most recent call last)
Cell [0;32mIn[7], line 2[0m
[1;32m      1[0m [38;5;28;01mimport[39;00m[38;5;250m [39m[38;5;21;01mbdikit[39;00m[38;5;250m [39m[38;5;28;01mas[39;00m[38;5;250m [39m[38;5;21;01mbdi[39;00m
[0;32m----> 2[0m top_matches [38;5;241m=[39m [43mbdi[49m[38;5;241;43m.[39;49m[43mtop_matches[49m[43m([49m[43mdf[49m[43m,[49m[43m [49m[43mcolumns[49m[38;5;241;43m=[39;49m[43m[[49m[38;5;124;43m"[39;49m[38;5;124;43mdiagnosis[39;49m[38;5;124;43m"[39;49m[43m][49m[43m,[49m[43m [49m[43mtarget[49m[38;5;241;43m=[39;49m[38;5;124;43m"[39;49m[38;5;124;43mgdc[39;49m[38;5;124;43m"[39;49m[43m)[49m
[1;32m      3[0m top_matches[38;5;241m.[39mto_markdown()

File [0;32m/usr/local/lib/python3.10/site-packages/bdikit/api.py:133[0m, in [0;36mtop_matches[0;34m(source, columns, target, top_k, method, method_args)[0m
[1;32m    131[0m     [38;5;28;01mif[39;00m method_args [38;5;129;01mis[39;00m [38;5;28;01mNone[39;00m:
[1;32m    132[0m         method_args [38;5;241m=[39m {}
[0;32m--> 133[0m     topk_matcher [38;5;241m=[39m [43mTopkMatchers[49m[38;5;241;43m.[39;49m[43mget_matcher[49m[43m([49m[43mmethod[49m[43m,[49m[43m [49m[38;5;241;43m*[39;49m[38;5;241;43m*[39;49m[43mmethod_args[49m[43m)[49m
[1;32m    134[0m [38;5;28;01melif[39;00m [38;5;28misinstance[39m(method, BaseTopkSchemaMatcher):
[1;32m    135[0m     topk_matcher [38;5;241m=[39m method

File [0;32m/usr/local/lib/python3.10/site-packages/bdikit/schema_matching/topk/matcher_factory.py:31[0m, in [0;36mTopkMatchers.get_matcher[0;34m(matcher_name, **matcher_kwargs)[0m
[1;32m     28[0m module_path, class_name [38;5;241m=[39m matchers[matcher_name][38;5;241m.[39mrsplit([38;5;124m"[39m[38;5;124m.[39m[38;5;124m"[39m, [38;5;241m1[39m)
[1;32m     29[0m module [38;5;241m=[39m importlib[38;5;241m.[39mimport_module(module_path)
[0;32m---> 31[0m [38;5;28;01mreturn[39;00m [38;5;28;43mgetattr[39;49m[43m([49m[43mmodule[49m[43m,[49m[43m [49m[43mclass_name[49m[43m)[49m[43m([49m[38;5;241;43m*[39;49m[38;5;241;43m*[39;49m[43mmatcher_kwargs[49m[43m)[49m

File [0;32m/usr/local/lib/python3.10/site-packages/bdikit/schema_matching/topk/contrastivelearning.py:60[0m, in [0;36mCLTopkSchemaMatcher.__init__[0;34m(self, model_name, metric)[0m
[1;32m     58[0m [38;5;28;01mdef[39;00m[38;5;250m [39m[38;5;21m__init__[39m([38;5;28mself[39m, model_name: [38;5;28mstr[39m [38;5;241m=[39m DEFAULT_CL_MODEL, metric: [38;5;28mstr[39m [38;5;241m=[39m [38;5;124m"[39m[38;5;124mcosine[39m[38;5;124m"[39m):
[1;32m     59[0m     [38;5;28msuper[39m()[38;5;241m.[39m[38;5;21m__init__[39m(
[0;32m---> 60[0m         column_embedder[38;5;241m=[39m[43mContrastiveLearningAPI[49m[43m([49m[43mmodel_name[49m[38;5;241;43m=[39;49m[43mmodel_name[49m[43m)[49m, metric[38;5;241m=[39mmetric
[1;32m     61[0m     )

File [0;32m/usr/local/lib/python3.10/site-packages/bdikit/models/contrastive_learning/cl_api.py:45[0m, in [0;36mContrastiveLearningAPI.__init__[0;34m(self, model_path, model_name, batch_size)[0m
[1;32m     43[0m [38;5;28mself[39m[38;5;241m.[39mbatch_size [38;5;241m=[39m batch_size
[1;32m     44[0m [38;5;28mself[39m[38;5;241m.[39mdevice [38;5;241m=[39m get_device()
[0;32m---> 45[0m [38;5;28mself[39m[38;5;241m.[39mmodel [38;5;241m=[39m [38;5;28;43mself[39;49m[38;5;241;43m.[39;49m[43mload_checkpoint[49m[43m([49m[43m)[49m

File [0;32m/usr/local/lib/python3.10/site-packages/bdikit/models/contrastive_learning/cl_api.py:48[0m, in [0;36mContrastiveLearningAPI.load_checkpoint[0;34m(self, lm)[0m
[1;32m     47[0m [38;5;28;01mdef[39;00m[38;5;250m [39m[38;5;21mload_checkpoint[39m([38;5;28mself[39m, lm: [38;5;28mstr[39m [38;5;241m=[39m [38;5;124m"[39m[38;5;124mroberta[39m[38;5;124m"[39m):
[0;32m---> 48[0m     ckpt [38;5;241m=[39m [43mtorch[49m[38;5;241;43m.[39;49m[43mload[49m[43m([49m[38;5;28;43mself[39;49m[38;5;241;43m.[39;49m[43mmodel_path[49m[43m,[49m[43m [49m[43mmap_location[49m[38;5;241;43m=[39;49m[43mtorch[49m[38;5;241;43m.[39;49m[43mdevice[49m[43m([49m[38;5;124;43m"[39;49m[38;5;124;43mcpu[39;49m[38;5;124;43m"[39;49m[43m)[49m[43m)[49m
[1;32m     49[0m     scale_loss [38;5;241m=[39m [38;5;241m0.1[39m
[1;32m     50[0m     lambd [38;5;241m=[39m [38;5;241m3.9[39m

File [0;32m/usr/local/lib/python3.10/site-packages/torch/serialization.py:1529[0m, in [0;36mload[0;34m(f, map_location, pickle_module, weights_only, mmap, **pickle_load_args)[0m
[1;32m   1521[0m                 [38;5;28;01mreturn[39;00m _load(
[1;32m   1522[0m                     opened_zipfile,
[1;32m   1523[0m                     map_location,
[0;32m   (...)[0m
[1;32m   1526[0m                     [38;5;241m*[39m[38;5;241m*[39mpickle_load_args,
[1;32m   1527[0m                 )
[1;32m   1528[0m             [38;5;28;01mexcept[39;00m pickle[38;5;241m.[39mUnpicklingError [38;5;28;01mas[39;00m e:
[0;32m-> 1529[0m                 [38;5;28;01mraise[39;00m pickle[38;5;241m.[39mUnpicklingError(_get_wo_message([38;5;28mstr[39m(e))) [38;5;28;01mfrom[39;00m[38;5;250m [39m[38;5;28;01mNone[39;00m
[1;32m   1530[0m         [38;5;28;01mreturn[39;00m _load(
[1;32m   1531[0m             opened_zipfile,
[1;32m   1532[0m             map_location,
[0;32m   (...)[0m
[1;32m   1535[0m             [38;5;241m*[39m[38;5;241m*[39mpickle_load_args,
[1;32m   1536[0m         )
[1;32m   1537[0m [38;5;28;01mif[39;00m mmap:

[0;31mUnpicklingError[0m: Weights only load failed. This file can still be loaded, to do so you have two options, [1mdo those steps only if you trust the source of the checkpoint[0m. 
	(1) In PyTorch 2.6, we changed the default value of the `weights_only` argument in `torch.load` from `False` to `True`. Re-running `torch.load` with `weights_only` set to `False` will likely succeed, but it can result in arbitrary code execution. Do it only if you got the file from a trusted source.
	(2) Alternatively, to load with `weights_only=True` please check the recommended steps in the following error message.
	WeightsUnpickler error: Unsupported global: GLOBAL argparse.Namespace was not an allowed global by default. Please use `torch.serialization.add_safe_globals([argparse.Namespace])` or the `torch.serialization.safe_globals([argparse.Namespace])` context manager to allowlist this global if you trust this class/function.

Check the documentation of torch.load to learn more about types accepted by default with weights_only https://pytorch.org/docs/stable/generated/torch.load.html.
Uncaught exception in ZMQStream callback
Traceback (most recent call last):
  File "/usr/local/lib/python3.10/site-packages/zmq/eventloop/zmqstream.py", line 565, in _log_error
    f.result()
  File "/usr/local/lib/python3.10/site-packages/beaker_kernel/lib/jupyter_kernel_proxy.py", line 253, in handler
    new_data = await callback(self, other_stream, data)
  File "/usr/local/lib/python3.10/site-packages/beaker_kernel/lib/context.py", line 835, in handle_error
    raise ExecutionError(content["ename"], content["evalue"], content["traceback"])
beaker_kernel.lib.utils.ExecutionError: ('UnpicklingError', 'Weights only load failed. This file can still be loaded, to do so you have two options, \x1b[1mdo those steps only if you trust the source of the checkpoint\x1b[0m. \n\t(1) In PyTorch 2.6, we changed the default value of the `weights_only` argument in `torch.load` from `False` to `True`. Re-running `torch.load` with `weights_only` set to `False` will likely succeed, but it can result in arbitrary code execution. Do it only if you got the file from a trusted source.\n\t(2) Alternatively, to load with `weights_only=True` please check the recommended steps in the following error message.\n\tWeightsUnpickler error: Unsupported global: GLOBAL argparse.Namespace was not an allowed global by default. Please use `torch.serialization.add_safe_globals([argparse.Namespace])` or the `torch.serialization.safe_globals([argparse.Namespace])` context manager to allowlist this global if you trust this class/function.\n\nCheck the documentation of torch.load to learn more about types accepted by default with weights_only https://pytorch.org/docs/stable/generated/torch.load.html.', ['\x1b[0;31m---------------------------------------------------------------------------\x1b[0m', '\x1b[0;31mUnpicklingError\x1b[0m                           Traceback (most recent call last)', 'Cell \x1b[0;32mIn[7], line 2\x1b[0m\n\x1b[1;32m      1\x1b[0m \x1b[38;5;28;01mimport\x1b[39;00m\x1b[38;5;250m \x1b[39m\x1b[38;5;21;01mbdikit\x1b[39;00m\x1b[38;5;250m \x1b[39m\x1b[38;5;28;01mas\x1b[39;00m\x1b[38;5;250m \x1b[39m\x1b[38;5;21;01mbdi\x1b[39;00m\n\x1b[0;32m----> 2\x1b[0m top_matches \x1b[38;5;241m=\x1b[39m \x1b[43mbdi\x1b[49m\x1b[38;5;241;43m.\x1b[39;49m\x1b[43mtop_matches\x1b[49m\x1b[43m(\x1b[49m\x1b[43mdf\x1b[49m\x1b[43m,\x1b[49m\x1b[43m \x1b[49m\x1b[43mcolumns\x1b[49m\x1b[38;5;241;43m=\x1b[39;49m\x1b[43m[\x1b[49m\x1b[38;5;124;43m"\x1b[39;49m\x1b[38;5;124;43mdiagnosis\x1b[39;49m\x1b[38;5;124;43m"\x1b[39;49m\x1b[43m]\x1b[49m\x1b[43m,\x1b[49m\x1b[43m \x1b[49m\x1b[43mtarget\x1b[49m\x1b[38;5;241;43m=\x1b[39;49m\x1b[38;5;124;43m"\x1b[39;49m\x1b[38;5;124;43mgdc\x1b[39;49m\x1b[38;5;124;43m"\x1b[39;49m\x1b[43m)\x1b[49m\n\x1b[1;32m      3\x1b[0m top_matches\x1b[38;5;241m.\x1b[39mto_markdown()\n', 'File \x1b[0;32m/usr/local/lib/python3.10/site-packages/bdikit/api.py:133\x1b[0m, in \x1b[0;36mtop_matches\x1b[0;34m(source, columns, target, top_k, method, method_args)\x1b[0m\n\x1b[1;32m    131\x1b[0m     \x1b[38;5;28;01mif\x1b[39;00m method_args \x1b[38;5;129;01mis\x1b[39;00m \x1b[38;5;28;01mNone\x1b[39;00m:\n\x1b[1;32m    132\x1b[0m         method_args \x1b[38;5;241m=\x1b[39m {}\n\x1b[0;32m--> 133\x1b[0m     topk_matcher \x1b[38;5;241m=\x1b[39m \x1b[43mTopkMatchers\x1b[49m\x1b[38;5;241;43m.\x1b[39;49m\x1b[43mget_matcher\x1b[49m\x1b[43m(\x1b[49m\x1b[43mmethod\x1b[49m\x1b[43m,\x1b[49m\x1b[43m \x1b[49m\x1b[38;5;241;43m*\x1b[39;49m\x1b[38;5;241;43m*\x1b[39;49m\x1b[43mmethod_args\x1b[49m\x1b[43m)\x1b[49m\n\x1b[1;32m    134\x1b[0m \x1b[38;5;28;01melif\x1b[39;00m \x1b[38;5;28misinstance\x1b[39m(method, BaseTopkSchemaMatcher):\n\x1b[1;32m    135\x1b[0m     topk_matcher \x1b[38;5;241m=\x1b[39m method\n', 'File \x1b[0;32m/usr/local/lib/python3.10/site-packages/bdikit/schema_matching/topk/matcher_factory.py:31\x1b[0m, in \x1b[0;36mTopkMatchers.get_matcher\x1b[0;34m(matcher_name, **matcher_kwargs)\x1b[0m\n\x1b[1;32m     28\x1b[0m module_path, class_name \x1b[38;5;241m=\x1b[39m matchers[matcher_name]\x1b[38;5;241m.\x1b[39mrsplit(\x1b[38;5;124m"\x1b[39m\x1b[38;5;124m.\x1b[39m\x1b[38;5;124m"\x1b[39m, \x1b[38;5;241m1\x1b[39m)\n\x1b[1;32m     29\x1b[0m module \x1b[38;5;241m=\x1b[39m importlib\x1b[38;5;241m.\x1b[39mimport_module(module_path)\n\x1b[0;32m---> 31\x1b[0m \x1b[38;5;28;01mreturn\x1b[39;00m \x1b[38;5;28;43mgetattr\x1b[39;49m\x1b[43m(\x1b[49m\x1b[43mmodule\x1b[49m\x1b[43m,\x1b[49m\x1b[43m \x1b[49m\x1b[43mclass_name\x1b[49m\x1b[43m)\x1b[49m\x1b[43m(\x1b[49m\x1b[38;5;241;43m*\x1b[39;49m\x1b[38;5;241;43m*\x1b[39;49m\x1b[43mmatcher_kwargs\x1b[49m\x1b[43m)\x1b[49m\n', 'File \x1b[0;32m/usr/local/lib/python3.10/site-packages/bdikit/schema_matching/topk/contrastivelearning.py:60\x1b[0m, in \x1b[0;36mCLTopkSchemaMatcher.__init__\x1b[0;34m(self, model_name, metric)\x1b[0m\n\x1b[1;32m     58\x1b[0m \x1b[38;5;28;01mdef\x1b[39;00m\x1b[38;5;250m \x1b[39m\x1b[38;5;21m__init__\x1b[39m(\x1b[38;5;28mself\x1b[39m, model_name: \x1b[38;5;28mstr\x1b[39m \x1b[38;5;241m=\x1b[39m DEFAULT_CL_MODEL, metric: \x1b[38;5;28mstr\x1b[39m \x1b[38;5;241m=\x1b[39m \x1b[38;5;124m"\x1b[39m\x1b[38;5;124mcosine\x1b[39m\x1b[38;5;124m"\x1b[39m):\n\x1b[1;32m     59\x1b[0m     \x1b[38;5;28msuper\x1b[39m()\x1b[38;5;241m.\x1b[39m\x1b[38;5;21m__init__\x1b[39m(\n\x1b[0;32m---> 60\x1b[0m         column_embedder\x1b[38;5;241m=\x1b[39m\x1b[43mContrastiveLearningAPI\x1b[49m\x1b[43m(\x1b[49m\x1b[43mmodel_name\x1b[49m\x1b[38;5;241;43m=\x1b[39;49m\x1b[43mmodel_name\x1b[49m\x1b[43m)\x1b[49m, metric\x1b[38;5;241m=\x1b[39mmetric\n\x1b[1;32m     61\x1b[0m     )\n', 'File \x1b[0;32m/usr/local/lib/python3.10/site-packages/bdikit/models/contrastive_learning/cl_api.py:45\x1b[0m, in \x1b[0;36mContrastiveLearningAPI.__init__\x1b[0;34m(self, model_path, model_name, batch_size)\x1b[0m\n\x1b[1;32m     43\x1b[0m \x1b[38;5;28mself\x1b[39m\x1b[38;5;241m.\x1b[39mbatch_size \x1b[38;5;241m=\x1b[39m batch_size\n\x1b[1;32m     44\x1b[0m \x1b[38;5;28mself\x1b[39m\x1b[38;5;241m.\x1b[39mdevice \x1b[38;5;241m=\x1b[39m get_device()\n\x1b[0;32m---> 45\x1b[0m \x1b[38;5;28mself\x1b[39m\x1b[38;5;241m.\x1b[39mmodel \x1b[38;5;241m=\x1b[39m \x1b[38;5;28;43mself\x1b[39;49m\x1b[38;5;241;43m.\x1b[39;49m\x1b[43mload_checkpoint\x1b[49m\x1b[43m(\x1b[49m\x1b[43m)\x1b[49m\n', 'File \x1b[0;32m/usr/local/lib/python3.10/site-packages/bdikit/models/contrastive_learning/cl_api.py:48\x1b[0m, in \x1b[0;36mContrastiveLearningAPI.load_checkpoint\x1b[0;34m(self, lm)\x1b[0m\n\x1b[1;32m     47\x1b[0m \x1b[38;5;28;01mdef\x1b[39;00m\x1b[38;5;250m \x1b[39m\x1b[38;5;21mload_checkpoint\x1b[39m(\x1b[38;5;28mself\x1b[39m, lm: \x1b[38;5;28mstr\x1b[39m \x1b[38;5;241m=\x1b[39m \x1b[38;5;124m"\x1b[39m\x1b[38;5;124mroberta\x1b[39m\x1b[38;5;124m"\x1b[39m):\n\x1b[0;32m---> 48\x1b[0m     ckpt \x1b[38;5;241m=\x1b[39m \x1b[43mtorch\x1b[49m\x1b[38;5;241;43m.\x1b[39;49m\x1b[43mload\x1b[49m\x1b[43m(\x1b[49m\x1b[38;5;28;43mself\x1b[39;49m\x1b[38;5;241;43m.\x1b[39;49m\x1b[43mmodel_path\x1b[49m\x1b[43m,\x1b[49m\x1b[43m \x1b[49m\x1b[43mmap_location\x1b[49m\x1b[38;5;241;43m=\x1b[39;49m\x1b[43mtorch\x1b[49m\x1b[38;5;241;43m.\x1b[39;49m\x1b[43mdevice\x1b[49m\x1b[43m(\x1b[49m\x1b[38;5;124;43m"\x1b[39;49m\x1b[38;5;124;43mcpu\x1b[39;49m\x1b[38;5;124;43m"\x1b[39;49m\x1b[43m)\x1b[49m\x1b[43m)\x1b[49m\n\x1b[1;32m     49\x1b[0m     scale_loss \x1b[38;5;241m=\x1b[39m \x1b[38;5;241m0.1\x1b[39m\n\x1b[1;32m     50\x1b[0m     lambd \x1b[38;5;241m=\x1b[39m \x1b[38;5;241m3.9\x1b[39m\n', 'File \x1b[0;32m/usr/local/lib/python3.10/site-packages/torch/serialization.py:1529\x1b[0m, in \x1b[0;36mload\x1b[0;34m(f, map_location, pickle_module, weights_only, mmap, **pickle_load_args)\x1b[0m\n\x1b[1;32m   1521\x1b[0m                 \x1b[38;5;28;01mreturn\x1b[39;00m _load(\n\x1b[1;32m   1522\x1b[0m                     opened_zipfile,\n\x1b[1;32m   1523\x1b[0m                     map_location,\n\x1b[0;32m   (...)\x1b[0m\n\x1b[1;32m   1526\x1b[0m                     \x1b[38;5;241m*\x1b[39m\x1b[38;5;241m*\x1b[39mpickle_load_args,\n\x1b[1;32m   1527\x1b[0m                 )\n\x1b[1;32m   1528\x1b[0m             \x1b[38;5;28;01mexcept\x1b[39;00m pickle\x1b[38;5;241m.\x1b[39mUnpicklingError \x1b[38;5;28;01mas\x1b[39;00m e:\n\x1b[0;32m-> 1529\x1b[0m                 \x1b[38;5;28;01mraise\x1b[39;00m pickle\x1b[38;5;241m.\x1b[39mUnpicklingError(_get_wo_message(\x1b[38;5;28mstr\x1b[39m(e))) \x1b[38;5;28;01mfrom\x1b[39;00m\x1b[38;5;250m \x1b[39m\x1b[38;5;28;01mNone\x1b[39;00m\n\x1b[1;32m   1530\x1b[0m         \x1b[38;5;28;01mreturn\x1b[39;00m _load(\n\x1b[1;32m   1531\x1b[0m             opened_zipfile,\n\x1b[1;32m   1532\x1b[0m             map_location,\n\x1b[0;32m   (...)\x1b[0m\n\x1b[1;32m   1535\x1b[0m             \x1b[38;5;241m*\x1b[39m\x1b[38;5;241m*\x1b[39mpickle_load_args,\n\x1b[1;32m   1536\x1b[0m         )\n\x1b[1;32m   1537\x1b[0m \x1b[38;5;28;01mif\x1b[39;00m mmap:\n', '\x1b[0;31mUnpicklingError\x1b[0m: Weights only load failed. This file can still be loaded, to do so you have two options, \x1b[1mdo those steps only if you trust the source of the checkpoint\x1b[0m. \n\t(1) In PyTorch 2.6, we changed the default value of the `weights_only` argument in `torch.load` from `False` to `True`. Re-running `torch.load` with `weights_only` set to `False` will likely succeed, but it can result in arbitrary code execution. Do it only if you got the file from a trusted source.\n\t(2) Alternatively, to load with `weights_only=True` please check the recommended steps in the following error message.\n\tWeightsUnpickler error: Unsupported global: GLOBAL argparse.Namespace was not an allowed global by default. Please use `torch.serialization.add_safe_globals([argparse.Namespace])` or the `torch.serialization.safe_globals([argparse.Namespace])` context manager to allowlist this global if you trust this class/function.\n\nCheck the documentation of torch.load to learn more about types accepted by default with weights_only https://pytorch.org/docs/stable/generated/torch.load.html.'])
Successfully ran code, but failed to fetch preview: 'NoneType' object is not callable
Error: ValueError The embeddings algorithm is not supported. Supported algorithms are: similarity_flooding, coma, cupid, distribution_based, jaccard_distance, gpt, ct_learning, two_phase, max_val_sim
Traceback:
[0;31m---------------------------------------------------------------------------[0m
[0;31mValueError[0m                                Traceback (most recent call last)
Cell [0;32mIn[8], line 2[0m
[1;32m      1[0m [38;5;28;01mimport[39;00m[38;5;250m [39m[38;5;21;01mbdikit[39;00m[38;5;250m [39m[38;5;28;01mas[39;00m[38;5;250m [39m[38;5;21;01mbdi[39;00m
[0;32m----> 2[0m column_mappings [38;5;241m=[39m [43mbdi[49m[38;5;241;43m.[39;49m[43mmatch_schema[49m[43m([49m[43mdf[49m[43m,[49m[43m [49m[43mtarget[49m[38;5;241;43m=[39;49m[38;5;124;43m"[39;49m[38;5;124;43mgdc[39;49m[38;5;124;43m"[39;49m[43m,[49m[43m [49m[43mmethod[49m[38;5;241;43m=[39;49m[38;5;124;43m"[39;49m[38;5;124;43membeddings[39;49m[38;5;124;43m"[39;49m[43m)[49m
[1;32m      3[0m column_mappings[38;5;241m.[39mto_markdown()

File [0;32m/usr/local/lib/python3.10/site-packages/bdikit/api.py:75[0m, in [0;36mmatch_schema[0;34m(source, target, method, method_args)[0m
[1;32m     73[0m     [38;5;28;01mif[39;00m method_args [38;5;129;01mis[39;00m [38;5;28;01mNone[39;00m:
[1;32m     74[0m         method_args [38;5;241m=[39m {}
[0;32m---> 75[0m     matcher_instance [38;5;241m=[39m [43mSchemaMatchers[49m[38;5;241;43m.[39;49m[43mget_matcher[49m[43m([49m[43mmethod[49m[43m,[49m[43m [49m[38;5;241;43m*[39;49m[38;5;241;43m*[39;49m[43mmethod_args[49m[43m)[49m
[1;32m     76[0m [38;5;28;01melif[39;00m [38;5;28misinstance[39m(method, BaseSchemaMatcher):
[1;32m     77[0m     matcher_instance [38;5;241m=[39m method

File [0;32m/usr/local/lib/python3.10/site-packages/bdikit/schema_matching/one2one/matcher_factory.py:52[0m, in [0;36mSchemaMatchers.get_matcher[0;34m(matcher_name, **matcher_kwargs)[0m
[1;32m     50[0m [38;5;28;01mif[39;00m matcher_name [38;5;129;01mnot[39;00m [38;5;129;01min[39;00m matchers:
[1;32m     51[0m     names [38;5;241m=[39m [38;5;124m"[39m[38;5;124m, [39m[38;5;124m"[39m[38;5;241m.[39mjoin([38;5;28mlist[39m(matchers[38;5;241m.[39mkeys()))
[0;32m---> 52[0m     [38;5;28;01mraise[39;00m [38;5;167;01mValueError[39;00m(
[1;32m     53[0m         [38;5;124mf[39m[38;5;124m"[39m[38;5;124mThe [39m[38;5;132;01m{[39;00mmatcher_name[38;5;132;01m}[39;00m[38;5;124m algorithm is not supported. [39m[38;5;124m"[39m
[1;32m     54[0m         [38;5;124mf[39m[38;5;124m"[39m[38;5;124mSupported algorithms are: [39m[38;5;132;01m{[39;00mnames[38;5;132;01m}[39;00m[38;5;124m"[39m
[1;32m     55[0m     )
[1;32m     56[0m [38;5;66;03m# Load the class dynamically[39;00m
[1;32m     57[0m module_path, class_name [38;5;241m=[39m matchers[matcher_name][38;5;241m.[39mrsplit([38;5;124m"[39m[38;5;124m.[39m[38;5;124m"[39m, [38;5;241m1[39m)

[0;31mValueError[0m: The embeddings algorithm is not supported. Supported algorithms are: similarity_flooding, coma, cupid, distribution_based, jaccard_distance, gpt, ct_learning, two_phase, max_val_sim
Uncaught exception in ZMQStream callback
Traceback (most recent call last):
  File "/usr/local/lib/python3.10/site-packages/zmq/eventloop/zmqstream.py", line 565, in _log_error
    f.result()
  File "/usr/local/lib/python3.10/site-packages/beaker_kernel/lib/jupyter_kernel_proxy.py", line 253, in handler
    new_data = await callback(self, other_stream, data)
  File "/usr/local/lib/python3.10/site-packages/beaker_kernel/lib/context.py", line 835, in handle_error
    raise ExecutionError(content["ename"], content["evalue"], content["traceback"])
beaker_kernel.lib.utils.ExecutionError: ('ValueError', 'The embeddings algorithm is not supported. Supported algorithms are: similarity_flooding, coma, cupid, distribution_based, jaccard_distance, gpt, ct_learning, two_phase, max_val_sim', ['\x1b[0;31m---------------------------------------------------------------------------\x1b[0m', '\x1b[0;31mValueError\x1b[0m                                Traceback (most recent call last)', 'Cell \x1b[0;32mIn[8], line 2\x1b[0m\n\x1b[1;32m      1\x1b[0m \x1b[38;5;28;01mimport\x1b[39;00m\x1b[38;5;250m \x1b[39m\x1b[38;5;21;01mbdikit\x1b[39;00m\x1b[38;5;250m \x1b[39m\x1b[38;5;28;01mas\x1b[39;00m\x1b[38;5;250m \x1b[39m\x1b[38;5;21;01mbdi\x1b[39;00m\n\x1b[0;32m----> 2\x1b[0m column_mappings \x1b[38;5;241m=\x1b[39m \x1b[43mbdi\x1b[49m\x1b[38;5;241;43m.\x1b[39;49m\x1b[43mmatch_schema\x1b[49m\x1b[43m(\x1b[49m\x1b[43mdf\x1b[49m\x1b[43m,\x1b[49m\x1b[43m \x1b[49m\x1b[43mtarget\x1b[49m\x1b[38;5;241;43m=\x1b[39;49m\x1b[38;5;124;43m"\x1b[39;49m\x1b[38;5;124;43mgdc\x1b[39;49m\x1b[38;5;124;43m"\x1b[39;49m\x1b[43m,\x1b[49m\x1b[43m \x1b[49m\x1b[43mmethod\x1b[49m\x1b[38;5;241;43m=\x1b[39;49m\x1b[38;5;124;43m"\x1b[39;49m\x1b[38;5;124;43membeddings\x1b[39;49m\x1b[38;5;124;43m"\x1b[39;49m\x1b[43m)\x1b[49m\n\x1b[1;32m      3\x1b[0m column_mappings\x1b[38;5;241m.\x1b[39mto_markdown()\n', 'File \x1b[0;32m/usr/local/lib/python3.10/site-packages/bdikit/api.py:75\x1b[0m, in \x1b[0;36mmatch_schema\x1b[0;34m(source, target, method, method_args)\x1b[0m\n\x1b[1;32m     73\x1b[0m     \x1b[38;5;28;01mif\x1b[39;00m method_args \x1b[38;5;129;01mis\x1b[39;00m \x1b[38;5;28;01mNone\x1b[39;00m:\n\x1b[1;32m     74\x1b[0m         method_args \x1b[38;5;241m=\x1b[39m {}\n\x1b[0;32m---> 75\x1b[0m     matcher_instance \x1b[38;5;241m=\x1b[39m \x1b[43mSchemaMatchers\x1b[49m\x1b[38;5;241;43m.\x1b[39;49m\x1b[43mget_matcher\x1b[49m\x1b[43m(\x1b[49m\x1b[43mmethod\x1b[49m\x1b[43m,\x1b[49m\x1b[43m \x1b[49m\x1b[38;5;241;43m*\x1b[39;49m\x1b[38;5;241;43m*\x1b[39;49m\x1b[43mmethod_args\x1b[49m\x1b[43m)\x1b[49m\n\x1b[1;32m     76\x1b[0m \x1b[38;5;28;01melif\x1b[39;00m \x1b[38;5;28misinstance\x1b[39m(method, BaseSchemaMatcher):\n\x1b[1;32m     77\x1b[0m     matcher_instance \x1b[38;5;241m=\x1b[39m method\n', 'File \x1b[0;32m/usr/local/lib/python3.10/site-packages/bdikit/schema_matching/one2one/matcher_factory.py:52\x1b[0m, in \x1b[0;36mSchemaMatchers.get_matcher\x1b[0;34m(matcher_name, **matcher_kwargs)\x1b[0m\n\x1b[1;32m     50\x1b[0m \x1b[38;5;28;01mif\x1b[39;00m matcher_name \x1b[38;5;129;01mnot\x1b[39;00m \x1b[38;5;129;01min\x1b[39;00m matchers:\n\x1b[1;32m     51\x1b[0m     names \x1b[38;5;241m=\x1b[39m \x1b[38;5;124m"\x1b[39m\x1b[38;5;124m, \x1b[39m\x1b[38;5;124m"\x1b[39m\x1b[38;5;241m.\x1b[39mjoin(\x1b[38;5;28mlist\x1b[39m(matchers\x1b[38;5;241m.\x1b[39mkeys()))\n\x1b[0;32m---> 52\x1b[0m     \x1b[38;5;28;01mraise\x1b[39;00m \x1b[38;5;167;01mValueError\x1b[39;00m(\n\x1b[1;32m     53\x1b[0m         \x1b[38;5;124mf\x1b[39m\x1b[38;5;124m"\x1b[39m\x1b[38;5;124mThe \x1b[39m\x1b[38;5;132;01m{\x1b[39;00mmatcher_name\x1b[38;5;132;01m}\x1b[39;00m\x1b[38;5;124m algorithm is not supported. \x1b[39m\x1b[38;5;124m"\x1b[39m\n\x1b[1;32m     54\x1b[0m         \x1b[38;5;124mf\x1b[39m\x1b[38;5;124m"\x1b[39m\x1b[38;5;124mSupported algorithms are: \x1b[39m\x1b[38;5;132;01m{\x1b[39;00mnames\x1b[38;5;132;01m}\x1b[39;00m\x1b[38;5;124m"\x1b[39m\n\x1b[1;32m     55\x1b[0m     )\n\x1b[1;32m     56\x1b[0m \x1b[38;5;66;03m# Load the class dynamically\x1b[39;00m\n\x1b[1;32m     57\x1b[0m module_path, class_name \x1b[38;5;241m=\x1b[39m matchers[matcher_name]\x1b[38;5;241m.\x1b[39mrsplit(\x1b[38;5;124m"\x1b[39m\x1b[38;5;124m.\x1b[39m\x1b[38;5;124m"\x1b[39m, \x1b[38;5;241m1\x1b[39m)\n', '\x1b[0;31mValueError\x1b[0m: The embeddings algorithm is not supported. Supported algorithms are: similarity_flooding, coma, cupid, distribution_based, jaccard_distance, gpt, ct_learning, two_phase, max_val_sim'])
Error: UnpicklingError Weights only load failed. This file can still be loaded, to do so you have two options, [1mdo those steps only if you trust the source of the checkpoint[0m. 
	(1) In PyTorch 2.6, we changed the default value of the `weights_only` argument in `torch.load` from `False` to `True`. Re-running `torch.load` with `weights_only` set to `False` will likely succeed, but it can result in arbitrary code execution. Do it only if you got the file from a trusted source.
	(2) Alternatively, to load with `weights_only=True` please check the recommended steps in the following error message.
	WeightsUnpickler error: Unsupported global: GLOBAL argparse.Namespace was not an allowed global by default. Please use `torch.serialization.add_safe_globals([argparse.Namespace])` or the `torch.serialization.safe_globals([argparse.Namespace])` context manager to allowlist this global if you trust this class/function.

Check the documentation of torch.load to learn more about types accepted by default with weights_only https://pytorch.org/docs/stable/generated/torch.load.html.
Traceback:
[0;31m---------------------------------------------------------------------------[0m
[0;31mUnpicklingError[0m                           Traceback (most recent call last)
Cell [0;32mIn[8], line 2[0m
[1;32m      1[0m [38;5;28;01mimport[39;00m[38;5;250m [39m[38;5;21;01mbdikit[39;00m[38;5;250m [39m[38;5;28;01mas[39;00m[38;5;250m [39m[38;5;21;01mbdi[39;00m
[0;32m----> 2[0m top_matches [38;5;241m=[39m [43mbdi[49m[38;5;241;43m.[39;49m[43mtop_matches[49m[43m([49m[43mdf[49m[43m,[49m[43m [49m[43mcolumns[49m[38;5;241;43m=[39;49m[43m[[49m[38;5;124;43m"[39;49m[38;5;124;43msample_type[39;49m[38;5;124;43m"[39;49m[43m][49m[43m,[49m[43m [49m[43mtarget[49m[38;5;241;43m=[39;49m[38;5;124;43m"[39;49m[38;5;124;43mgdc[39;49m[38;5;124;43m"[39;49m[43m)[49m
[1;32m      3[0m top_matches[38;5;241m.[39mto_markdown()

File [0;32m/usr/local/lib/python3.10/site-packages/bdikit/api.py:133[0m, in [0;36mtop_matches[0;34m(source, columns, target, top_k, method, method_args)[0m
[1;32m    131[0m     [38;5;28;01mif[39;00m method_args [38;5;129;01mis[39;00m [38;5;28;01mNone[39;00m:
[1;32m    132[0m         method_args [38;5;241m=[39m {}
[0;32m--> 133[0m     topk_matcher [38;5;241m=[39m [43mTopkMatchers[49m[38;5;241;43m.[39;49m[43mget_matcher[49m[43m([49m[43mmethod[49m[43m,[49m[43m [49m[38;5;241;43m*[39;49m[38;5;241;43m*[39;49m[43mmethod_args[49m[43m)[49m
[1;32m    134[0m [38;5;28;01melif[39;00m [38;5;28misinstance[39m(method, BaseTopkSchemaMatcher):
[1;32m    135[0m     topk_matcher [38;5;241m=[39m method

File [0;32m/usr/local/lib/python3.10/site-packages/bdikit/schema_matching/topk/matcher_factory.py:31[0m, in [0;36mTopkMatchers.get_matcher[0;34m(matcher_name, **matcher_kwargs)[0m
[1;32m     28[0m module_path, class_name [38;5;241m=[39m matchers[matcher_name][38;5;241m.[39mrsplit([38;5;124m"[39m[38;5;124m.[39m[38;5;124m"[39m, [38;5;241m1[39m)
[1;32m     29[0m module [38;5;241m=[39m importlib[38;5;241m.[39mimport_module(module_path)
[0;32m---> 31[0m [38;5;28;01mreturn[39;00m [38;5;28;43mgetattr[39;49m[43m([49m[43mmodule[49m[43m,[49m[43m [49m[43mclass_name[49m[43m)[49m[43m([49m[38;5;241;43m*[39;49m[38;5;241;43m*[39;49m[43mmatcher_kwargs[49m[43m)[49m

File [0;32m/usr/local/lib/python3.10/site-packages/bdikit/schema_matching/topk/contrastivelearning.py:60[0m, in [0;36mCLTopkSchemaMatcher.__init__[0;34m(self, model_name, metric)[0m
[1;32m     58[0m [38;5;28;01mdef[39;00m[38;5;250m [39m[38;5;21m__init__[39m([38;5;28mself[39m, model_name: [38;5;28mstr[39m [38;5;241m=[39m DEFAULT_CL_MODEL, metric: [38;5;28mstr[39m [38;5;241m=[39m [38;5;124m"[39m[38;5;124mcosine[39m[38;5;124m"[39m):
[1;32m     59[0m     [38;5;28msuper[39m()[38;5;241m.[39m[38;5;21m__init__[39m(
[0;32m---> 60[0m         column_embedder[38;5;241m=[39m[43mContrastiveLearningAPI[49m[43m([49m[43mmodel_name[49m[38;5;241;43m=[39;49m[43mmodel_name[49m[43m)[49m, metric[38;5;241m=[39mmetric
[1;32m     61[0m     )

File [0;32m/usr/local/lib/python3.10/site-packages/bdikit/models/contrastive_learning/cl_api.py:45[0m, in [0;36mContrastiveLearningAPI.__init__[0;34m(self, model_path, model_name, batch_size)[0m
[1;32m     43[0m [38;5;28mself[39m[38;5;241m.[39mbatch_size [38;5;241m=[39m batch_size
[1;32m     44[0m [38;5;28mself[39m[38;5;241m.[39mdevice [38;5;241m=[39m get_device()
[0;32m---> 45[0m [38;5;28mself[39m[38;5;241m.[39mmodel [38;5;241m=[39m [38;5;28;43mself[39;49m[38;5;241;43m.[39;49m[43mload_checkpoint[49m[43m([49m[43m)[49m

File [0;32m/usr/local/lib/python3.10/site-packages/bdikit/models/contrastive_learning/cl_api.py:48[0m, in [0;36mContrastiveLearningAPI.load_checkpoint[0;34m(self, lm)[0m
[1;32m     47[0m [38;5;28;01mdef[39;00m[38;5;250m [39m[38;5;21mload_checkpoint[39m([38;5;28mself[39m, lm: [38;5;28mstr[39m [38;5;241m=[39m [38;5;124m"[39m[38;5;124mroberta[39m[38;5;124m"[39m):
[0;32m---> 48[0m     ckpt [38;5;241m=[39m [43mtorch[49m[38;5;241;43m.[39;49m[43mload[49m[43m([49m[38;5;28;43mself[39;49m[38;5;241;43m.[39;49m[43mmodel_path[49m[43m,[49m[43m [49m[43mmap_location[49m[38;5;241;43m=[39;49m[43mtorch[49m[38;5;241;43m.[39;49m[43mdevice[49m[43m([49m[38;5;124;43m"[39;49m[38;5;124;43mcpu[39;49m[38;5;124;43m"[39;49m[43m)[49m[43m)[49m
[1;32m     49[0m     scale_loss [38;5;241m=[39m [38;5;241m0.1[39m
[1;32m     50[0m     lambd [38;5;241m=[39m [38;5;241m3.9[39m

File [0;32m/usr/local/lib/python3.10/site-packages/torch/serialization.py:1529[0m, in [0;36mload[0;34m(f, map_location, pickle_module, weights_only, mmap, **pickle_load_args)[0m
[1;32m   1521[0m                 [38;5;28;01mreturn[39;00m _load(
[1;32m   1522[0m                     opened_zipfile,
[1;32m   1523[0m                     map_location,
[0;32m   (...)[0m
[1;32m   1526[0m                     [38;5;241m*[39m[38;5;241m*[39mpickle_load_args,
[1;32m   1527[0m                 )
[1;32m   1528[0m             [38;5;28;01mexcept[39;00m pickle[38;5;241m.[39mUnpicklingError [38;5;28;01mas[39;00m e:
[0;32m-> 1529[0m                 [38;5;28;01mraise[39;00m pickle[38;5;241m.[39mUnpicklingError(_get_wo_message([38;5;28mstr[39m(e))) [38;5;28;01mfrom[39;00m[38;5;250m [39m[38;5;28;01mNone[39;00m
[1;32m   1530[0m         [38;5;28;01mreturn[39;00m _load(
[1;32m   1531[0m             opened_zipfile,
[1;32m   1532[0m             map_location,
[0;32m   (...)[0m
[1;32m   1535[0m             [38;5;241m*[39m[38;5;241m*[39mpickle_load_args,
[1;32m   1536[0m         )
[1;32m   1537[0m [38;5;28;01mif[39;00m mmap:

[0;31mUnpicklingError[0m: Weights only load failed. This file can still be loaded, to do so you have two options, [1mdo those steps only if you trust the source of the checkpoint[0m. 
	(1) In PyTorch 2.6, we changed the default value of the `weights_only` argument in `torch.load` from `False` to `True`. Re-running `torch.load` with `weights_only` set to `False` will likely succeed, but it can result in arbitrary code execution. Do it only if you got the file from a trusted source.
	(2) Alternatively, to load with `weights_only=True` please check the recommended steps in the following error message.
	WeightsUnpickler error: Unsupported global: GLOBAL argparse.Namespace was not an allowed global by default. Please use `torch.serialization.add_safe_globals([argparse.Namespace])` or the `torch.serialization.safe_globals([argparse.Namespace])` context manager to allowlist this global if you trust this class/function.

Check the documentation of torch.load to learn more about types accepted by default with weights_only https://pytorch.org/docs/stable/generated/torch.load.html.
Uncaught exception in ZMQStream callback
Traceback (most recent call last):
  File "/usr/local/lib/python3.10/site-packages/zmq/eventloop/zmqstream.py", line 565, in _log_error
    f.result()
  File "/usr/local/lib/python3.10/site-packages/beaker_kernel/lib/jupyter_kernel_proxy.py", line 253, in handler
    new_data = await callback(self, other_stream, data)
  File "/usr/local/lib/python3.10/site-packages/beaker_kernel/lib/context.py", line 835, in handle_error
    raise ExecutionError(content["ename"], content["evalue"], content["traceback"])
beaker_kernel.lib.utils.ExecutionError: ('UnpicklingError', 'Weights only load failed. This file can still be loaded, to do so you have two options, \x1b[1mdo those steps only if you trust the source of the checkpoint\x1b[0m. \n\t(1) In PyTorch 2.6, we changed the default value of the `weights_only` argument in `torch.load` from `False` to `True`. Re-running `torch.load` with `weights_only` set to `False` will likely succeed, but it can result in arbitrary code execution. Do it only if you got the file from a trusted source.\n\t(2) Alternatively, to load with `weights_only=True` please check the recommended steps in the following error message.\n\tWeightsUnpickler error: Unsupported global: GLOBAL argparse.Namespace was not an allowed global by default. Please use `torch.serialization.add_safe_globals([argparse.Namespace])` or the `torch.serialization.safe_globals([argparse.Namespace])` context manager to allowlist this global if you trust this class/function.\n\nCheck the documentation of torch.load to learn more about types accepted by default with weights_only https://pytorch.org/docs/stable/generated/torch.load.html.', ['\x1b[0;31m---------------------------------------------------------------------------\x1b[0m', '\x1b[0;31mUnpicklingError\x1b[0m                           Traceback (most recent call last)', 'Cell \x1b[0;32mIn[8], line 2\x1b[0m\n\x1b[1;32m      1\x1b[0m \x1b[38;5;28;01mimport\x1b[39;00m\x1b[38;5;250m \x1b[39m\x1b[38;5;21;01mbdikit\x1b[39;00m\x1b[38;5;250m \x1b[39m\x1b[38;5;28;01mas\x1b[39;00m\x1b[38;5;250m \x1b[39m\x1b[38;5;21;01mbdi\x1b[39;00m\n\x1b[0;32m----> 2\x1b[0m top_matches \x1b[38;5;241m=\x1b[39m \x1b[43mbdi\x1b[49m\x1b[38;5;241;43m.\x1b[39;49m\x1b[43mtop_matches\x1b[49m\x1b[43m(\x1b[49m\x1b[43mdf\x1b[49m\x1b[43m,\x1b[49m\x1b[43m \x1b[49m\x1b[43mcolumns\x1b[49m\x1b[38;5;241;43m=\x1b[39;49m\x1b[43m[\x1b[49m\x1b[38;5;124;43m"\x1b[39;49m\x1b[38;5;124;43msample_type\x1b[39;49m\x1b[38;5;124;43m"\x1b[39;49m\x1b[43m]\x1b[49m\x1b[43m,\x1b[49m\x1b[43m \x1b[49m\x1b[43mtarget\x1b[49m\x1b[38;5;241;43m=\x1b[39;49m\x1b[38;5;124;43m"\x1b[39;49m\x1b[38;5;124;43mgdc\x1b[39;49m\x1b[38;5;124;43m"\x1b[39;49m\x1b[43m)\x1b[49m\n\x1b[1;32m      3\x1b[0m top_matches\x1b[38;5;241m.\x1b[39mto_markdown()\n', 'File \x1b[0;32m/usr/local/lib/python3.10/site-packages/bdikit/api.py:133\x1b[0m, in \x1b[0;36mtop_matches\x1b[0;34m(source, columns, target, top_k, method, method_args)\x1b[0m\n\x1b[1;32m    131\x1b[0m     \x1b[38;5;28;01mif\x1b[39;00m method_args \x1b[38;5;129;01mis\x1b[39;00m \x1b[38;5;28;01mNone\x1b[39;00m:\n\x1b[1;32m    132\x1b[0m         method_args \x1b[38;5;241m=\x1b[39m {}\n\x1b[0;32m--> 133\x1b[0m     topk_matcher \x1b[38;5;241m=\x1b[39m \x1b[43mTopkMatchers\x1b[49m\x1b[38;5;241;43m.\x1b[39;49m\x1b[43mget_matcher\x1b[49m\x1b[43m(\x1b[49m\x1b[43mmethod\x1b[49m\x1b[43m,\x1b[49m\x1b[43m \x1b[49m\x1b[38;5;241;43m*\x1b[39;49m\x1b[38;5;241;43m*\x1b[39;49m\x1b[43mmethod_args\x1b[49m\x1b[43m)\x1b[49m\n\x1b[1;32m    134\x1b[0m \x1b[38;5;28;01melif\x1b[39;00m \x1b[38;5;28misinstance\x1b[39m(method, BaseTopkSchemaMatcher):\n\x1b[1;32m    135\x1b[0m     topk_matcher \x1b[38;5;241m=\x1b[39m method\n', 'File \x1b[0;32m/usr/local/lib/python3.10/site-packages/bdikit/schema_matching/topk/matcher_factory.py:31\x1b[0m, in \x1b[0;36mTopkMatchers.get_matcher\x1b[0;34m(matcher_name, **matcher_kwargs)\x1b[0m\n\x1b[1;32m     28\x1b[0m module_path, class_name \x1b[38;5;241m=\x1b[39m matchers[matcher_name]\x1b[38;5;241m.\x1b[39mrsplit(\x1b[38;5;124m"\x1b[39m\x1b[38;5;124m.\x1b[39m\x1b[38;5;124m"\x1b[39m, \x1b[38;5;241m1\x1b[39m)\n\x1b[1;32m     29\x1b[0m module \x1b[38;5;241m=\x1b[39m importlib\x1b[38;5;241m.\x1b[39mimport_module(module_path)\n\x1b[0;32m---> 31\x1b[0m \x1b[38;5;28;01mreturn\x1b[39;00m \x1b[38;5;28;43mgetattr\x1b[39;49m\x1b[43m(\x1b[49m\x1b[43mmodule\x1b[49m\x1b[43m,\x1b[49m\x1b[43m \x1b[49m\x1b[43mclass_name\x1b[49m\x1b[43m)\x1b[49m\x1b[43m(\x1b[49m\x1b[38;5;241;43m*\x1b[39;49m\x1b[38;5;241;43m*\x1b[39;49m\x1b[43mmatcher_kwargs\x1b[49m\x1b[43m)\x1b[49m\n', 'File \x1b[0;32m/usr/local/lib/python3.10/site-packages/bdikit/schema_matching/topk/contrastivelearning.py:60\x1b[0m, in \x1b[0;36mCLTopkSchemaMatcher.__init__\x1b[0;34m(self, model_name, metric)\x1b[0m\n\x1b[1;32m     58\x1b[0m \x1b[38;5;28;01mdef\x1b[39;00m\x1b[38;5;250m \x1b[39m\x1b[38;5;21m__init__\x1b[39m(\x1b[38;5;28mself\x1b[39m, model_name: \x1b[38;5;28mstr\x1b[39m \x1b[38;5;241m=\x1b[39m DEFAULT_CL_MODEL, metric: \x1b[38;5;28mstr\x1b[39m \x1b[38;5;241m=\x1b[39m \x1b[38;5;124m"\x1b[39m\x1b[38;5;124mcosine\x1b[39m\x1b[38;5;124m"\x1b[39m):\n\x1b[1;32m     59\x1b[0m     \x1b[38;5;28msuper\x1b[39m()\x1b[38;5;241m.\x1b[39m\x1b[38;5;21m__init__\x1b[39m(\n\x1b[0;32m---> 60\x1b[0m         column_embedder\x1b[38;5;241m=\x1b[39m\x1b[43mContrastiveLearningAPI\x1b[49m\x1b[43m(\x1b[49m\x1b[43mmodel_name\x1b[49m\x1b[38;5;241;43m=\x1b[39;49m\x1b[43mmodel_name\x1b[49m\x1b[43m)\x1b[49m, metric\x1b[38;5;241m=\x1b[39mmetric\n\x1b[1;32m     61\x1b[0m     )\n', 'File \x1b[0;32m/usr/local/lib/python3.10/site-packages/bdikit/models/contrastive_learning/cl_api.py:45\x1b[0m, in \x1b[0;36mContrastiveLearningAPI.__init__\x1b[0;34m(self, model_path, model_name, batch_size)\x1b[0m\n\x1b[1;32m     43\x1b[0m \x1b[38;5;28mself\x1b[39m\x1b[38;5;241m.\x1b[39mbatch_size \x1b[38;5;241m=\x1b[39m batch_size\n\x1b[1;32m     44\x1b[0m \x1b[38;5;28mself\x1b[39m\x1b[38;5;241m.\x1b[39mdevice \x1b[38;5;241m=\x1b[39m get_device()\n\x1b[0;32m---> 45\x1b[0m \x1b[38;5;28mself\x1b[39m\x1b[38;5;241m.\x1b[39mmodel \x1b[38;5;241m=\x1b[39m \x1b[38;5;28;43mself\x1b[39;49m\x1b[38;5;241;43m.\x1b[39;49m\x1b[43mload_checkpoint\x1b[49m\x1b[43m(\x1b[49m\x1b[43m)\x1b[49m\n', 'File \x1b[0;32m/usr/local/lib/python3.10/site-packages/bdikit/models/contrastive_learning/cl_api.py:48\x1b[0m, in \x1b[0;36mContrastiveLearningAPI.load_checkpoint\x1b[0;34m(self, lm)\x1b[0m\n\x1b[1;32m     47\x1b[0m \x1b[38;5;28;01mdef\x1b[39;00m\x1b[38;5;250m \x1b[39m\x1b[38;5;21mload_checkpoint\x1b[39m(\x1b[38;5;28mself\x1b[39m, lm: \x1b[38;5;28mstr\x1b[39m \x1b[38;5;241m=\x1b[39m \x1b[38;5;124m"\x1b[39m\x1b[38;5;124mroberta\x1b[39m\x1b[38;5;124m"\x1b[39m):\n\x1b[0;32m---> 48\x1b[0m     ckpt \x1b[38;5;241m=\x1b[39m \x1b[43mtorch\x1b[49m\x1b[38;5;241;43m.\x1b[39;49m\x1b[43mload\x1b[49m\x1b[43m(\x1b[49m\x1b[38;5;28;43mself\x1b[39;49m\x1b[38;5;241;43m.\x1b[39;49m\x1b[43mmodel_path\x1b[49m\x1b[43m,\x1b[49m\x1b[43m \x1b[49m\x1b[43mmap_location\x1b[49m\x1b[38;5;241;43m=\x1b[39;49m\x1b[43mtorch\x1b[49m\x1b[38;5;241;43m.\x1b[39;49m\x1b[43mdevice\x1b[49m\x1b[43m(\x1b[49m\x1b[38;5;124;43m"\x1b[39;49m\x1b[38;5;124;43mcpu\x1b[39;49m\x1b[38;5;124;43m"\x1b[39;49m\x1b[43m)\x1b[49m\x1b[43m)\x1b[49m\n\x1b[1;32m     49\x1b[0m     scale_loss \x1b[38;5;241m=\x1b[39m \x1b[38;5;241m0.1\x1b[39m\n\x1b[1;32m     50\x1b[0m     lambd \x1b[38;5;241m=\x1b[39m \x1b[38;5;241m3.9\x1b[39m\n', 'File \x1b[0;32m/usr/local/lib/python3.10/site-packages/torch/serialization.py:1529\x1b[0m, in \x1b[0;36mload\x1b[0;34m(f, map_location, pickle_module, weights_only, mmap, **pickle_load_args)\x1b[0m\n\x1b[1;32m   1521\x1b[0m                 \x1b[38;5;28;01mreturn\x1b[39;00m _load(\n\x1b[1;32m   1522\x1b[0m                     opened_zipfile,\n\x1b[1;32m   1523\x1b[0m                     map_location,\n\x1b[0;32m   (...)\x1b[0m\n\x1b[1;32m   1526\x1b[0m                     \x1b[38;5;241m*\x1b[39m\x1b[38;5;241m*\x1b[39mpickle_load_args,\n\x1b[1;32m   1527\x1b[0m                 )\n\x1b[1;32m   1528\x1b[0m             \x1b[38;5;28;01mexcept\x1b[39;00m pickle\x1b[38;5;241m.\x1b[39mUnpicklingError \x1b[38;5;28;01mas\x1b[39;00m e:\n\x1b[0;32m-> 1529\x1b[0m                 \x1b[38;5;28;01mraise\x1b[39;00m pickle\x1b[38;5;241m.\x1b[39mUnpicklingError(_get_wo_message(\x1b[38;5;28mstr\x1b[39m(e))) \x1b[38;5;28;01mfrom\x1b[39;00m\x1b[38;5;250m \x1b[39m\x1b[38;5;28;01mNone\x1b[39;00m\n\x1b[1;32m   1530\x1b[0m         \x1b[38;5;28;01mreturn\x1b[39;00m _load(\n\x1b[1;32m   1531\x1b[0m             opened_zipfile,\n\x1b[1;32m   1532\x1b[0m             map_location,\n\x1b[0;32m   (...)\x1b[0m\n\x1b[1;32m   1535\x1b[0m             \x1b[38;5;241m*\x1b[39m\x1b[38;5;241m*\x1b[39mpickle_load_args,\n\x1b[1;32m   1536\x1b[0m         )\n\x1b[1;32m   1537\x1b[0m \x1b[38;5;28;01mif\x1b[39;00m mmap:\n', '\x1b[0;31mUnpicklingError\x1b[0m: Weights only load failed. This file can still be loaded, to do so you have two options, \x1b[1mdo those steps only if you trust the source of the checkpoint\x1b[0m. \n\t(1) In PyTorch 2.6, we changed the default value of the `weights_only` argument in `torch.load` from `False` to `True`. Re-running `torch.load` with `weights_only` set to `False` will likely succeed, but it can result in arbitrary code execution. Do it only if you got the file from a trusted source.\n\t(2) Alternatively, to load with `weights_only=True` please check the recommended steps in the following error message.\n\tWeightsUnpickler error: Unsupported global: GLOBAL argparse.Namespace was not an allowed global by default. Please use `torch.serialization.add_safe_globals([argparse.Namespace])` or the `torch.serialization.safe_globals([argparse.Namespace])` context manager to allowlist this global if you trust this class/function.\n\nCheck the documentation of torch.load to learn more about types accepted by default with weights_only https://pytorch.org/docs/stable/generated/torch.load.html.'])
Error: UnpicklingError Weights only load failed. This file can still be loaded, to do so you have two options, [1mdo those steps only if you trust the source of the checkpoint[0m. 
	(1) In PyTorch 2.6, we changed the default value of the `weights_only` argument in `torch.load` from `False` to `True`. Re-running `torch.load` with `weights_only` set to `False` will likely succeed, but it can result in arbitrary code execution. Do it only if you got the file from a trusted source.
	(2) Alternatively, to load with `weights_only=True` please check the recommended steps in the following error message.
	WeightsUnpickler error: Unsupported global: GLOBAL argparse.Namespace was not an allowed global by default. Please use `torch.serialization.add_safe_globals([argparse.Namespace])` or the `torch.serialization.safe_globals([argparse.Namespace])` context manager to allowlist this global if you trust this class/function.

Check the documentation of torch.load to learn more about types accepted by default with weights_only https://pytorch.org/docs/stable/generated/torch.load.html.
Traceback:
[0;31m---------------------------------------------------------------------------[0m
[0;31mUnpicklingError[0m                           Traceback (most recent call last)
Cell [0;32mIn[8], line 2[0m
[1;32m      1[0m [38;5;28;01mimport[39;00m[38;5;250m [39m[38;5;21;01mbdikit[39;00m[38;5;250m [39m[38;5;28;01mas[39;00m[38;5;250m [39m[38;5;21;01mbdi[39;00m
[0;32m----> 2[0m top_matches [38;5;241m=[39m [43mbdi[49m[38;5;241;43m.[39;49m[43mtop_matches[49m[43m([49m[43mdf[49m[43m,[49m[43m [49m[43mcolumns[49m[38;5;241;43m=[39;49m[43m[[49m[38;5;124;43m"[39;49m[38;5;124;43mgender[39;49m[38;5;124;43m"[39;49m[43m][49m[43m,[49m[43m [49m[43mtarget[49m[38;5;241;43m=[39;49m[38;5;124;43m"[39;49m[38;5;124;43mgdc[39;49m[38;5;124;43m"[39;49m[43m)[49m
[1;32m      3[0m top_matches[38;5;241m.[39mto_markdown()

File [0;32m/usr/local/lib/python3.10/site-packages/bdikit/api.py:133[0m, in [0;36mtop_matches[0;34m(source, columns, target, top_k, method, method_args)[0m
[1;32m    131[0m     [38;5;28;01mif[39;00m method_args [38;5;129;01mis[39;00m [38;5;28;01mNone[39;00m:
[1;32m    132[0m         method_args [38;5;241m=[39m {}
[0;32m--> 133[0m     topk_matcher [38;5;241m=[39m [43mTopkMatchers[49m[38;5;241;43m.[39;49m[43mget_matcher[49m[43m([49m[43mmethod[49m[43m,[49m[43m [49m[38;5;241;43m*[39;49m[38;5;241;43m*[39;49m[43mmethod_args[49m[43m)[49m
[1;32m    134[0m [38;5;28;01melif[39;00m [38;5;28misinstance[39m(method, BaseTopkSchemaMatcher):
[1;32m    135[0m     topk_matcher [38;5;241m=[39m method

File [0;32m/usr/local/lib/python3.10/site-packages/bdikit/schema_matching/topk/matcher_factory.py:31[0m, in [0;36mTopkMatchers.get_matcher[0;34m(matcher_name, **matcher_kwargs)[0m
[1;32m     28[0m module_path, class_name [38;5;241m=[39m matchers[matcher_name][38;5;241m.[39mrsplit([38;5;124m"[39m[38;5;124m.[39m[38;5;124m"[39m, [38;5;241m1[39m)
[1;32m     29[0m module [38;5;241m=[39m importlib[38;5;241m.[39mimport_module(module_path)
[0;32m---> 31[0m [38;5;28;01mreturn[39;00m [38;5;28;43mgetattr[39;49m[43m([49m[43mmodule[49m[43m,[49m[43m [49m[43mclass_name[49m[43m)[49m[43m([49m[38;5;241;43m*[39;49m[38;5;241;43m*[39;49m[43mmatcher_kwargs[49m[43m)[49m

File [0;32m/usr/local/lib/python3.10/site-packages/bdikit/schema_matching/topk/contrastivelearning.py:60[0m, in [0;36mCLTopkSchemaMatcher.__init__[0;34m(self, model_name, metric)[0m
[1;32m     58[0m [38;5;28;01mdef[39;00m[38;5;250m [39m[38;5;21m__init__[39m([38;5;28mself[39m, model_name: [38;5;28mstr[39m [38;5;241m=[39m DEFAULT_CL_MODEL, metric: [38;5;28mstr[39m [38;5;241m=[39m [38;5;124m"[39m[38;5;124mcosine[39m[38;5;124m"[39m):
[1;32m     59[0m     [38;5;28msuper[39m()[38;5;241m.[39m[38;5;21m__init__[39m(
[0;32m---> 60[0m         column_embedder[38;5;241m=[39m[43mContrastiveLearningAPI[49m[43m([49m[43mmodel_name[49m[38;5;241;43m=[39;49m[43mmodel_name[49m[43m)[49m, metric[38;5;241m=[39mmetric
[1;32m     61[0m     )

File [0;32m/usr/local/lib/python3.10/site-packages/bdikit/models/contrastive_learning/cl_api.py:45[0m, in [0;36mContrastiveLearningAPI.__init__[0;34m(self, model_path, model_name, batch_size)[0m
[1;32m     43[0m [38;5;28mself[39m[38;5;241m.[39mbatch_size [38;5;241m=[39m batch_size
[1;32m     44[0m [38;5;28mself[39m[38;5;241m.[39mdevice [38;5;241m=[39m get_device()
[0;32m---> 45[0m [38;5;28mself[39m[38;5;241m.[39mmodel [38;5;241m=[39m [38;5;28;43mself[39;49m[38;5;241;43m.[39;49m[43mload_checkpoint[49m[43m([49m[43m)[49m

File [0;32m/usr/local/lib/python3.10/site-packages/bdikit/models/contrastive_learning/cl_api.py:48[0m, in [0;36mContrastiveLearningAPI.load_checkpoint[0;34m(self, lm)[0m
[1;32m     47[0m [38;5;28;01mdef[39;00m[38;5;250m [39m[38;5;21mload_checkpoint[39m([38;5;28mself[39m, lm: [38;5;28mstr[39m [38;5;241m=[39m [38;5;124m"[39m[38;5;124mroberta[39m[38;5;124m"[39m):
[0;32m---> 48[0m     ckpt [38;5;241m=[39m [43mtorch[49m[38;5;241;43m.[39;49m[43mload[49m[43m([49m[38;5;28;43mself[39;49m[38;5;241;43m.[39;49m[43mmodel_path[49m[43m,[49m[43m [49m[43mmap_location[49m[38;5;241;43m=[39;49m[43mtorch[49m[38;5;241;43m.[39;49m[43mdevice[49m[43m([49m[38;5;124;43m"[39;49m[38;5;124;43mcpu[39;49m[38;5;124;43m"[39;49m[43m)[49m[43m)[49m
[1;32m     49[0m     scale_loss [38;5;241m=[39m [38;5;241m0.1[39m
[1;32m     50[0m     lambd [38;5;241m=[39m [38;5;241m3.9[39m

File [0;32m/usr/local/lib/python3.10/site-packages/torch/serialization.py:1529[0m, in [0;36mload[0;34m(f, map_location, pickle_module, weights_only, mmap, **pickle_load_args)[0m
[1;32m   1521[0m                 [38;5;28;01mreturn[39;00m _load(
[1;32m   1522[0m                     opened_zipfile,
[1;32m   1523[0m                     map_location,
[0;32m   (...)[0m
[1;32m   1526[0m                     [38;5;241m*[39m[38;5;241m*[39mpickle_load_args,
[1;32m   1527[0m                 )
[1;32m   1528[0m             [38;5;28;01mexcept[39;00m pickle[38;5;241m.[39mUnpicklingError [38;5;28;01mas[39;00m e:
[0;32m-> 1529[0m                 [38;5;28;01mraise[39;00m pickle[38;5;241m.[39mUnpicklingError(_get_wo_message([38;5;28mstr[39m(e))) [38;5;28;01mfrom[39;00m[38;5;250m [39m[38;5;28;01mNone[39;00m
[1;32m   1530[0m         [38;5;28;01mreturn[39;00m _load(
[1;32m   1531[0m             opened_zipfile,
[1;32m   1532[0m             map_location,
[0;32m   (...)[0m
[1;32m   1535[0m             [38;5;241m*[39m[38;5;241m*[39mpickle_load_args,
[1;32m   1536[0m         )
[1;32m   1537[0m [38;5;28;01mif[39;00m mmap:

[0;31mUnpicklingError[0m: Weights only load failed. This file can still be loaded, to do so you have two options, [1mdo those steps only if you trust the source of the checkpoint[0m. 
	(1) In PyTorch 2.6, we changed the default value of the `weights_only` argument in `torch.load` from `False` to `True`. Re-running `torch.load` with `weights_only` set to `False` will likely succeed, but it can result in arbitrary code execution. Do it only if you got the file from a trusted source.
	(2) Alternatively, to load with `weights_only=True` please check the recommended steps in the following error message.
	WeightsUnpickler error: Unsupported global: GLOBAL argparse.Namespace was not an allowed global by default. Please use `torch.serialization.add_safe_globals([argparse.Namespace])` or the `torch.serialization.safe_globals([argparse.Namespace])` context manager to allowlist this global if you trust this class/function.

Check the documentation of torch.load to learn more about types accepted by default with weights_only https://pytorch.org/docs/stable/generated/torch.load.html.
Uncaught exception in ZMQStream callback
Traceback (most recent call last):
  File "/usr/local/lib/python3.10/site-packages/zmq/eventloop/zmqstream.py", line 565, in _log_error
    f.result()
  File "/usr/local/lib/python3.10/site-packages/beaker_kernel/lib/jupyter_kernel_proxy.py", line 253, in handler
    new_data = await callback(self, other_stream, data)
  File "/usr/local/lib/python3.10/site-packages/beaker_kernel/lib/context.py", line 835, in handle_error
    raise ExecutionError(content["ename"], content["evalue"], content["traceback"])
beaker_kernel.lib.utils.ExecutionError: ('UnpicklingError', 'Weights only load failed. This file can still be loaded, to do so you have two options, \x1b[1mdo those steps only if you trust the source of the checkpoint\x1b[0m. \n\t(1) In PyTorch 2.6, we changed the default value of the `weights_only` argument in `torch.load` from `False` to `True`. Re-running `torch.load` with `weights_only` set to `False` will likely succeed, but it can result in arbitrary code execution. Do it only if you got the file from a trusted source.\n\t(2) Alternatively, to load with `weights_only=True` please check the recommended steps in the following error message.\n\tWeightsUnpickler error: Unsupported global: GLOBAL argparse.Namespace was not an allowed global by default. Please use `torch.serialization.add_safe_globals([argparse.Namespace])` or the `torch.serialization.safe_globals([argparse.Namespace])` context manager to allowlist this global if you trust this class/function.\n\nCheck the documentation of torch.load to learn more about types accepted by default with weights_only https://pytorch.org/docs/stable/generated/torch.load.html.', ['\x1b[0;31m---------------------------------------------------------------------------\x1b[0m', '\x1b[0;31mUnpicklingError\x1b[0m                           Traceback (most recent call last)', 'Cell \x1b[0;32mIn[8], line 2\x1b[0m\n\x1b[1;32m      1\x1b[0m \x1b[38;5;28;01mimport\x1b[39;00m\x1b[38;5;250m \x1b[39m\x1b[38;5;21;01mbdikit\x1b[39;00m\x1b[38;5;250m \x1b[39m\x1b[38;5;28;01mas\x1b[39;00m\x1b[38;5;250m \x1b[39m\x1b[38;5;21;01mbdi\x1b[39;00m\n\x1b[0;32m----> 2\x1b[0m top_matches \x1b[38;5;241m=\x1b[39m \x1b[43mbdi\x1b[49m\x1b[38;5;241;43m.\x1b[39;49m\x1b[43mtop_matches\x1b[49m\x1b[43m(\x1b[49m\x1b[43mdf\x1b[49m\x1b[43m,\x1b[49m\x1b[43m \x1b[49m\x1b[43mcolumns\x1b[49m\x1b[38;5;241;43m=\x1b[39;49m\x1b[43m[\x1b[49m\x1b[38;5;124;43m"\x1b[39;49m\x1b[38;5;124;43mgender\x1b[39;49m\x1b[38;5;124;43m"\x1b[39;49m\x1b[43m]\x1b[49m\x1b[43m,\x1b[49m\x1b[43m \x1b[49m\x1b[43mtarget\x1b[49m\x1b[38;5;241;43m=\x1b[39;49m\x1b[38;5;124;43m"\x1b[39;49m\x1b[38;5;124;43mgdc\x1b[39;49m\x1b[38;5;124;43m"\x1b[39;49m\x1b[43m)\x1b[49m\n\x1b[1;32m      3\x1b[0m top_matches\x1b[38;5;241m.\x1b[39mto_markdown()\n', 'File \x1b[0;32m/usr/local/lib/python3.10/site-packages/bdikit/api.py:133\x1b[0m, in \x1b[0;36mtop_matches\x1b[0;34m(source, columns, target, top_k, method, method_args)\x1b[0m\n\x1b[1;32m    131\x1b[0m     \x1b[38;5;28;01mif\x1b[39;00m method_args \x1b[38;5;129;01mis\x1b[39;00m \x1b[38;5;28;01mNone\x1b[39;00m:\n\x1b[1;32m    132\x1b[0m         method_args \x1b[38;5;241m=\x1b[39m {}\n\x1b[0;32m--> 133\x1b[0m     topk_matcher \x1b[38;5;241m=\x1b[39m \x1b[43mTopkMatchers\x1b[49m\x1b[38;5;241;43m.\x1b[39;49m\x1b[43mget_matcher\x1b[49m\x1b[43m(\x1b[49m\x1b[43mmethod\x1b[49m\x1b[43m,\x1b[49m\x1b[43m \x1b[49m\x1b[38;5;241;43m*\x1b[39;49m\x1b[38;5;241;43m*\x1b[39;49m\x1b[43mmethod_args\x1b[49m\x1b[43m)\x1b[49m\n\x1b[1;32m    134\x1b[0m \x1b[38;5;28;01melif\x1b[39;00m \x1b[38;5;28misinstance\x1b[39m(method, BaseTopkSchemaMatcher):\n\x1b[1;32m    135\x1b[0m     topk_matcher \x1b[38;5;241m=\x1b[39m method\n', 'File \x1b[0;32m/usr/local/lib/python3.10/site-packages/bdikit/schema_matching/topk/matcher_factory.py:31\x1b[0m, in \x1b[0;36mTopkMatchers.get_matcher\x1b[0;34m(matcher_name, **matcher_kwargs)\x1b[0m\n\x1b[1;32m     28\x1b[0m module_path, class_name \x1b[38;5;241m=\x1b[39m matchers[matcher_name]\x1b[38;5;241m.\x1b[39mrsplit(\x1b[38;5;124m"\x1b[39m\x1b[38;5;124m.\x1b[39m\x1b[38;5;124m"\x1b[39m, \x1b[38;5;241m1\x1b[39m)\n\x1b[1;32m     29\x1b[0m module \x1b[38;5;241m=\x1b[39m importlib\x1b[38;5;241m.\x1b[39mimport_module(module_path)\n\x1b[0;32m---> 31\x1b[0m \x1b[38;5;28;01mreturn\x1b[39;00m \x1b[38;5;28;43mgetattr\x1b[39;49m\x1b[43m(\x1b[49m\x1b[43mmodule\x1b[49m\x1b[43m,\x1b[49m\x1b[43m \x1b[49m\x1b[43mclass_name\x1b[49m\x1b[43m)\x1b[49m\x1b[43m(\x1b[49m\x1b[38;5;241;43m*\x1b[39;49m\x1b[38;5;241;43m*\x1b[39;49m\x1b[43mmatcher_kwargs\x1b[49m\x1b[43m)\x1b[49m\n', 'File \x1b[0;32m/usr/local/lib/python3.10/site-packages/bdikit/schema_matching/topk/contrastivelearning.py:60\x1b[0m, in \x1b[0;36mCLTopkSchemaMatcher.__init__\x1b[0;34m(self, model_name, metric)\x1b[0m\n\x1b[1;32m     58\x1b[0m \x1b[38;5;28;01mdef\x1b[39;00m\x1b[38;5;250m \x1b[39m\x1b[38;5;21m__init__\x1b[39m(\x1b[38;5;28mself\x1b[39m, model_name: \x1b[38;5;28mstr\x1b[39m \x1b[38;5;241m=\x1b[39m DEFAULT_CL_MODEL, metric: \x1b[38;5;28mstr\x1b[39m \x1b[38;5;241m=\x1b[39m \x1b[38;5;124m"\x1b[39m\x1b[38;5;124mcosine\x1b[39m\x1b[38;5;124m"\x1b[39m):\n\x1b[1;32m     59\x1b[0m     \x1b[38;5;28msuper\x1b[39m()\x1b[38;5;241m.\x1b[39m\x1b[38;5;21m__init__\x1b[39m(\n\x1b[0;32m---> 60\x1b[0m         column_embedder\x1b[38;5;241m=\x1b[39m\x1b[43mContrastiveLearningAPI\x1b[49m\x1b[43m(\x1b[49m\x1b[43mmodel_name\x1b[49m\x1b[38;5;241;43m=\x1b[39;49m\x1b[43mmodel_name\x1b[49m\x1b[43m)\x1b[49m, metric\x1b[38;5;241m=\x1b[39mmetric\n\x1b[1;32m     61\x1b[0m     )\n', 'File \x1b[0;32m/usr/local/lib/python3.10/site-packages/bdikit/models/contrastive_learning/cl_api.py:45\x1b[0m, in \x1b[0;36mContrastiveLearningAPI.__init__\x1b[0;34m(self, model_path, model_name, batch_size)\x1b[0m\n\x1b[1;32m     43\x1b[0m \x1b[38;5;28mself\x1b[39m\x1b[38;5;241m.\x1b[39mbatch_size \x1b[38;5;241m=\x1b[39m batch_size\n\x1b[1;32m     44\x1b[0m \x1b[38;5;28mself\x1b[39m\x1b[38;5;241m.\x1b[39mdevice \x1b[38;5;241m=\x1b[39m get_device()\n\x1b[0;32m---> 45\x1b[0m \x1b[38;5;28mself\x1b[39m\x1b[38;5;241m.\x1b[39mmodel \x1b[38;5;241m=\x1b[39m \x1b[38;5;28;43mself\x1b[39;49m\x1b[38;5;241;43m.\x1b[39;49m\x1b[43mload_checkpoint\x1b[49m\x1b[43m(\x1b[49m\x1b[43m)\x1b[49m\n', 'File \x1b[0;32m/usr/local/lib/python3.10/site-packages/bdikit/models/contrastive_learning/cl_api.py:48\x1b[0m, in \x1b[0;36mContrastiveLearningAPI.load_checkpoint\x1b[0;34m(self, lm)\x1b[0m\n\x1b[1;32m     47\x1b[0m \x1b[38;5;28;01mdef\x1b[39;00m\x1b[38;5;250m \x1b[39m\x1b[38;5;21mload_checkpoint\x1b[39m(\x1b[38;5;28mself\x1b[39m, lm: \x1b[38;5;28mstr\x1b[39m \x1b[38;5;241m=\x1b[39m \x1b[38;5;124m"\x1b[39m\x1b[38;5;124mroberta\x1b[39m\x1b[38;5;124m"\x1b[39m):\n\x1b[0;32m---> 48\x1b[0m     ckpt \x1b[38;5;241m=\x1b[39m \x1b[43mtorch\x1b[49m\x1b[38;5;241;43m.\x1b[39;49m\x1b[43mload\x1b[49m\x1b[43m(\x1b[49m\x1b[38;5;28;43mself\x1b[39;49m\x1b[38;5;241;43m.\x1b[39;49m\x1b[43mmodel_path\x1b[49m\x1b[43m,\x1b[49m\x1b[43m \x1b[49m\x1b[43mmap_location\x1b[49m\x1b[38;5;241;43m=\x1b[39;49m\x1b[43mtorch\x1b[49m\x1b[38;5;241;43m.\x1b[39;49m\x1b[43mdevice\x1b[49m\x1b[43m(\x1b[49m\x1b[38;5;124;43m"\x1b[39;49m\x1b[38;5;124;43mcpu\x1b[39;49m\x1b[38;5;124;43m"\x1b[39;49m\x1b[43m)\x1b[49m\x1b[43m)\x1b[49m\n\x1b[1;32m     49\x1b[0m     scale_loss \x1b[38;5;241m=\x1b[39m \x1b[38;5;241m0.1\x1b[39m\n\x1b[1;32m     50\x1b[0m     lambd \x1b[38;5;241m=\x1b[39m \x1b[38;5;241m3.9\x1b[39m\n', 'File \x1b[0;32m/usr/local/lib/python3.10/site-packages/torch/serialization.py:1529\x1b[0m, in \x1b[0;36mload\x1b[0;34m(f, map_location, pickle_module, weights_only, mmap, **pickle_load_args)\x1b[0m\n\x1b[1;32m   1521\x1b[0m                 \x1b[38;5;28;01mreturn\x1b[39;00m _load(\n\x1b[1;32m   1522\x1b[0m                     opened_zipfile,\n\x1b[1;32m   1523\x1b[0m                     map_location,\n\x1b[0;32m   (...)\x1b[0m\n\x1b[1;32m   1526\x1b[0m                     \x1b[38;5;241m*\x1b[39m\x1b[38;5;241m*\x1b[39mpickle_load_args,\n\x1b[1;32m   1527\x1b[0m                 )\n\x1b[1;32m   1528\x1b[0m             \x1b[38;5;28;01mexcept\x1b[39;00m pickle\x1b[38;5;241m.\x1b[39mUnpicklingError \x1b[38;5;28;01mas\x1b[39;00m e:\n\x1b[0;32m-> 1529\x1b[0m                 \x1b[38;5;28;01mraise\x1b[39;00m pickle\x1b[38;5;241m.\x1b[39mUnpicklingError(_get_wo_message(\x1b[38;5;28mstr\x1b[39m(e))) \x1b[38;5;28;01mfrom\x1b[39;00m\x1b[38;5;250m \x1b[39m\x1b[38;5;28;01mNone\x1b[39;00m\n\x1b[1;32m   1530\x1b[0m         \x1b[38;5;28;01mreturn\x1b[39;00m _load(\n\x1b[1;32m   1531\x1b[0m             opened_zipfile,\n\x1b[1;32m   1532\x1b[0m             map_location,\n\x1b[0;32m   (...)\x1b[0m\n\x1b[1;32m   1535\x1b[0m             \x1b[38;5;241m*\x1b[39m\x1b[38;5;241m*\x1b[39mpickle_load_args,\n\x1b[1;32m   1536\x1b[0m         )\n\x1b[1;32m   1537\x1b[0m \x1b[38;5;28;01mif\x1b[39;00m mmap:\n', '\x1b[0;31mUnpicklingError\x1b[0m: Weights only load failed. This file can still be loaded, to do so you have two options, \x1b[1mdo those steps only if you trust the source of the checkpoint\x1b[0m. \n\t(1) In PyTorch 2.6, we changed the default value of the `weights_only` argument in `torch.load` from `False` to `True`. Re-running `torch.load` with `weights_only` set to `False` will likely succeed, but it can result in arbitrary code execution. Do it only if you got the file from a trusted source.\n\t(2) Alternatively, to load with `weights_only=True` please check the recommended steps in the following error message.\n\tWeightsUnpickler error: Unsupported global: GLOBAL argparse.Namespace was not an allowed global by default. Please use `torch.serialization.add_safe_globals([argparse.Namespace])` or the `torch.serialization.safe_globals([argparse.Namespace])` context manager to allowlist this global if you trust this class/function.\n\nCheck the documentation of torch.load to learn more about types accepted by default with weights_only https://pytorch.org/docs/stable/generated/torch.load.html.'])
Error: UnpicklingError Weights only load failed. This file can still be loaded, to do so you have two options, [1mdo those steps only if you trust the source of the checkpoint[0m. 
	(1) In PyTorch 2.6, we changed the default value of the `weights_only` argument in `torch.load` from `False` to `True`. Re-running `torch.load` with `weights_only` set to `False` will likely succeed, but it can result in arbitrary code execution. Do it only if you got the file from a trusted source.
	(2) Alternatively, to load with `weights_only=True` please check the recommended steps in the following error message.
	WeightsUnpickler error: Unsupported global: GLOBAL argparse.Namespace was not an allowed global by default. Please use `torch.serialization.add_safe_globals([argparse.Namespace])` or the `torch.serialization.safe_globals([argparse.Namespace])` context manager to allowlist this global if you trust this class/function.

Check the documentation of torch.load to learn more about types accepted by default with weights_only https://pytorch.org/docs/stable/generated/torch.load.html.
Traceback:
[0;31m---------------------------------------------------------------------------[0m
[0;31mUnpicklingError[0m                           Traceback (most recent call last)
Cell [0;32mIn[8], line 2[0m
[1;32m      1[0m [38;5;28;01mimport[39;00m[38;5;250m [39m[38;5;21;01mbdikit[39;00m[38;5;250m [39m[38;5;28;01mas[39;00m[38;5;250m [39m[38;5;21;01mbdi[39;00m
[0;32m----> 2[0m top_matches [38;5;241m=[39m [43mbdi[49m[38;5;241;43m.[39;49m[43mtop_matches[49m[43m([49m[43mdf[49m[43m,[49m[43m [49m[43mcolumns[49m[38;5;241;43m=[39;49m[43m[[49m[38;5;124;43m"[39;49m[38;5;124;43msample_site[39;49m[38;5;124;43m"[39;49m[43m][49m[43m,[49m[43m [49m[43mtarget[49m[38;5;241;43m=[39;49m[38;5;124;43m"[39;49m[38;5;124;43mgdc[39;49m[38;5;124;43m"[39;49m[43m)[49m
[1;32m      3[0m top_matches[38;5;241m.[39mto_markdown()

File [0;32m/usr/local/lib/python3.10/site-packages/bdikit/api.py:133[0m, in [0;36mtop_matches[0;34m(source, columns, target, top_k, method, method_args)[0m
[1;32m    131[0m     [38;5;28;01mif[39;00m method_args [38;5;129;01mis[39;00m [38;5;28;01mNone[39;00m:
[1;32m    132[0m         method_args [38;5;241m=[39m {}
[0;32m--> 133[0m     topk_matcher [38;5;241m=[39m [43mTopkMatchers[49m[38;5;241;43m.[39;49m[43mget_matcher[49m[43m([49m[43mmethod[49m[43m,[49m[43m [49m[38;5;241;43m*[39;49m[38;5;241;43m*[39;49m[43mmethod_args[49m[43m)[49m
[1;32m    134[0m [38;5;28;01melif[39;00m [38;5;28misinstance[39m(method, BaseTopkSchemaMatcher):
[1;32m    135[0m     topk_matcher [38;5;241m=[39m method

File [0;32m/usr/local/lib/python3.10/site-packages/bdikit/schema_matching/topk/matcher_factory.py:31[0m, in [0;36mTopkMatchers.get_matcher[0;34m(matcher_name, **matcher_kwargs)[0m
[1;32m     28[0m module_path, class_name [38;5;241m=[39m matchers[matcher_name][38;5;241m.[39mrsplit([38;5;124m"[39m[38;5;124m.[39m[38;5;124m"[39m, [38;5;241m1[39m)
[1;32m     29[0m module [38;5;241m=[39m importlib[38;5;241m.[39mimport_module(module_path)
[0;32m---> 31[0m [38;5;28;01mreturn[39;00m [38;5;28;43mgetattr[39;49m[43m([49m[43mmodule[49m[43m,[49m[43m [49m[43mclass_name[49m[43m)[49m[43m([49m[38;5;241;43m*[39;49m[38;5;241;43m*[39;49m[43mmatcher_kwargs[49m[43m)[49m

File [0;32m/usr/local/lib/python3.10/site-packages/bdikit/schema_matching/topk/contrastivelearning.py:60[0m, in [0;36mCLTopkSchemaMatcher.__init__[0;34m(self, model_name, metric)[0m
[1;32m     58[0m [38;5;28;01mdef[39;00m[38;5;250m [39m[38;5;21m__init__[39m([38;5;28mself[39m, model_name: [38;5;28mstr[39m [38;5;241m=[39m DEFAULT_CL_MODEL, metric: [38;5;28mstr[39m [38;5;241m=[39m [38;5;124m"[39m[38;5;124mcosine[39m[38;5;124m"[39m):
[1;32m     59[0m     [38;5;28msuper[39m()[38;5;241m.[39m[38;5;21m__init__[39m(
[0;32m---> 60[0m         column_embedder[38;5;241m=[39m[43mContrastiveLearningAPI[49m[43m([49m[43mmodel_name[49m[38;5;241;43m=[39;49m[43mmodel_name[49m[43m)[49m, metric[38;5;241m=[39mmetric
[1;32m     61[0m     )

File [0;32m/usr/local/lib/python3.10/site-packages/bdikit/models/contrastive_learning/cl_api.py:45[0m, in [0;36mContrastiveLearningAPI.__init__[0;34m(self, model_path, model_name, batch_size)[0m
[1;32m     43[0m [38;5;28mself[39m[38;5;241m.[39mbatch_size [38;5;241m=[39m batch_size
[1;32m     44[0m [38;5;28mself[39m[38;5;241m.[39mdevice [38;5;241m=[39m get_device()
[0;32m---> 45[0m [38;5;28mself[39m[38;5;241m.[39mmodel [38;5;241m=[39m [38;5;28;43mself[39;49m[38;5;241;43m.[39;49m[43mload_checkpoint[49m[43m([49m[43m)[49m

File [0;32m/usr/local/lib/python3.10/site-packages/bdikit/models/contrastive_learning/cl_api.py:48[0m, in [0;36mContrastiveLearningAPI.load_checkpoint[0;34m(self, lm)[0m
[1;32m     47[0m [38;5;28;01mdef[39;00m[38;5;250m [39m[38;5;21mload_checkpoint[39m([38;5;28mself[39m, lm: [38;5;28mstr[39m [38;5;241m=[39m [38;5;124m"[39m[38;5;124mroberta[39m[38;5;124m"[39m):
[0;32m---> 48[0m     ckpt [38;5;241m=[39m [43mtorch[49m[38;5;241;43m.[39;49m[43mload[49m[43m([49m[38;5;28;43mself[39;49m[38;5;241;43m.[39;49m[43mmodel_path[49m[43m,[49m[43m [49m[43mmap_location[49m[38;5;241;43m=[39;49m[43mtorch[49m[38;5;241;43m.[39;49m[43mdevice[49m[43m([49m[38;5;124;43m"[39;49m[38;5;124;43mcpu[39;49m[38;5;124;43m"[39;49m[43m)[49m[43m)[49m
[1;32m     49[0m     scale_loss [38;5;241m=[39m [38;5;241m0.1[39m
[1;32m     50[0m     lambd [38;5;241m=[39m [38;5;241m3.9[39m

File [0;32m/usr/local/lib/python3.10/site-packages/torch/serialization.py:1529[0m, in [0;36mload[0;34m(f, map_location, pickle_module, weights_only, mmap, **pickle_load_args)[0m
[1;32m   1521[0m                 [38;5;28;01mreturn[39;00m _load(
[1;32m   1522[0m                     opened_zipfile,
[1;32m   1523[0m                     map_location,
[0;32m   (...)[0m
[1;32m   1526[0m                     [38;5;241m*[39m[38;5;241m*[39mpickle_load_args,
[1;32m   1527[0m                 )
[1;32m   1528[0m             [38;5;28;01mexcept[39;00m pickle[38;5;241m.[39mUnpicklingError [38;5;28;01mas[39;00m e:
[0;32m-> 1529[0m                 [38;5;28;01mraise[39;00m pickle[38;5;241m.[39mUnpicklingError(_get_wo_message([38;5;28mstr[39m(e))) [38;5;28;01mfrom[39;00m[38;5;250m [39m[38;5;28;01mNone[39;00m
[1;32m   1530[0m         [38;5;28;01mreturn[39;00m _load(
[1;32m   1531[0m             opened_zipfile,
[1;32m   1532[0m             map_location,
[0;32m   (...)[0m
[1;32m   1535[0m             [38;5;241m*[39m[38;5;241m*[39mpickle_load_args,
[1;32m   1536[0m         )
[1;32m   1537[0m [38;5;28;01mif[39;00m mmap:

[0;31mUnpicklingError[0m: Weights only load failed. This file can still be loaded, to do so you have two options, [1mdo those steps only if you trust the source of the checkpoint[0m. 
	(1) In PyTorch 2.6, we changed the default value of the `weights_only` argument in `torch.load` from `False` to `True`. Re-running `torch.load` with `weights_only` set to `False` will likely succeed, but it can result in arbitrary code execution. Do it only if you got the file from a trusted source.
	(2) Alternatively, to load with `weights_only=True` please check the recommended steps in the following error message.
	WeightsUnpickler error: Unsupported global: GLOBAL argparse.Namespace was not an allowed global by default. Please use `torch.serialization.add_safe_globals([argparse.Namespace])` or the `torch.serialization.safe_globals([argparse.Namespace])` context manager to allowlist this global if you trust this class/function.

Check the documentation of torch.load to learn more about types accepted by default with weights_only https://pytorch.org/docs/stable/generated/torch.load.html.
Uncaught exception in ZMQStream callback
Traceback (most recent call last):
  File "/usr/local/lib/python3.10/site-packages/zmq/eventloop/zmqstream.py", line 565, in _log_error
    f.result()
  File "/usr/local/lib/python3.10/site-packages/beaker_kernel/lib/jupyter_kernel_proxy.py", line 253, in handler
    new_data = await callback(self, other_stream, data)
  File "/usr/local/lib/python3.10/site-packages/beaker_kernel/lib/context.py", line 835, in handle_error
    raise ExecutionError(content["ename"], content["evalue"], content["traceback"])
beaker_kernel.lib.utils.ExecutionError: ('UnpicklingError', 'Weights only load failed. This file can still be loaded, to do so you have two options, \x1b[1mdo those steps only if you trust the source of the checkpoint\x1b[0m. \n\t(1) In PyTorch 2.6, we changed the default value of the `weights_only` argument in `torch.load` from `False` to `True`. Re-running `torch.load` with `weights_only` set to `False` will likely succeed, but it can result in arbitrary code execution. Do it only if you got the file from a trusted source.\n\t(2) Alternatively, to load with `weights_only=True` please check the recommended steps in the following error message.\n\tWeightsUnpickler error: Unsupported global: GLOBAL argparse.Namespace was not an allowed global by default. Please use `torch.serialization.add_safe_globals([argparse.Namespace])` or the `torch.serialization.safe_globals([argparse.Namespace])` context manager to allowlist this global if you trust this class/function.\n\nCheck the documentation of torch.load to learn more about types accepted by default with weights_only https://pytorch.org/docs/stable/generated/torch.load.html.', ['\x1b[0;31m---------------------------------------------------------------------------\x1b[0m', '\x1b[0;31mUnpicklingError\x1b[0m                           Traceback (most recent call last)', 'Cell \x1b[0;32mIn[8], line 2\x1b[0m\n\x1b[1;32m      1\x1b[0m \x1b[38;5;28;01mimport\x1b[39;00m\x1b[38;5;250m \x1b[39m\x1b[38;5;21;01mbdikit\x1b[39;00m\x1b[38;5;250m \x1b[39m\x1b[38;5;28;01mas\x1b[39;00m\x1b[38;5;250m \x1b[39m\x1b[38;5;21;01mbdi\x1b[39;00m\n\x1b[0;32m----> 2\x1b[0m top_matches \x1b[38;5;241m=\x1b[39m \x1b[43mbdi\x1b[49m\x1b[38;5;241;43m.\x1b[39;49m\x1b[43mtop_matches\x1b[49m\x1b[43m(\x1b[49m\x1b[43mdf\x1b[49m\x1b[43m,\x1b[49m\x1b[43m \x1b[49m\x1b[43mcolumns\x1b[49m\x1b[38;5;241;43m=\x1b[39;49m\x1b[43m[\x1b[49m\x1b[38;5;124;43m"\x1b[39;49m\x1b[38;5;124;43msample_site\x1b[39;49m\x1b[38;5;124;43m"\x1b[39;49m\x1b[43m]\x1b[49m\x1b[43m,\x1b[49m\x1b[43m \x1b[49m\x1b[43mtarget\x1b[49m\x1b[38;5;241;43m=\x1b[39;49m\x1b[38;5;124;43m"\x1b[39;49m\x1b[38;5;124;43mgdc\x1b[39;49m\x1b[38;5;124;43m"\x1b[39;49m\x1b[43m)\x1b[49m\n\x1b[1;32m      3\x1b[0m top_matches\x1b[38;5;241m.\x1b[39mto_markdown()\n', 'File \x1b[0;32m/usr/local/lib/python3.10/site-packages/bdikit/api.py:133\x1b[0m, in \x1b[0;36mtop_matches\x1b[0;34m(source, columns, target, top_k, method, method_args)\x1b[0m\n\x1b[1;32m    131\x1b[0m     \x1b[38;5;28;01mif\x1b[39;00m method_args \x1b[38;5;129;01mis\x1b[39;00m \x1b[38;5;28;01mNone\x1b[39;00m:\n\x1b[1;32m    132\x1b[0m         method_args \x1b[38;5;241m=\x1b[39m {}\n\x1b[0;32m--> 133\x1b[0m     topk_matcher \x1b[38;5;241m=\x1b[39m \x1b[43mTopkMatchers\x1b[49m\x1b[38;5;241;43m.\x1b[39;49m\x1b[43mget_matcher\x1b[49m\x1b[43m(\x1b[49m\x1b[43mmethod\x1b[49m\x1b[43m,\x1b[49m\x1b[43m \x1b[49m\x1b[38;5;241;43m*\x1b[39;49m\x1b[38;5;241;43m*\x1b[39;49m\x1b[43mmethod_args\x1b[49m\x1b[43m)\x1b[49m\n\x1b[1;32m    134\x1b[0m \x1b[38;5;28;01melif\x1b[39;00m \x1b[38;5;28misinstance\x1b[39m(method, BaseTopkSchemaMatcher):\n\x1b[1;32m    135\x1b[0m     topk_matcher \x1b[38;5;241m=\x1b[39m method\n', 'File \x1b[0;32m/usr/local/lib/python3.10/site-packages/bdikit/schema_matching/topk/matcher_factory.py:31\x1b[0m, in \x1b[0;36mTopkMatchers.get_matcher\x1b[0;34m(matcher_name, **matcher_kwargs)\x1b[0m\n\x1b[1;32m     28\x1b[0m module_path, class_name \x1b[38;5;241m=\x1b[39m matchers[matcher_name]\x1b[38;5;241m.\x1b[39mrsplit(\x1b[38;5;124m"\x1b[39m\x1b[38;5;124m.\x1b[39m\x1b[38;5;124m"\x1b[39m, \x1b[38;5;241m1\x1b[39m)\n\x1b[1;32m     29\x1b[0m module \x1b[38;5;241m=\x1b[39m importlib\x1b[38;5;241m.\x1b[39mimport_module(module_path)\n\x1b[0;32m---> 31\x1b[0m \x1b[38;5;28;01mreturn\x1b[39;00m \x1b[38;5;28;43mgetattr\x1b[39;49m\x1b[43m(\x1b[49m\x1b[43mmodule\x1b[49m\x1b[43m,\x1b[49m\x1b[43m \x1b[49m\x1b[43mclass_name\x1b[49m\x1b[43m)\x1b[49m\x1b[43m(\x1b[49m\x1b[38;5;241;43m*\x1b[39;49m\x1b[38;5;241;43m*\x1b[39;49m\x1b[43mmatcher_kwargs\x1b[49m\x1b[43m)\x1b[49m\n', 'File \x1b[0;32m/usr/local/lib/python3.10/site-packages/bdikit/schema_matching/topk/contrastivelearning.py:60\x1b[0m, in \x1b[0;36mCLTopkSchemaMatcher.__init__\x1b[0;34m(self, model_name, metric)\x1b[0m\n\x1b[1;32m     58\x1b[0m \x1b[38;5;28;01mdef\x1b[39;00m\x1b[38;5;250m \x1b[39m\x1b[38;5;21m__init__\x1b[39m(\x1b[38;5;28mself\x1b[39m, model_name: \x1b[38;5;28mstr\x1b[39m \x1b[38;5;241m=\x1b[39m DEFAULT_CL_MODEL, metric: \x1b[38;5;28mstr\x1b[39m \x1b[38;5;241m=\x1b[39m \x1b[38;5;124m"\x1b[39m\x1b[38;5;124mcosine\x1b[39m\x1b[38;5;124m"\x1b[39m):\n\x1b[1;32m     59\x1b[0m     \x1b[38;5;28msuper\x1b[39m()\x1b[38;5;241m.\x1b[39m\x1b[38;5;21m__init__\x1b[39m(\n\x1b[0;32m---> 60\x1b[0m         column_embedder\x1b[38;5;241m=\x1b[39m\x1b[43mContrastiveLearningAPI\x1b[49m\x1b[43m(\x1b[49m\x1b[43mmodel_name\x1b[49m\x1b[38;5;241;43m=\x1b[39;49m\x1b[43mmodel_name\x1b[49m\x1b[43m)\x1b[49m, metric\x1b[38;5;241m=\x1b[39mmetric\n\x1b[1;32m     61\x1b[0m     )\n', 'File \x1b[0;32m/usr/local/lib/python3.10/site-packages/bdikit/models/contrastive_learning/cl_api.py:45\x1b[0m, in \x1b[0;36mContrastiveLearningAPI.__init__\x1b[0;34m(self, model_path, model_name, batch_size)\x1b[0m\n\x1b[1;32m     43\x1b[0m \x1b[38;5;28mself\x1b[39m\x1b[38;5;241m.\x1b[39mbatch_size \x1b[38;5;241m=\x1b[39m batch_size\n\x1b[1;32m     44\x1b[0m \x1b[38;5;28mself\x1b[39m\x1b[38;5;241m.\x1b[39mdevice \x1b[38;5;241m=\x1b[39m get_device()\n\x1b[0;32m---> 45\x1b[0m \x1b[38;5;28mself\x1b[39m\x1b[38;5;241m.\x1b[39mmodel \x1b[38;5;241m=\x1b[39m \x1b[38;5;28;43mself\x1b[39;49m\x1b[38;5;241;43m.\x1b[39;49m\x1b[43mload_checkpoint\x1b[49m\x1b[43m(\x1b[49m\x1b[43m)\x1b[49m\n', 'File \x1b[0;32m/usr/local/lib/python3.10/site-packages/bdikit/models/contrastive_learning/cl_api.py:48\x1b[0m, in \x1b[0;36mContrastiveLearningAPI.load_checkpoint\x1b[0;34m(self, lm)\x1b[0m\n\x1b[1;32m     47\x1b[0m \x1b[38;5;28;01mdef\x1b[39;00m\x1b[38;5;250m \x1b[39m\x1b[38;5;21mload_checkpoint\x1b[39m(\x1b[38;5;28mself\x1b[39m, lm: \x1b[38;5;28mstr\x1b[39m \x1b[38;5;241m=\x1b[39m \x1b[38;5;124m"\x1b[39m\x1b[38;5;124mroberta\x1b[39m\x1b[38;5;124m"\x1b[39m):\n\x1b[0;32m---> 48\x1b[0m     ckpt \x1b[38;5;241m=\x1b[39m \x1b[43mtorch\x1b[49m\x1b[38;5;241;43m.\x1b[39;49m\x1b[43mload\x1b[49m\x1b[43m(\x1b[49m\x1b[38;5;28;43mself\x1b[39;49m\x1b[38;5;241;43m.\x1b[39;49m\x1b[43mmodel_path\x1b[49m\x1b[43m,\x1b[49m\x1b[43m \x1b[49m\x1b[43mmap_location\x1b[49m\x1b[38;5;241;43m=\x1b[39;49m\x1b[43mtorch\x1b[49m\x1b[38;5;241;43m.\x1b[39;49m\x1b[43mdevice\x1b[49m\x1b[43m(\x1b[49m\x1b[38;5;124;43m"\x1b[39;49m\x1b[38;5;124;43mcpu\x1b[39;49m\x1b[38;5;124;43m"\x1b[39;49m\x1b[43m)\x1b[49m\x1b[43m)\x1b[49m\n\x1b[1;32m     49\x1b[0m     scale_loss \x1b[38;5;241m=\x1b[39m \x1b[38;5;241m0.1\x1b[39m\n\x1b[1;32m     50\x1b[0m     lambd \x1b[38;5;241m=\x1b[39m \x1b[38;5;241m3.9\x1b[39m\n', 'File \x1b[0;32m/usr/local/lib/python3.10/site-packages/torch/serialization.py:1529\x1b[0m, in \x1b[0;36mload\x1b[0;34m(f, map_location, pickle_module, weights_only, mmap, **pickle_load_args)\x1b[0m\n\x1b[1;32m   1521\x1b[0m                 \x1b[38;5;28;01mreturn\x1b[39;00m _load(\n\x1b[1;32m   1522\x1b[0m                     opened_zipfile,\n\x1b[1;32m   1523\x1b[0m                     map_location,\n\x1b[0;32m   (...)\x1b[0m\n\x1b[1;32m   1526\x1b[0m                     \x1b[38;5;241m*\x1b[39m\x1b[38;5;241m*\x1b[39mpickle_load_args,\n\x1b[1;32m   1527\x1b[0m                 )\n\x1b[1;32m   1528\x1b[0m             \x1b[38;5;28;01mexcept\x1b[39;00m pickle\x1b[38;5;241m.\x1b[39mUnpicklingError \x1b[38;5;28;01mas\x1b[39;00m e:\n\x1b[0;32m-> 1529\x1b[0m                 \x1b[38;5;28;01mraise\x1b[39;00m pickle\x1b[38;5;241m.\x1b[39mUnpicklingError(_get_wo_message(\x1b[38;5;28mstr\x1b[39m(e))) \x1b[38;5;28;01mfrom\x1b[39;00m\x1b[38;5;250m \x1b[39m\x1b[38;5;28;01mNone\x1b[39;00m\n\x1b[1;32m   1530\x1b[0m         \x1b[38;5;28;01mreturn\x1b[39;00m _load(\n\x1b[1;32m   1531\x1b[0m             opened_zipfile,\n\x1b[1;32m   1532\x1b[0m             map_location,\n\x1b[0;32m   (...)\x1b[0m\n\x1b[1;32m   1535\x1b[0m             \x1b[38;5;241m*\x1b[39m\x1b[38;5;241m*\x1b[39mpickle_load_args,\n\x1b[1;32m   1536\x1b[0m         )\n\x1b[1;32m   1537\x1b[0m \x1b[38;5;28;01mif\x1b[39;00m mmap:\n', '\x1b[0;31mUnpicklingError\x1b[0m: Weights only load failed. This file can still be loaded, to do so you have two options, \x1b[1mdo those steps only if you trust the source of the checkpoint\x1b[0m. \n\t(1) In PyTorch 2.6, we changed the default value of the `weights_only` argument in `torch.load` from `False` to `True`. Re-running `torch.load` with `weights_only` set to `False` will likely succeed, but it can result in arbitrary code execution. Do it only if you got the file from a trusted source.\n\t(2) Alternatively, to load with `weights_only=True` please check the recommended steps in the following error message.\n\tWeightsUnpickler error: Unsupported global: GLOBAL argparse.Namespace was not an allowed global by default. Please use `torch.serialization.add_safe_globals([argparse.Namespace])` or the `torch.serialization.safe_globals([argparse.Namespace])` context manager to allowlist this global if you trust this class/function.\n\nCheck the documentation of torch.load to learn more about types accepted by default with weights_only https://pytorch.org/docs/stable/generated/torch.load.html.'])
[I 2026-01-14 15:22:00.197 BeakerServerApp] 302 GET / (@127.0.0.1) 0.52ms
[W 2026-01-14 15:22:00.201 BeakerServerApp] 405 POST /notebook?token=[secret] (@127.0.0.1) 0.40ms referer=None
Error: UnpicklingError Weights only load failed. This file can still be loaded, to do so you have two options, [1mdo those steps only if you trust the source of the checkpoint[0m. 
	(1) In PyTorch 2.6, we changed the default value of the `weights_only` argument in `torch.load` from `False` to `True`. Re-running `torch.load` with `weights_only` set to `False` will likely succeed, but it can result in arbitrary code execution. Do it only if you got the file from a trusted source.
	(2) Alternatively, to load with `weights_only=True` please check the recommended steps in the following error message.
	WeightsUnpickler error: Unsupported global: GLOBAL argparse.Namespace was not an allowed global by default. Please use `torch.serialization.add_safe_globals([argparse.Namespace])` or the `torch.serialization.safe_globals([argparse.Namespace])` context manager to allowlist this global if you trust this class/function.

Check the documentation of torch.load to learn more about types accepted by default with weights_only https://pytorch.org/docs/stable/generated/torch.load.html.
Traceback:
[0;31m---------------------------------------------------------------------------[0m
[0;31mUnpicklingError[0m                           Traceback (most recent call last)
Cell [0;32mIn[8], line 2[0m
[1;32m      1[0m [38;5;28;01mimport[39;00m[38;5;250m [39m[38;5;21;01mbdikit[39;00m[38;5;250m [39m[38;5;28;01mas[39;00m[38;5;250m [39m[38;5;21;01mbdi[39;00m
[0;32m----> 2[0m top_matches [38;5;241m=[39m [43mbdi[49m[38;5;241;43m.[39;49m[43mtop_matches[49m[43m([49m[43mdf[49m[43m,[49m[43m [49m[43mcolumns[49m[38;5;241;43m=[39;49m[43m[[49m[38;5;124;43m"[39;49m[38;5;124;43mdiagnosis[39;49m[38;5;124;43m"[39;49m[43m][49m[43m,[49m[43m [49m[43mtarget[49m[38;5;241;43m=[39;49m[38;5;124;43m"[39;49m[38;5;124;43mgdc[39;49m[38;5;124;43m"[39;49m[43m)[49m
[1;32m      3[0m top_matches[38;5;241m.[39mto_markdown()

File [0;32m/usr/local/lib/python3.10/site-packages/bdikit/api.py:133[0m, in [0;36mtop_matches[0;34m(source, columns, target, top_k, method, method_args)[0m
[1;32m    131[0m     [38;5;28;01mif[39;00m method_args [38;5;129;01mis[39;00m [38;5;28;01mNone[39;00m:
[1;32m    132[0m         method_args [38;5;241m=[39m {}
[0;32m--> 133[0m     topk_matcher [38;5;241m=[39m [43mTopkMatchers[49m[38;5;241;43m.[39;49m[43mget_matcher[49m[43m([49m[43mmethod[49m[43m,[49m[43m [49m[38;5;241;43m*[39;49m[38;5;241;43m*[39;49m[43mmethod_args[49m[43m)[49m
[1;32m    134[0m [38;5;28;01melif[39;00m [38;5;28misinstance[39m(method, BaseTopkSchemaMatcher):
[1;32m    135[0m     topk_matcher [38;5;241m=[39m method

File [0;32m/usr/local/lib/python3.10/site-packages/bdikit/schema_matching/topk/matcher_factory.py:31[0m, in [0;36mTopkMatchers.get_matcher[0;34m(matcher_name, **matcher_kwargs)[0m
[1;32m     28[0m module_path, class_name [38;5;241m=[39m matchers[matcher_name][38;5;241m.[39mrsplit([38;5;124m"[39m[38;5;124m.[39m[38;5;124m"[39m, [38;5;241m1[39m)
[1;32m     29[0m module [38;5;241m=[39m importlib[38;5;241m.[39mimport_module(module_path)
[0;32m---> 31[0m [38;5;28;01mreturn[39;00m [38;5;28;43mgetattr[39;49m[43m([49m[43mmodule[49m[43m,[49m[43m [49m[43mclass_name[49m[43m)[49m[43m([49m[38;5;241;43m*[39;49m[38;5;241;43m*[39;49m[43mmatcher_kwargs[49m[43m)[49m

File [0;32m/usr/local/lib/python3.10/site-packages/bdikit/schema_matching/topk/contrastivelearning.py:60[0m, in [0;36mCLTopkSchemaMatcher.__init__[0;34m(self, model_name, metric)[0m
[1;32m     58[0m [38;5;28;01mdef[39;00m[38;5;250m [39m[38;5;21m__init__[39m([38;5;28mself[39m, model_name: [38;5;28mstr[39m [38;5;241m=[39m DEFAULT_CL_MODEL, metric: [38;5;28mstr[39m [38;5;241m=[39m [38;5;124m"[39m[38;5;124mcosine[39m[38;5;124m"[39m):
[1;32m     59[0m     [38;5;28msuper[39m()[38;5;241m.[39m[38;5;21m__init__[39m(
[0;32m---> 60[0m         column_embedder[38;5;241m=[39m[43mContrastiveLearningAPI[49m[43m([49m[43mmodel_name[49m[38;5;241;43m=[39;49m[43mmodel_name[49m[43m)[49m, metric[38;5;241m=[39mmetric
[1;32m     61[0m     )

File [0;32m/usr/local/lib/python3.10/site-packages/bdikit/models/contrastive_learning/cl_api.py:45[0m, in [0;36mContrastiveLearningAPI.__init__[0;34m(self, model_path, model_name, batch_size)[0m
[1;32m     43[0m [38;5;28mself[39m[38;5;241m.[39mbatch_size [38;5;241m=[39m batch_size
[1;32m     44[0m [38;5;28mself[39m[38;5;241m.[39mdevice [38;5;241m=[39m get_device()
[0;32m---> 45[0m [38;5;28mself[39m[38;5;241m.[39mmodel [38;5;241m=[39m [38;5;28;43mself[39;49m[38;5;241;43m.[39;49m[43mload_checkpoint[49m[43m([49m[43m)[49m

File [0;32m/usr/local/lib/python3.10/site-packages/bdikit/models/contrastive_learning/cl_api.py:48[0m, in [0;36mContrastiveLearningAPI.load_checkpoint[0;34m(self, lm)[0m
[1;32m     47[0m [38;5;28;01mdef[39;00m[38;5;250m [39m[38;5;21mload_checkpoint[39m([38;5;28mself[39m, lm: [38;5;28mstr[39m [38;5;241m=[39m [38;5;124m"[39m[38;5;124mroberta[39m[38;5;124m"[39m):
[0;32m---> 48[0m     ckpt [38;5;241m=[39m [43mtorch[49m[38;5;241;43m.[39;49m[43mload[49m[43m([49m[38;5;28;43mself[39;49m[38;5;241;43m.[39;49m[43mmodel_path[49m[43m,[49m[43m [49m[43mmap_location[49m[38;5;241;43m=[39;49m[43mtorch[49m[38;5;241;43m.[39;49m[43mdevice[49m[43m([49m[38;5;124;43m"[39;49m[38;5;124;43mcpu[39;49m[38;5;124;43m"[39;49m[43m)[49m[43m)[49m
[1;32m     49[0m     scale_loss [38;5;241m=[39m [38;5;241m0.1[39m
[1;32m     50[0m     lambd [38;5;241m=[39m [38;5;241m3.9[39m

File [0;32m/usr/local/lib/python3.10/site-packages/torch/serialization.py:1529[0m, in [0;36mload[0;34m(f, map_location, pickle_module, weights_only, mmap, **pickle_load_args)[0m
[1;32m   1521[0m                 [38;5;28;01mreturn[39;00m _load(
[1;32m   1522[0m                     opened_zipfile,
[1;32m   1523[0m                     map_location,
[0;32m   (...)[0m
[1;32m   1526[0m                     [38;5;241m*[39m[38;5;241m*[39mpickle_load_args,
[1;32m   1527[0m                 )
[1;32m   1528[0m             [38;5;28;01mexcept[39;00m pickle[38;5;241m.[39mUnpicklingError [38;5;28;01mas[39;00m e:
[0;32m-> 1529[0m                 [38;5;28;01mraise[39;00m pickle[38;5;241m.[39mUnpicklingError(_get_wo_message([38;5;28mstr[39m(e))) [38;5;28;01mfrom[39;00m[38;5;250m [39m[38;5;28;01mNone[39;00m
[1;32m   1530[0m         [38;5;28;01mreturn[39;00m _load(
[1;32m   1531[0m             opened_zipfile,
[1;32m   1532[0m             map_location,
[0;32m   (...)[0m
[1;32m   1535[0m             [38;5;241m*[39m[38;5;241m*[39mpickle_load_args,
[1;32m   1536[0m         )
[1;32m   1537[0m [38;5;28;01mif[39;00m mmap:

[0;31mUnpicklingError[0m: Weights only load failed. This file can still be loaded, to do so you have two options, [1mdo those steps only if you trust the source of the checkpoint[0m. 
	(1) In PyTorch 2.6, we changed the default value of the `weights_only` argument in `torch.load` from `False` to `True`. Re-running `torch.load` with `weights_only` set to `False` will likely succeed, but it can result in arbitrary code execution. Do it only if you got the file from a trusted source.
	(2) Alternatively, to load with `weights_only=True` please check the recommended steps in the following error message.
	WeightsUnpickler error: Unsupported global: GLOBAL argparse.Namespace was not an allowed global by default. Please use `torch.serialization.add_safe_globals([argparse.Namespace])` or the `torch.serialization.safe_globals([argparse.Namespace])` context manager to allowlist this global if you trust this class/function.

Check the documentation of torch.load to learn more about types accepted by default with weights_only https://pytorch.org/docs/stable/generated/torch.load.html.
Uncaught exception in ZMQStream callback
Traceback (most recent call last):
  File "/usr/local/lib/python3.10/site-packages/zmq/eventloop/zmqstream.py", line 565, in _log_error
    f.result()
  File "/usr/local/lib/python3.10/site-packages/beaker_kernel/lib/jupyter_kernel_proxy.py", line 253, in handler
    new_data = await callback(self, other_stream, data)
  File "/usr/local/lib/python3.10/site-packages/beaker_kernel/lib/context.py", line 835, in handle_error
    raise ExecutionError(content["ename"], content["evalue"], content["traceback"])
beaker_kernel.lib.utils.ExecutionError: ('UnpicklingError', 'Weights only load failed. This file can still be loaded, to do so you have two options, \x1b[1mdo those steps only if you trust the source of the checkpoint\x1b[0m. \n\t(1) In PyTorch 2.6, we changed the default value of the `weights_only` argument in `torch.load` from `False` to `True`. Re-running `torch.load` with `weights_only` set to `False` will likely succeed, but it can result in arbitrary code execution. Do it only if you got the file from a trusted source.\n\t(2) Alternatively, to load with `weights_only=True` please check the recommended steps in the following error message.\n\tWeightsUnpickler error: Unsupported global: GLOBAL argparse.Namespace was not an allowed global by default. Please use `torch.serialization.add_safe_globals([argparse.Namespace])` or the `torch.serialization.safe_globals([argparse.Namespace])` context manager to allowlist this global if you trust this class/function.\n\nCheck the documentation of torch.load to learn more about types accepted by default with weights_only https://pytorch.org/docs/stable/generated/torch.load.html.', ['\x1b[0;31m---------------------------------------------------------------------------\x1b[0m', '\x1b[0;31mUnpicklingError\x1b[0m                           Traceback (most recent call last)', 'Cell \x1b[0;32mIn[8], line 2\x1b[0m\n\x1b[1;32m      1\x1b[0m \x1b[38;5;28;01mimport\x1b[39;00m\x1b[38;5;250m \x1b[39m\x1b[38;5;21;01mbdikit\x1b[39;00m\x1b[38;5;250m \x1b[39m\x1b[38;5;28;01mas\x1b[39;00m\x1b[38;5;250m \x1b[39m\x1b[38;5;21;01mbdi\x1b[39;00m\n\x1b[0;32m----> 2\x1b[0m top_matches \x1b[38;5;241m=\x1b[39m \x1b[43mbdi\x1b[49m\x1b[38;5;241;43m.\x1b[39;49m\x1b[43mtop_matches\x1b[49m\x1b[43m(\x1b[49m\x1b[43mdf\x1b[49m\x1b[43m,\x1b[49m\x1b[43m \x1b[49m\x1b[43mcolumns\x1b[49m\x1b[38;5;241;43m=\x1b[39;49m\x1b[43m[\x1b[49m\x1b[38;5;124;43m"\x1b[39;49m\x1b[38;5;124;43mdiagnosis\x1b[39;49m\x1b[38;5;124;43m"\x1b[39;49m\x1b[43m]\x1b[49m\x1b[43m,\x1b[49m\x1b[43m \x1b[49m\x1b[43mtarget\x1b[49m\x1b[38;5;241;43m=\x1b[39;49m\x1b[38;5;124;43m"\x1b[39;49m\x1b[38;5;124;43mgdc\x1b[39;49m\x1b[38;5;124;43m"\x1b[39;49m\x1b[43m)\x1b[49m\n\x1b[1;32m      3\x1b[0m top_matches\x1b[38;5;241m.\x1b[39mto_markdown()\n', 'File \x1b[0;32m/usr/local/lib/python3.10/site-packages/bdikit/api.py:133\x1b[0m, in \x1b[0;36mtop_matches\x1b[0;34m(source, columns, target, top_k, method, method_args)\x1b[0m\n\x1b[1;32m    131\x1b[0m     \x1b[38;5;28;01mif\x1b[39;00m method_args \x1b[38;5;129;01mis\x1b[39;00m \x1b[38;5;28;01mNone\x1b[39;00m:\n\x1b[1;32m    132\x1b[0m         method_args \x1b[38;5;241m=\x1b[39m {}\n\x1b[0;32m--> 133\x1b[0m     topk_matcher \x1b[38;5;241m=\x1b[39m \x1b[43mTopkMatchers\x1b[49m\x1b[38;5;241;43m.\x1b[39;49m\x1b[43mget_matcher\x1b[49m\x1b[43m(\x1b[49m\x1b[43mmethod\x1b[49m\x1b[43m,\x1b[49m\x1b[43m \x1b[49m\x1b[38;5;241;43m*\x1b[39;49m\x1b[38;5;241;43m*\x1b[39;49m\x1b[43mmethod_args\x1b[49m\x1b[43m)\x1b[49m\n\x1b[1;32m    134\x1b[0m \x1b[38;5;28;01melif\x1b[39;00m \x1b[38;5;28misinstance\x1b[39m(method, BaseTopkSchemaMatcher):\n\x1b[1;32m    135\x1b[0m     topk_matcher \x1b[38;5;241m=\x1b[39m method\n', 'File \x1b[0;32m/usr/local/lib/python3.10/site-packages/bdikit/schema_matching/topk/matcher_factory.py:31\x1b[0m, in \x1b[0;36mTopkMatchers.get_matcher\x1b[0;34m(matcher_name, **matcher_kwargs)\x1b[0m\n\x1b[1;32m     28\x1b[0m module_path, class_name \x1b[38;5;241m=\x1b[39m matchers[matcher_name]\x1b[38;5;241m.\x1b[39mrsplit(\x1b[38;5;124m"\x1b[39m\x1b[38;5;124m.\x1b[39m\x1b[38;5;124m"\x1b[39m, \x1b[38;5;241m1\x1b[39m)\n\x1b[1;32m     29\x1b[0m module \x1b[38;5;241m=\x1b[39m importlib\x1b[38;5;241m.\x1b[39mimport_module(module_path)\n\x1b[0;32m---> 31\x1b[0m \x1b[38;5;28;01mreturn\x1b[39;00m \x1b[38;5;28;43mgetattr\x1b[39;49m\x1b[43m(\x1b[49m\x1b[43mmodule\x1b[49m\x1b[43m,\x1b[49m\x1b[43m \x1b[49m\x1b[43mclass_name\x1b[49m\x1b[43m)\x1b[49m\x1b[43m(\x1b[49m\x1b[38;5;241;43m*\x1b[39;49m\x1b[38;5;241;43m*\x1b[39;49m\x1b[43mmatcher_kwargs\x1b[49m\x1b[43m)\x1b[49m\n', 'File \x1b[0;32m/usr/local/lib/python3.10/site-packages/bdikit/schema_matching/topk/contrastivelearning.py:60\x1b[0m, in \x1b[0;36mCLTopkSchemaMatcher.__init__\x1b[0;34m(self, model_name, metric)\x1b[0m\n\x1b[1;32m     58\x1b[0m \x1b[38;5;28;01mdef\x1b[39;00m\x1b[38;5;250m \x1b[39m\x1b[38;5;21m__init__\x1b[39m(\x1b[38;5;28mself\x1b[39m, model_name: \x1b[38;5;28mstr\x1b[39m \x1b[38;5;241m=\x1b[39m DEFAULT_CL_MODEL, metric: \x1b[38;5;28mstr\x1b[39m \x1b[38;5;241m=\x1b[39m \x1b[38;5;124m"\x1b[39m\x1b[38;5;124mcosine\x1b[39m\x1b[38;5;124m"\x1b[39m):\n\x1b[1;32m     59\x1b[0m     \x1b[38;5;28msuper\x1b[39m()\x1b[38;5;241m.\x1b[39m\x1b[38;5;21m__init__\x1b[39m(\n\x1b[0;32m---> 60\x1b[0m         column_embedder\x1b[38;5;241m=\x1b[39m\x1b[43mContrastiveLearningAPI\x1b[49m\x1b[43m(\x1b[49m\x1b[43mmodel_name\x1b[49m\x1b[38;5;241;43m=\x1b[39;49m\x1b[43mmodel_name\x1b[49m\x1b[43m)\x1b[49m, metric\x1b[38;5;241m=\x1b[39mmetric\n\x1b[1;32m     61\x1b[0m     )\n', 'File \x1b[0;32m/usr/local/lib/python3.10/site-packages/bdikit/models/contrastive_learning/cl_api.py:45\x1b[0m, in \x1b[0;36mContrastiveLearningAPI.__init__\x1b[0;34m(self, model_path, model_name, batch_size)\x1b[0m\n\x1b[1;32m     43\x1b[0m \x1b[38;5;28mself\x1b[39m\x1b[38;5;241m.\x1b[39mbatch_size \x1b[38;5;241m=\x1b[39m batch_size\n\x1b[1;32m     44\x1b[0m \x1b[38;5;28mself\x1b[39m\x1b[38;5;241m.\x1b[39mdevice \x1b[38;5;241m=\x1b[39m get_device()\n\x1b[0;32m---> 45\x1b[0m \x1b[38;5;28mself\x1b[39m\x1b[38;5;241m.\x1b[39mmodel \x1b[38;5;241m=\x1b[39m \x1b[38;5;28;43mself\x1b[39;49m\x1b[38;5;241;43m.\x1b[39;49m\x1b[43mload_checkpoint\x1b[49m\x1b[43m(\x1b[49m\x1b[43m)\x1b[49m\n', 'File \x1b[0;32m/usr/local/lib/python3.10/site-packages/bdikit/models/contrastive_learning/cl_api.py:48\x1b[0m, in \x1b[0;36mContrastiveLearningAPI.load_checkpoint\x1b[0;34m(self, lm)\x1b[0m\n\x1b[1;32m     47\x1b[0m \x1b[38;5;28;01mdef\x1b[39;00m\x1b[38;5;250m \x1b[39m\x1b[38;5;21mload_checkpoint\x1b[39m(\x1b[38;5;28mself\x1b[39m, lm: \x1b[38;5;28mstr\x1b[39m \x1b[38;5;241m=\x1b[39m \x1b[38;5;124m"\x1b[39m\x1b[38;5;124mroberta\x1b[39m\x1b[38;5;124m"\x1b[39m):\n\x1b[0;32m---> 48\x1b[0m     ckpt \x1b[38;5;241m=\x1b[39m \x1b[43mtorch\x1b[49m\x1b[38;5;241;43m.\x1b[39;49m\x1b[43mload\x1b[49m\x1b[43m(\x1b[49m\x1b[38;5;28;43mself\x1b[39;49m\x1b[38;5;241;43m.\x1b[39;49m\x1b[43mmodel_path\x1b[49m\x1b[43m,\x1b[49m\x1b[43m \x1b[49m\x1b[43mmap_location\x1b[49m\x1b[38;5;241;43m=\x1b[39;49m\x1b[43mtorch\x1b[49m\x1b[38;5;241;43m.\x1b[39;49m\x1b[43mdevice\x1b[49m\x1b[43m(\x1b[49m\x1b[38;5;124;43m"\x1b[39;49m\x1b[38;5;124;43mcpu\x1b[39;49m\x1b[38;5;124;43m"\x1b[39;49m\x1b[43m)\x1b[49m\x1b[43m)\x1b[49m\n\x1b[1;32m     49\x1b[0m     scale_loss \x1b[38;5;241m=\x1b[39m \x1b[38;5;241m0.1\x1b[39m\n\x1b[1;32m     50\x1b[0m     lambd \x1b[38;5;241m=\x1b[39m \x1b[38;5;241m3.9\x1b[39m\n', 'File \x1b[0;32m/usr/local/lib/python3.10/site-packages/torch/serialization.py:1529\x1b[0m, in \x1b[0;36mload\x1b[0;34m(f, map_location, pickle_module, weights_only, mmap, **pickle_load_args)\x1b[0m\n\x1b[1;32m   1521\x1b[0m                 \x1b[38;5;28;01mreturn\x1b[39;00m _load(\n\x1b[1;32m   1522\x1b[0m                     opened_zipfile,\n\x1b[1;32m   1523\x1b[0m                     map_location,\n\x1b[0;32m   (...)\x1b[0m\n\x1b[1;32m   1526\x1b[0m                     \x1b[38;5;241m*\x1b[39m\x1b[38;5;241m*\x1b[39mpickle_load_args,\n\x1b[1;32m   1527\x1b[0m                 )\n\x1b[1;32m   1528\x1b[0m             \x1b[38;5;28;01mexcept\x1b[39;00m pickle\x1b[38;5;241m.\x1b[39mUnpicklingError \x1b[38;5;28;01mas\x1b[39;00m e:\n\x1b[0;32m-> 1529\x1b[0m                 \x1b[38;5;28;01mraise\x1b[39;00m pickle\x1b[38;5;241m.\x1b[39mUnpicklingError(_get_wo_message(\x1b[38;5;28mstr\x1b[39m(e))) \x1b[38;5;28;01mfrom\x1b[39;00m\x1b[38;5;250m \x1b[39m\x1b[38;5;28;01mNone\x1b[39;00m\n\x1b[1;32m   1530\x1b[0m         \x1b[38;5;28;01mreturn\x1b[39;00m _load(\n\x1b[1;32m   1531\x1b[0m             opened_zipfile,\n\x1b[1;32m   1532\x1b[0m             map_location,\n\x1b[0;32m   (...)\x1b[0m\n\x1b[1;32m   1535\x1b[0m             \x1b[38;5;241m*\x1b[39m\x1b[38;5;241m*\x1b[39mpickle_load_args,\n\x1b[1;32m   1536\x1b[0m         )\n\x1b[1;32m   1537\x1b[0m \x1b[38;5;28;01mif\x1b[39;00m mmap:\n', '\x1b[0;31mUnpicklingError\x1b[0m: Weights only load failed. This file can still be loaded, to do so you have two options, \x1b[1mdo those steps only if you trust the source of the checkpoint\x1b[0m. \n\t(1) In PyTorch 2.6, we changed the default value of the `weights_only` argument in `torch.load` from `False` to `True`. Re-running `torch.load` with `weights_only` set to `False` will likely succeed, but it can result in arbitrary code execution. Do it only if you got the file from a trusted source.\n\t(2) Alternatively, to load with `weights_only=True` please check the recommended steps in the following error message.\n\tWeightsUnpickler error: Unsupported global: GLOBAL argparse.Namespace was not an allowed global by default. Please use `torch.serialization.add_safe_globals([argparse.Namespace])` or the `torch.serialization.safe_globals([argparse.Namespace])` context manager to allowlist this global if you trust this class/function.\n\nCheck the documentation of torch.load to learn more about types accepted by default with weights_only https://pytorch.org/docs/stable/generated/torch.load.html.'])
Successfully ran code, but failed to fetch preview: 'NoneType' object is not callable
Successfully ran code, but failed to fetch preview: 'NoneType' object is not callable
Successfully ran code, but failed to fetch preview: 'NoneType' object is not callable
Error: ValueError The embeddings algorithm is not supported. Supported algorithms are: similarity_flooding, coma, cupid, distribution_based, jaccard_distance, gpt, ct_learning, two_phase, max_val_sim
Traceback:
[0;31m---------------------------------------------------------------------------[0m
[0;31mValueError[0m                                Traceback (most recent call last)
Cell [0;32mIn[11], line 2[0m
[1;32m      1[0m [38;5;28;01mimport[39;00m[38;5;250m [39m[38;5;21;01mbdikit[39;00m[38;5;250m [39m[38;5;28;01mas[39;00m[38;5;250m [39m[38;5;21;01mbdi[39;00m
[0;32m----> 2[0m column_mappings [38;5;241m=[39m [43mbdi[49m[38;5;241;43m.[39;49m[43mmatch_schema[49m[43m([49m[43mdf[49m[43m,[49m[43m [49m[43mtarget[49m[38;5;241;43m=[39;49m[38;5;124;43m"[39;49m[38;5;124;43mgdc[39;49m[38;5;124;43m"[39;49m[43m,[49m[43m [49m[43mmethod[49m[38;5;241;43m=[39;49m[38;5;124;43m"[39;49m[38;5;124;43membeddings[39;49m[38;5;124;43m"[39;49m[43m)[49m
[1;32m      3[0m column_mappings[38;5;241m.[39mto_markdown()

File [0;32m/usr/local/lib/python3.10/site-packages/bdikit/api.py:75[0m, in [0;36mmatch_schema[0;34m(source, target, method, method_args)[0m
[1;32m     73[0m     [38;5;28;01mif[39;00m method_args [38;5;129;01mis[39;00m [38;5;28;01mNone[39;00m:
[1;32m     74[0m         method_args [38;5;241m=[39m {}
[0;32m---> 75[0m     matcher_instance [38;5;241m=[39m [43mSchemaMatchers[49m[38;5;241;43m.[39;49m[43mget_matcher[49m[43m([49m[43mmethod[49m[43m,[49m[43m [49m[38;5;241;43m*[39;49m[38;5;241;43m*[39;49m[43mmethod_args[49m[43m)[49m
[1;32m     76[0m [38;5;28;01melif[39;00m [38;5;28misinstance[39m(method, BaseSchemaMatcher):
[1;32m     77[0m     matcher_instance [38;5;241m=[39m method

File [0;32m/usr/local/lib/python3.10/site-packages/bdikit/schema_matching/one2one/matcher_factory.py:52[0m, in [0;36mSchemaMatchers.get_matcher[0;34m(matcher_name, **matcher_kwargs)[0m
[1;32m     50[0m [38;5;28;01mif[39;00m matcher_name [38;5;129;01mnot[39;00m [38;5;129;01min[39;00m matchers:
[1;32m     51[0m     names [38;5;241m=[39m [38;5;124m"[39m[38;5;124m, [39m[38;5;124m"[39m[38;5;241m.[39mjoin([38;5;28mlist[39m(matchers[38;5;241m.[39mkeys()))
[0;32m---> 52[0m     [38;5;28;01mraise[39;00m [38;5;167;01mValueError[39;00m(
[1;32m     53[0m         [38;5;124mf[39m[38;5;124m"[39m[38;5;124mThe [39m[38;5;132;01m{[39;00mmatcher_name[38;5;132;01m}[39;00m[38;5;124m algorithm is not supported. [39m[38;5;124m"[39m
[1;32m     54[0m         [38;5;124mf[39m[38;5;124m"[39m[38;5;124mSupported algorithms are: [39m[38;5;132;01m{[39;00mnames[38;5;132;01m}[39;00m[38;5;124m"[39m
[1;32m     55[0m     )
[1;32m     56[0m [38;5;66;03m# Load the class dynamically[39;00m
[1;32m     57[0m module_path, class_name [38;5;241m=[39m matchers[matcher_name][38;5;241m.[39mrsplit([38;5;124m"[39m[38;5;124m.[39m[38;5;124m"[39m, [38;5;241m1[39m)

[0;31mValueError[0m: The embeddings algorithm is not supported. Supported algorithms are: similarity_flooding, coma, cupid, distribution_based, jaccard_distance, gpt, ct_learning, two_phase, max_val_sim
Uncaught exception in ZMQStream callback
Traceback (most recent call last):
  File "/usr/local/lib/python3.10/site-packages/zmq/eventloop/zmqstream.py", line 565, in _log_error
    f.result()
  File "/usr/local/lib/python3.10/site-packages/beaker_kernel/lib/jupyter_kernel_proxy.py", line 253, in handler
    new_data = await callback(self, other_stream, data)
  File "/usr/local/lib/python3.10/site-packages/beaker_kernel/lib/context.py", line 835, in handle_error
    raise ExecutionError(content["ename"], content["evalue"], content["traceback"])
beaker_kernel.lib.utils.ExecutionError: ('ValueError', 'The embeddings algorithm is not supported. Supported algorithms are: similarity_flooding, coma, cupid, distribution_based, jaccard_distance, gpt, ct_learning, two_phase, max_val_sim', ['\x1b[0;31m---------------------------------------------------------------------------\x1b[0m', '\x1b[0;31mValueError\x1b[0m                                Traceback (most recent call last)', 'Cell \x1b[0;32mIn[11], line 2\x1b[0m\n\x1b[1;32m      1\x1b[0m \x1b[38;5;28;01mimport\x1b[39;00m\x1b[38;5;250m \x1b[39m\x1b[38;5;21;01mbdikit\x1b[39;00m\x1b[38;5;250m \x1b[39m\x1b[38;5;28;01mas\x1b[39;00m\x1b[38;5;250m \x1b[39m\x1b[38;5;21;01mbdi\x1b[39;00m\n\x1b[0;32m----> 2\x1b[0m column_mappings \x1b[38;5;241m=\x1b[39m \x1b[43mbdi\x1b[49m\x1b[38;5;241;43m.\x1b[39;49m\x1b[43mmatch_schema\x1b[49m\x1b[43m(\x1b[49m\x1b[43mdf\x1b[49m\x1b[43m,\x1b[49m\x1b[43m \x1b[49m\x1b[43mtarget\x1b[49m\x1b[38;5;241;43m=\x1b[39;49m\x1b[38;5;124;43m"\x1b[39;49m\x1b[38;5;124;43mgdc\x1b[39;49m\x1b[38;5;124;43m"\x1b[39;49m\x1b[43m,\x1b[49m\x1b[43m \x1b[49m\x1b[43mmethod\x1b[49m\x1b[38;5;241;43m=\x1b[39;49m\x1b[38;5;124;43m"\x1b[39;49m\x1b[38;5;124;43membeddings\x1b[39;49m\x1b[38;5;124;43m"\x1b[39;49m\x1b[43m)\x1b[49m\n\x1b[1;32m      3\x1b[0m column_mappings\x1b[38;5;241m.\x1b[39mto_markdown()\n', 'File \x1b[0;32m/usr/local/lib/python3.10/site-packages/bdikit/api.py:75\x1b[0m, in \x1b[0;36mmatch_schema\x1b[0;34m(source, target, method, method_args)\x1b[0m\n\x1b[1;32m     73\x1b[0m     \x1b[38;5;28;01mif\x1b[39;00m method_args \x1b[38;5;129;01mis\x1b[39;00m \x1b[38;5;28;01mNone\x1b[39;00m:\n\x1b[1;32m     74\x1b[0m         method_args \x1b[38;5;241m=\x1b[39m {}\n\x1b[0;32m---> 75\x1b[0m     matcher_instance \x1b[38;5;241m=\x1b[39m \x1b[43mSchemaMatchers\x1b[49m\x1b[38;5;241;43m.\x1b[39;49m\x1b[43mget_matcher\x1b[49m\x1b[43m(\x1b[49m\x1b[43mmethod\x1b[49m\x1b[43m,\x1b[49m\x1b[43m \x1b[49m\x1b[38;5;241;43m*\x1b[39;49m\x1b[38;5;241;43m*\x1b[39;49m\x1b[43mmethod_args\x1b[49m\x1b[43m)\x1b[49m\n\x1b[1;32m     76\x1b[0m \x1b[38;5;28;01melif\x1b[39;00m \x1b[38;5;28misinstance\x1b[39m(method, BaseSchemaMatcher):\n\x1b[1;32m     77\x1b[0m     matcher_instance \x1b[38;5;241m=\x1b[39m method\n', 'File \x1b[0;32m/usr/local/lib/python3.10/site-packages/bdikit/schema_matching/one2one/matcher_factory.py:52\x1b[0m, in \x1b[0;36mSchemaMatchers.get_matcher\x1b[0;34m(matcher_name, **matcher_kwargs)\x1b[0m\n\x1b[1;32m     50\x1b[0m \x1b[38;5;28;01mif\x1b[39;00m matcher_name \x1b[38;5;129;01mnot\x1b[39;00m \x1b[38;5;129;01min\x1b[39;00m matchers:\n\x1b[1;32m     51\x1b[0m     names \x1b[38;5;241m=\x1b[39m \x1b[38;5;124m"\x1b[39m\x1b[38;5;124m, \x1b[39m\x1b[38;5;124m"\x1b[39m\x1b[38;5;241m.\x1b[39mjoin(\x1b[38;5;28mlist\x1b[39m(matchers\x1b[38;5;241m.\x1b[39mkeys()))\n\x1b[0;32m---> 52\x1b[0m     \x1b[38;5;28;01mraise\x1b[39;00m \x1b[38;5;167;01mValueError\x1b[39;00m(\n\x1b[1;32m     53\x1b[0m         \x1b[38;5;124mf\x1b[39m\x1b[38;5;124m"\x1b[39m\x1b[38;5;124mThe \x1b[39m\x1b[38;5;132;01m{\x1b[39;00mmatcher_name\x1b[38;5;132;01m}\x1b[39;00m\x1b[38;5;124m algorithm is not supported. \x1b[39m\x1b[38;5;124m"\x1b[39m\n\x1b[1;32m     54\x1b[0m         \x1b[38;5;124mf\x1b[39m\x1b[38;5;124m"\x1b[39m\x1b[38;5;124mSupported algorithms are: \x1b[39m\x1b[38;5;132;01m{\x1b[39;00mnames\x1b[38;5;132;01m}\x1b[39;00m\x1b[38;5;124m"\x1b[39m\n\x1b[1;32m     55\x1b[0m     )\n\x1b[1;32m     56\x1b[0m \x1b[38;5;66;03m# Load the class dynamically\x1b[39;00m\n\x1b[1;32m     57\x1b[0m module_path, class_name \x1b[38;5;241m=\x1b[39m matchers[matcher_name]\x1b[38;5;241m.\x1b[39mrsplit(\x1b[38;5;124m"\x1b[39m\x1b[38;5;124m.\x1b[39m\x1b[38;5;124m"\x1b[39m, \x1b[38;5;241m1\x1b[39m)\n', '\x1b[0;31mValueError\x1b[0m: The embeddings algorithm is not supported. Supported algorithms are: similarity_flooding, coma, cupid, distribution_based, jaccard_distance, gpt, ct_learning, two_phase, max_val_sim'])
Error: UnpicklingError Weights only load failed. This file can still be loaded, to do so you have two options, [1mdo those steps only if you trust the source of the checkpoint[0m. 
	(1) In PyTorch 2.6, we changed the default value of the `weights_only` argument in `torch.load` from `False` to `True`. Re-running `torch.load` with `weights_only` set to `False` will likely succeed, but it can result in arbitrary code execution. Do it only if you got the file from a trusted source.
	(2) Alternatively, to load with `weights_only=True` please check the recommended steps in the following error message.
	WeightsUnpickler error: Unsupported global: GLOBAL argparse.Namespace was not an allowed global by default. Please use `torch.serialization.add_safe_globals([argparse.Namespace])` or the `torch.serialization.safe_globals([argparse.Namespace])` context manager to allowlist this global if you trust this class/function.

Check the documentation of torch.load to learn more about types accepted by default with weights_only https://pytorch.org/docs/stable/generated/torch.load.html.
Traceback:
[0;31m---------------------------------------------------------------------------[0m
[0;31mUnpicklingError[0m                           Traceback (most recent call last)
Cell [0;32mIn[11], line 2[0m
[1;32m      1[0m [38;5;28;01mimport[39;00m[38;5;250m [39m[38;5;21;01mbdikit[39;00m[38;5;250m [39m[38;5;28;01mas[39;00m[38;5;250m [39m[38;5;21;01mbdi[39;00m
[0;32m----> 2[0m top_matches [38;5;241m=[39m [43mbdi[49m[38;5;241;43m.[39;49m[43mtop_matches[49m[43m([49m[43mdf[49m[43m,[49m[43m [49m[43mcolumns[49m[38;5;241;43m=[39;49m[43m[[49m[38;5;124;43m"[39;49m[38;5;124;43msample_type[39;49m[38;5;124;43m"[39;49m[43m][49m[43m,[49m[43m [49m[43mtarget[49m[38;5;241;43m=[39;49m[38;5;124;43m"[39;49m[38;5;124;43mgdc[39;49m[38;5;124;43m"[39;49m[43m)[49m
[1;32m      3[0m top_matches[38;5;241m.[39mto_markdown()

File [0;32m/usr/local/lib/python3.10/site-packages/bdikit/api.py:133[0m, in [0;36mtop_matches[0;34m(source, columns, target, top_k, method, method_args)[0m
[1;32m    131[0m     [38;5;28;01mif[39;00m method_args [38;5;129;01mis[39;00m [38;5;28;01mNone[39;00m:
[1;32m    132[0m         method_args [38;5;241m=[39m {}
[0;32m--> 133[0m     topk_matcher [38;5;241m=[39m [43mTopkMatchers[49m[38;5;241;43m.[39;49m[43mget_matcher[49m[43m([49m[43mmethod[49m[43m,[49m[43m [49m[38;5;241;43m*[39;49m[38;5;241;43m*[39;49m[43mmethod_args[49m[43m)[49m
[1;32m    134[0m [38;5;28;01melif[39;00m [38;5;28misinstance[39m(method, BaseTopkSchemaMatcher):
[1;32m    135[0m     topk_matcher [38;5;241m=[39m method

File [0;32m/usr/local/lib/python3.10/site-packages/bdikit/schema_matching/topk/matcher_factory.py:31[0m, in [0;36mTopkMatchers.get_matcher[0;34m(matcher_name, **matcher_kwargs)[0m
[1;32m     28[0m module_path, class_name [38;5;241m=[39m matchers[matcher_name][38;5;241m.[39mrsplit([38;5;124m"[39m[38;5;124m.[39m[38;5;124m"[39m, [38;5;241m1[39m)
[1;32m     29[0m module [38;5;241m=[39m importlib[38;5;241m.[39mimport_module(module_path)
[0;32m---> 31[0m [38;5;28;01mreturn[39;00m [38;5;28;43mgetattr[39;49m[43m([49m[43mmodule[49m[43m,[49m[43m [49m[43mclass_name[49m[43m)[49m[43m([49m[38;5;241;43m*[39;49m[38;5;241;43m*[39;49m[43mmatcher_kwargs[49m[43m)[49m

File [0;32m/usr/local/lib/python3.10/site-packages/bdikit/schema_matching/topk/contrastivelearning.py:60[0m, in [0;36mCLTopkSchemaMatcher.__init__[0;34m(self, model_name, metric)[0m
[1;32m     58[0m [38;5;28;01mdef[39;00m[38;5;250m [39m[38;5;21m__init__[39m([38;5;28mself[39m, model_name: [38;5;28mstr[39m [38;5;241m=[39m DEFAULT_CL_MODEL, metric: [38;5;28mstr[39m [38;5;241m=[39m [38;5;124m"[39m[38;5;124mcosine[39m[38;5;124m"[39m):
[1;32m     59[0m     [38;5;28msuper[39m()[38;5;241m.[39m[38;5;21m__init__[39m(
[0;32m---> 60[0m         column_embedder[38;5;241m=[39m[43mContrastiveLearningAPI[49m[43m([49m[43mmodel_name[49m[38;5;241;43m=[39;49m[43mmodel_name[49m[43m)[49m, metric[38;5;241m=[39mmetric
[1;32m     61[0m     )

File [0;32m/usr/local/lib/python3.10/site-packages/bdikit/models/contrastive_learning/cl_api.py:45[0m, in [0;36mContrastiveLearningAPI.__init__[0;34m(self, model_path, model_name, batch_size)[0m
[1;32m     43[0m [38;5;28mself[39m[38;5;241m.[39mbatch_size [38;5;241m=[39m batch_size
[1;32m     44[0m [38;5;28mself[39m[38;5;241m.[39mdevice [38;5;241m=[39m get_device()
[0;32m---> 45[0m [38;5;28mself[39m[38;5;241m.[39mmodel [38;5;241m=[39m [38;5;28;43mself[39;49m[38;5;241;43m.[39;49m[43mload_checkpoint[49m[43m([49m[43m)[49m

File [0;32m/usr/local/lib/python3.10/site-packages/bdikit/models/contrastive_learning/cl_api.py:48[0m, in [0;36mContrastiveLearningAPI.load_checkpoint[0;34m(self, lm)[0m
[1;32m     47[0m [38;5;28;01mdef[39;00m[38;5;250m [39m[38;5;21mload_checkpoint[39m([38;5;28mself[39m, lm: [38;5;28mstr[39m [38;5;241m=[39m [38;5;124m"[39m[38;5;124mroberta[39m[38;5;124m"[39m):
[0;32m---> 48[0m     ckpt [38;5;241m=[39m [43mtorch[49m[38;5;241;43m.[39;49m[43mload[49m[43m([49m[38;5;28;43mself[39;49m[38;5;241;43m.[39;49m[43mmodel_path[49m[43m,[49m[43m [49m[43mmap_location[49m[38;5;241;43m=[39;49m[43mtorch[49m[38;5;241;43m.[39;49m[43mdevice[49m[43m([49m[38;5;124;43m"[39;49m[38;5;124;43mcpu[39;49m[38;5;124;43m"[39;49m[43m)[49m[43m)[49m
[1;32m     49[0m     scale_loss [38;5;241m=[39m [38;5;241m0.1[39m
[1;32m     50[0m     lambd [38;5;241m=[39m [38;5;241m3.9[39m

File [0;32m/usr/local/lib/python3.10/site-packages/torch/serialization.py:1529[0m, in [0;36mload[0;34m(f, map_location, pickle_module, weights_only, mmap, **pickle_load_args)[0m
[1;32m   1521[0m                 [38;5;28;01mreturn[39;00m _load(
[1;32m   1522[0m                     opened_zipfile,
[1;32m   1523[0m                     map_location,
[0;32m   (...)[0m
[1;32m   1526[0m                     [38;5;241m*[39m[38;5;241m*[39mpickle_load_args,
[1;32m   1527[0m                 )
[1;32m   1528[0m             [38;5;28;01mexcept[39;00m pickle[38;5;241m.[39mUnpicklingError [38;5;28;01mas[39;00m e:
[0;32m-> 1529[0m                 [38;5;28;01mraise[39;00m pickle[38;5;241m.[39mUnpicklingError(_get_wo_message([38;5;28mstr[39m(e))) [38;5;28;01mfrom[39;00m[38;5;250m [39m[38;5;28;01mNone[39;00m
[1;32m   1530[0m         [38;5;28;01mreturn[39;00m _load(
[1;32m   1531[0m             opened_zipfile,
[1;32m   1532[0m             map_location,
[0;32m   (...)[0m
[1;32m   1535[0m             [38;5;241m*[39m[38;5;241m*[39mpickle_load_args,
[1;32m   1536[0m         )
[1;32m   1537[0m [38;5;28;01mif[39;00m mmap:

[0;31mUnpicklingError[0m: Weights only load failed. This file can still be loaded, to do so you have two options, [1mdo those steps only if you trust the source of the checkpoint[0m. 
	(1) In PyTorch 2.6, we changed the default value of the `weights_only` argument in `torch.load` from `False` to `True`. Re-running `torch.load` with `weights_only` set to `False` will likely succeed, but it can result in arbitrary code execution. Do it only if you got the file from a trusted source.
	(2) Alternatively, to load with `weights_only=True` please check the recommended steps in the following error message.
	WeightsUnpickler error: Unsupported global: GLOBAL argparse.Namespace was not an allowed global by default. Please use `torch.serialization.add_safe_globals([argparse.Namespace])` or the `torch.serialization.safe_globals([argparse.Namespace])` context manager to allowlist this global if you trust this class/function.

Check the documentation of torch.load to learn more about types accepted by default with weights_only https://pytorch.org/docs/stable/generated/torch.load.html.
Uncaught exception in ZMQStream callback
Traceback (most recent call last):
  File "/usr/local/lib/python3.10/site-packages/zmq/eventloop/zmqstream.py", line 565, in _log_error
    f.result()
  File "/usr/local/lib/python3.10/site-packages/beaker_kernel/lib/jupyter_kernel_proxy.py", line 253, in handler
    new_data = await callback(self, other_stream, data)
  File "/usr/local/lib/python3.10/site-packages/beaker_kernel/lib/context.py", line 835, in handle_error
    raise ExecutionError(content["ename"], content["evalue"], content["traceback"])
beaker_kernel.lib.utils.ExecutionError: ('UnpicklingError', 'Weights only load failed. This file can still be loaded, to do so you have two options, \x1b[1mdo those steps only if you trust the source of the checkpoint\x1b[0m. \n\t(1) In PyTorch 2.6, we changed the default value of the `weights_only` argument in `torch.load` from `False` to `True`. Re-running `torch.load` with `weights_only` set to `False` will likely succeed, but it can result in arbitrary code execution. Do it only if you got the file from a trusted source.\n\t(2) Alternatively, to load with `weights_only=True` please check the recommended steps in the following error message.\n\tWeightsUnpickler error: Unsupported global: GLOBAL argparse.Namespace was not an allowed global by default. Please use `torch.serialization.add_safe_globals([argparse.Namespace])` or the `torch.serialization.safe_globals([argparse.Namespace])` context manager to allowlist this global if you trust this class/function.\n\nCheck the documentation of torch.load to learn more about types accepted by default with weights_only https://pytorch.org/docs/stable/generated/torch.load.html.', ['\x1b[0;31m---------------------------------------------------------------------------\x1b[0m', '\x1b[0;31mUnpicklingError\x1b[0m                           Traceback (most recent call last)', 'Cell \x1b[0;32mIn[11], line 2\x1b[0m\n\x1b[1;32m      1\x1b[0m \x1b[38;5;28;01mimport\x1b[39;00m\x1b[38;5;250m \x1b[39m\x1b[38;5;21;01mbdikit\x1b[39;00m\x1b[38;5;250m \x1b[39m\x1b[38;5;28;01mas\x1b[39;00m\x1b[38;5;250m \x1b[39m\x1b[38;5;21;01mbdi\x1b[39;00m\n\x1b[0;32m----> 2\x1b[0m top_matches \x1b[38;5;241m=\x1b[39m \x1b[43mbdi\x1b[49m\x1b[38;5;241;43m.\x1b[39;49m\x1b[43mtop_matches\x1b[49m\x1b[43m(\x1b[49m\x1b[43mdf\x1b[49m\x1b[43m,\x1b[49m\x1b[43m \x1b[49m\x1b[43mcolumns\x1b[49m\x1b[38;5;241;43m=\x1b[39;49m\x1b[43m[\x1b[49m\x1b[38;5;124;43m"\x1b[39;49m\x1b[38;5;124;43msample_type\x1b[39;49m\x1b[38;5;124;43m"\x1b[39;49m\x1b[43m]\x1b[49m\x1b[43m,\x1b[49m\x1b[43m \x1b[49m\x1b[43mtarget\x1b[49m\x1b[38;5;241;43m=\x1b[39;49m\x1b[38;5;124;43m"\x1b[39;49m\x1b[38;5;124;43mgdc\x1b[39;49m\x1b[38;5;124;43m"\x1b[39;49m\x1b[43m)\x1b[49m\n\x1b[1;32m      3\x1b[0m top_matches\x1b[38;5;241m.\x1b[39mto_markdown()\n', 'File \x1b[0;32m/usr/local/lib/python3.10/site-packages/bdikit/api.py:133\x1b[0m, in \x1b[0;36mtop_matches\x1b[0;34m(source, columns, target, top_k, method, method_args)\x1b[0m\n\x1b[1;32m    131\x1b[0m     \x1b[38;5;28;01mif\x1b[39;00m method_args \x1b[38;5;129;01mis\x1b[39;00m \x1b[38;5;28;01mNone\x1b[39;00m:\n\x1b[1;32m    132\x1b[0m         method_args \x1b[38;5;241m=\x1b[39m {}\n\x1b[0;32m--> 133\x1b[0m     topk_matcher \x1b[38;5;241m=\x1b[39m \x1b[43mTopkMatchers\x1b[49m\x1b[38;5;241;43m.\x1b[39;49m\x1b[43mget_matcher\x1b[49m\x1b[43m(\x1b[49m\x1b[43mmethod\x1b[49m\x1b[43m,\x1b[49m\x1b[43m \x1b[49m\x1b[38;5;241;43m*\x1b[39;49m\x1b[38;5;241;43m*\x1b[39;49m\x1b[43mmethod_args\x1b[49m\x1b[43m)\x1b[49m\n\x1b[1;32m    134\x1b[0m \x1b[38;5;28;01melif\x1b[39;00m \x1b[38;5;28misinstance\x1b[39m(method, BaseTopkSchemaMatcher):\n\x1b[1;32m    135\x1b[0m     topk_matcher \x1b[38;5;241m=\x1b[39m method\n', 'File \x1b[0;32m/usr/local/lib/python3.10/site-packages/bdikit/schema_matching/topk/matcher_factory.py:31\x1b[0m, in \x1b[0;36mTopkMatchers.get_matcher\x1b[0;34m(matcher_name, **matcher_kwargs)\x1b[0m\n\x1b[1;32m     28\x1b[0m module_path, class_name \x1b[38;5;241m=\x1b[39m matchers[matcher_name]\x1b[38;5;241m.\x1b[39mrsplit(\x1b[38;5;124m"\x1b[39m\x1b[38;5;124m.\x1b[39m\x1b[38;5;124m"\x1b[39m, \x1b[38;5;241m1\x1b[39m)\n\x1b[1;32m     29\x1b[0m module \x1b[38;5;241m=\x1b[39m importlib\x1b[38;5;241m.\x1b[39mimport_module(module_path)\n\x1b[0;32m---> 31\x1b[0m \x1b[38;5;28;01mreturn\x1b[39;00m \x1b[38;5;28;43mgetattr\x1b[39;49m\x1b[43m(\x1b[49m\x1b[43mmodule\x1b[49m\x1b[43m,\x1b[49m\x1b[43m \x1b[49m\x1b[43mclass_name\x1b[49m\x1b[43m)\x1b[49m\x1b[43m(\x1b[49m\x1b[38;5;241;43m*\x1b[39;49m\x1b[38;5;241;43m*\x1b[39;49m\x1b[43mmatcher_kwargs\x1b[49m\x1b[43m)\x1b[49m\n', 'File \x1b[0;32m/usr/local/lib/python3.10/site-packages/bdikit/schema_matching/topk/contrastivelearning.py:60\x1b[0m, in \x1b[0;36mCLTopkSchemaMatcher.__init__\x1b[0;34m(self, model_name, metric)\x1b[0m\n\x1b[1;32m     58\x1b[0m \x1b[38;5;28;01mdef\x1b[39;00m\x1b[38;5;250m \x1b[39m\x1b[38;5;21m__init__\x1b[39m(\x1b[38;5;28mself\x1b[39m, model_name: \x1b[38;5;28mstr\x1b[39m \x1b[38;5;241m=\x1b[39m DEFAULT_CL_MODEL, metric: \x1b[38;5;28mstr\x1b[39m \x1b[38;5;241m=\x1b[39m \x1b[38;5;124m"\x1b[39m\x1b[38;5;124mcosine\x1b[39m\x1b[38;5;124m"\x1b[39m):\n\x1b[1;32m     59\x1b[0m     \x1b[38;5;28msuper\x1b[39m()\x1b[38;5;241m.\x1b[39m\x1b[38;5;21m__init__\x1b[39m(\n\x1b[0;32m---> 60\x1b[0m         column_embedder\x1b[38;5;241m=\x1b[39m\x1b[43mContrastiveLearningAPI\x1b[49m\x1b[43m(\x1b[49m\x1b[43mmodel_name\x1b[49m\x1b[38;5;241;43m=\x1b[39;49m\x1b[43mmodel_name\x1b[49m\x1b[43m)\x1b[49m, metric\x1b[38;5;241m=\x1b[39mmetric\n\x1b[1;32m     61\x1b[0m     )\n', 'File \x1b[0;32m/usr/local/lib/python3.10/site-packages/bdikit/models/contrastive_learning/cl_api.py:45\x1b[0m, in \x1b[0;36mContrastiveLearningAPI.__init__\x1b[0;34m(self, model_path, model_name, batch_size)\x1b[0m\n\x1b[1;32m     43\x1b[0m \x1b[38;5;28mself\x1b[39m\x1b[38;5;241m.\x1b[39mbatch_size \x1b[38;5;241m=\x1b[39m batch_size\n\x1b[1;32m     44\x1b[0m \x1b[38;5;28mself\x1b[39m\x1b[38;5;241m.\x1b[39mdevice \x1b[38;5;241m=\x1b[39m get_device()\n\x1b[0;32m---> 45\x1b[0m \x1b[38;5;28mself\x1b[39m\x1b[38;5;241m.\x1b[39mmodel \x1b[38;5;241m=\x1b[39m \x1b[38;5;28;43mself\x1b[39;49m\x1b[38;5;241;43m.\x1b[39;49m\x1b[43mload_checkpoint\x1b[49m\x1b[43m(\x1b[49m\x1b[43m)\x1b[49m\n', 'File \x1b[0;32m/usr/local/lib/python3.10/site-packages/bdikit/models/contrastive_learning/cl_api.py:48\x1b[0m, in \x1b[0;36mContrastiveLearningAPI.load_checkpoint\x1b[0;34m(self, lm)\x1b[0m\n\x1b[1;32m     47\x1b[0m \x1b[38;5;28;01mdef\x1b[39;00m\x1b[38;5;250m \x1b[39m\x1b[38;5;21mload_checkpoint\x1b[39m(\x1b[38;5;28mself\x1b[39m, lm: \x1b[38;5;28mstr\x1b[39m \x1b[38;5;241m=\x1b[39m \x1b[38;5;124m"\x1b[39m\x1b[38;5;124mroberta\x1b[39m\x1b[38;5;124m"\x1b[39m):\n\x1b[0;32m---> 48\x1b[0m     ckpt \x1b[38;5;241m=\x1b[39m \x1b[43mtorch\x1b[49m\x1b[38;5;241;43m.\x1b[39;49m\x1b[43mload\x1b[49m\x1b[43m(\x1b[49m\x1b[38;5;28;43mself\x1b[39;49m\x1b[38;5;241;43m.\x1b[39;49m\x1b[43mmodel_path\x1b[49m\x1b[43m,\x1b[49m\x1b[43m \x1b[49m\x1b[43mmap_location\x1b[49m\x1b[38;5;241;43m=\x1b[39;49m\x1b[43mtorch\x1b[49m\x1b[38;5;241;43m.\x1b[39;49m\x1b[43mdevice\x1b[49m\x1b[43m(\x1b[49m\x1b[38;5;124;43m"\x1b[39;49m\x1b[38;5;124;43mcpu\x1b[39;49m\x1b[38;5;124;43m"\x1b[39;49m\x1b[43m)\x1b[49m\x1b[43m)\x1b[49m\n\x1b[1;32m     49\x1b[0m     scale_loss \x1b[38;5;241m=\x1b[39m \x1b[38;5;241m0.1\x1b[39m\n\x1b[1;32m     50\x1b[0m     lambd \x1b[38;5;241m=\x1b[39m \x1b[38;5;241m3.9\x1b[39m\n', 'File \x1b[0;32m/usr/local/lib/python3.10/site-packages/torch/serialization.py:1529\x1b[0m, in \x1b[0;36mload\x1b[0;34m(f, map_location, pickle_module, weights_only, mmap, **pickle_load_args)\x1b[0m\n\x1b[1;32m   1521\x1b[0m                 \x1b[38;5;28;01mreturn\x1b[39;00m _load(\n\x1b[1;32m   1522\x1b[0m                     opened_zipfile,\n\x1b[1;32m   1523\x1b[0m                     map_location,\n\x1b[0;32m   (...)\x1b[0m\n\x1b[1;32m   1526\x1b[0m                     \x1b[38;5;241m*\x1b[39m\x1b[38;5;241m*\x1b[39mpickle_load_args,\n\x1b[1;32m   1527\x1b[0m                 )\n\x1b[1;32m   1528\x1b[0m             \x1b[38;5;28;01mexcept\x1b[39;00m pickle\x1b[38;5;241m.\x1b[39mUnpicklingError \x1b[38;5;28;01mas\x1b[39;00m e:\n\x1b[0;32m-> 1529\x1b[0m                 \x1b[38;5;28;01mraise\x1b[39;00m pickle\x1b[38;5;241m.\x1b[39mUnpicklingError(_get_wo_message(\x1b[38;5;28mstr\x1b[39m(e))) \x1b[38;5;28;01mfrom\x1b[39;00m\x1b[38;5;250m \x1b[39m\x1b[38;5;28;01mNone\x1b[39;00m\n\x1b[1;32m   1530\x1b[0m         \x1b[38;5;28;01mreturn\x1b[39;00m _load(\n\x1b[1;32m   1531\x1b[0m             opened_zipfile,\n\x1b[1;32m   1532\x1b[0m             map_location,\n\x1b[0;32m   (...)\x1b[0m\n\x1b[1;32m   1535\x1b[0m             \x1b[38;5;241m*\x1b[39m\x1b[38;5;241m*\x1b[39mpickle_load_args,\n\x1b[1;32m   1536\x1b[0m         )\n\x1b[1;32m   1537\x1b[0m \x1b[38;5;28;01mif\x1b[39;00m mmap:\n', '\x1b[0;31mUnpicklingError\x1b[0m: Weights only load failed. This file can still be loaded, to do so you have two options, \x1b[1mdo those steps only if you trust the source of the checkpoint\x1b[0m. \n\t(1) In PyTorch 2.6, we changed the default value of the `weights_only` argument in `torch.load` from `False` to `True`. Re-running `torch.load` with `weights_only` set to `False` will likely succeed, but it can result in arbitrary code execution. Do it only if you got the file from a trusted source.\n\t(2) Alternatively, to load with `weights_only=True` please check the recommended steps in the following error message.\n\tWeightsUnpickler error: Unsupported global: GLOBAL argparse.Namespace was not an allowed global by default. Please use `torch.serialization.add_safe_globals([argparse.Namespace])` or the `torch.serialization.safe_globals([argparse.Namespace])` context manager to allowlist this global if you trust this class/function.\n\nCheck the documentation of torch.load to learn more about types accepted by default with weights_only https://pytorch.org/docs/stable/generated/torch.load.html.'])
Error: UnpicklingError Weights only load failed. This file can still be loaded, to do so you have two options, [1mdo those steps only if you trust the source of the checkpoint[0m. 
	(1) In PyTorch 2.6, we changed the default value of the `weights_only` argument in `torch.load` from `False` to `True`. Re-running `torch.load` with `weights_only` set to `False` will likely succeed, but it can result in arbitrary code execution. Do it only if you got the file from a trusted source.
	(2) Alternatively, to load with `weights_only=True` please check the recommended steps in the following error message.
	WeightsUnpickler error: Unsupported global: GLOBAL argparse.Namespace was not an allowed global by default. Please use `torch.serialization.add_safe_globals([argparse.Namespace])` or the `torch.serialization.safe_globals([argparse.Namespace])` context manager to allowlist this global if you trust this class/function.

Check the documentation of torch.load to learn more about types accepted by default with weights_only https://pytorch.org/docs/stable/generated/torch.load.html.
Traceback:
[0;31m---------------------------------------------------------------------------[0m
[0;31mUnpicklingError[0m                           Traceback (most recent call last)
Cell [0;32mIn[11], line 2[0m
[1;32m      1[0m [38;5;28;01mimport[39;00m[38;5;250m [39m[38;5;21;01mbdikit[39;00m[38;5;250m [39m[38;5;28;01mas[39;00m[38;5;250m [39m[38;5;21;01mbdi[39;00m
[0;32m----> 2[0m top_matches [38;5;241m=[39m [43mbdi[49m[38;5;241;43m.[39;49m[43mtop_matches[49m[43m([49m[43mdf[49m[43m,[49m[43m [49m[43mcolumns[49m[38;5;241;43m=[39;49m[43m[[49m[38;5;124;43m"[39;49m[38;5;124;43mgender[39;49m[38;5;124;43m"[39;49m[43m][49m[43m,[49m[43m [49m[43mtarget[49m[38;5;241;43m=[39;49m[38;5;124;43m"[39;49m[38;5;124;43mgdc[39;49m[38;5;124;43m"[39;49m[43m)[49m
[1;32m      3[0m top_matches[38;5;241m.[39mto_markdown()

File [0;32m/usr/local/lib/python3.10/site-packages/bdikit/api.py:133[0m, in [0;36mtop_matches[0;34m(source, columns, target, top_k, method, method_args)[0m
[1;32m    131[0m     [38;5;28;01mif[39;00m method_args [38;5;129;01mis[39;00m [38;5;28;01mNone[39;00m:
[1;32m    132[0m         method_args [38;5;241m=[39m {}
[0;32m--> 133[0m     topk_matcher [38;5;241m=[39m [43mTopkMatchers[49m[38;5;241;43m.[39;49m[43mget_matcher[49m[43m([49m[43mmethod[49m[43m,[49m[43m [49m[38;5;241;43m*[39;49m[38;5;241;43m*[39;49m[43mmethod_args[49m[43m)[49m
[1;32m    134[0m [38;5;28;01melif[39;00m [38;5;28misinstance[39m(method, BaseTopkSchemaMatcher):
[1;32m    135[0m     topk_matcher [38;5;241m=[39m method

File [0;32m/usr/local/lib/python3.10/site-packages/bdikit/schema_matching/topk/matcher_factory.py:31[0m, in [0;36mTopkMatchers.get_matcher[0;34m(matcher_name, **matcher_kwargs)[0m
[1;32m     28[0m module_path, class_name [38;5;241m=[39m matchers[matcher_name][38;5;241m.[39mrsplit([38;5;124m"[39m[38;5;124m.[39m[38;5;124m"[39m, [38;5;241m1[39m)
[1;32m     29[0m module [38;5;241m=[39m importlib[38;5;241m.[39mimport_module(module_path)
[0;32m---> 31[0m [38;5;28;01mreturn[39;00m [38;5;28;43mgetattr[39;49m[43m([49m[43mmodule[49m[43m,[49m[43m [49m[43mclass_name[49m[43m)[49m[43m([49m[38;5;241;43m*[39;49m[38;5;241;43m*[39;49m[43mmatcher_kwargs[49m[43m)[49m

File [0;32m/usr/local/lib/python3.10/site-packages/bdikit/schema_matching/topk/contrastivelearning.py:60[0m, in [0;36mCLTopkSchemaMatcher.__init__[0;34m(self, model_name, metric)[0m
[1;32m     58[0m [38;5;28;01mdef[39;00m[38;5;250m [39m[38;5;21m__init__[39m([38;5;28mself[39m, model_name: [38;5;28mstr[39m [38;5;241m=[39m DEFAULT_CL_MODEL, metric: [38;5;28mstr[39m [38;5;241m=[39m [38;5;124m"[39m[38;5;124mcosine[39m[38;5;124m"[39m):
[1;32m     59[0m     [38;5;28msuper[39m()[38;5;241m.[39m[38;5;21m__init__[39m(
[0;32m---> 60[0m         column_embedder[38;5;241m=[39m[43mContrastiveLearningAPI[49m[43m([49m[43mmodel_name[49m[38;5;241;43m=[39;49m[43mmodel_name[49m[43m)[49m, metric[38;5;241m=[39mmetric
[1;32m     61[0m     )

File [0;32m/usr/local/lib/python3.10/site-packages/bdikit/models/contrastive_learning/cl_api.py:45[0m, in [0;36mContrastiveLearningAPI.__init__[0;34m(self, model_path, model_name, batch_size)[0m
[1;32m     43[0m [38;5;28mself[39m[38;5;241m.[39mbatch_size [38;5;241m=[39m batch_size
[1;32m     44[0m [38;5;28mself[39m[38;5;241m.[39mdevice [38;5;241m=[39m get_device()
[0;32m---> 45[0m [38;5;28mself[39m[38;5;241m.[39mmodel [38;5;241m=[39m [38;5;28;43mself[39;49m[38;5;241;43m.[39;49m[43mload_checkpoint[49m[43m([49m[43m)[49m

File [0;32m/usr/local/lib/python3.10/site-packages/bdikit/models/contrastive_learning/cl_api.py:48[0m, in [0;36mContrastiveLearningAPI.load_checkpoint[0;34m(self, lm)[0m
[1;32m     47[0m [38;5;28;01mdef[39;00m[38;5;250m [39m[38;5;21mload_checkpoint[39m([38;5;28mself[39m, lm: [38;5;28mstr[39m [38;5;241m=[39m [38;5;124m"[39m[38;5;124mroberta[39m[38;5;124m"[39m):
[0;32m---> 48[0m     ckpt [38;5;241m=[39m [43mtorch[49m[38;5;241;43m.[39;49m[43mload[49m[43m([49m[38;5;28;43mself[39;49m[38;5;241;43m.[39;49m[43mmodel_path[49m[43m,[49m[43m [49m[43mmap_location[49m[38;5;241;43m=[39;49m[43mtorch[49m[38;5;241;43m.[39;49m[43mdevice[49m[43m([49m[38;5;124;43m"[39;49m[38;5;124;43mcpu[39;49m[38;5;124;43m"[39;49m[43m)[49m[43m)[49m
[1;32m     49[0m     scale_loss [38;5;241m=[39m [38;5;241m0.1[39m
[1;32m     50[0m     lambd [38;5;241m=[39m [38;5;241m3.9[39m

File [0;32m/usr/local/lib/python3.10/site-packages/torch/serialization.py:1529[0m, in [0;36mload[0;34m(f, map_location, pickle_module, weights_only, mmap, **pickle_load_args)[0m
[1;32m   1521[0m                 [38;5;28;01mreturn[39;00m _load(
[1;32m   1522[0m                     opened_zipfile,
[1;32m   1523[0m                     map_location,
[0;32m   (...)[0m
[1;32m   1526[0m                     [38;5;241m*[39m[38;5;241m*[39mpickle_load_args,
[1;32m   1527[0m                 )
[1;32m   1528[0m             [38;5;28;01mexcept[39;00m pickle[38;5;241m.[39mUnpicklingError [38;5;28;01mas[39;00m e:
[0;32m-> 1529[0m                 [38;5;28;01mraise[39;00m pickle[38;5;241m.[39mUnpicklingError(_get_wo_message([38;5;28mstr[39m(e))) [38;5;28;01mfrom[39;00m[38;5;250m [39m[38;5;28;01mNone[39;00m
[1;32m   1530[0m         [38;5;28;01mreturn[39;00m _load(
[1;32m   1531[0m             opened_zipfile,
[1;32m   1532[0m             map_location,
[0;32m   (...)[0m
[1;32m   1535[0m             [38;5;241m*[39m[38;5;241m*[39mpickle_load_args,
[1;32m   1536[0m         )
[1;32m   1537[0m [38;5;28;01mif[39;00m mmap:

[0;31mUnpicklingError[0m: Weights only load failed. This file can still be loaded, to do so you have two options, [1mdo those steps only if you trust the source of the checkpoint[0m. 
	(1) In PyTorch 2.6, we changed the default value of the `weights_only` argument in `torch.load` from `False` to `True`. Re-running `torch.load` with `weights_only` set to `False` will likely succeed, but it can result in arbitrary code execution. Do it only if you got the file from a trusted source.
	(2) Alternatively, to load with `weights_only=True` please check the recommended steps in the following error message.
	WeightsUnpickler error: Unsupported global: GLOBAL argparse.Namespace was not an allowed global by default. Please use `torch.serialization.add_safe_globals([argparse.Namespace])` or the `torch.serialization.safe_globals([argparse.Namespace])` context manager to allowlist this global if you trust this class/function.

Check the documentation of torch.load to learn more about types accepted by default with weights_only https://pytorch.org/docs/stable/generated/torch.load.html.
Uncaught exception in ZMQStream callback
Traceback (most recent call last):
  File "/usr/local/lib/python3.10/site-packages/zmq/eventloop/zmqstream.py", line 565, in _log_error
    f.result()
  File "/usr/local/lib/python3.10/site-packages/beaker_kernel/lib/jupyter_kernel_proxy.py", line 253, in handler
    new_data = await callback(self, other_stream, data)
  File "/usr/local/lib/python3.10/site-packages/beaker_kernel/lib/context.py", line 835, in handle_error
    raise ExecutionError(content["ename"], content["evalue"], content["traceback"])
beaker_kernel.lib.utils.ExecutionError: ('UnpicklingError', 'Weights only load failed. This file can still be loaded, to do so you have two options, \x1b[1mdo those steps only if you trust the source of the checkpoint\x1b[0m. \n\t(1) In PyTorch 2.6, we changed the default value of the `weights_only` argument in `torch.load` from `False` to `True`. Re-running `torch.load` with `weights_only` set to `False` will likely succeed, but it can result in arbitrary code execution. Do it only if you got the file from a trusted source.\n\t(2) Alternatively, to load with `weights_only=True` please check the recommended steps in the following error message.\n\tWeightsUnpickler error: Unsupported global: GLOBAL argparse.Namespace was not an allowed global by default. Please use `torch.serialization.add_safe_globals([argparse.Namespace])` or the `torch.serialization.safe_globals([argparse.Namespace])` context manager to allowlist this global if you trust this class/function.\n\nCheck the documentation of torch.load to learn more about types accepted by default with weights_only https://pytorch.org/docs/stable/generated/torch.load.html.', ['\x1b[0;31m---------------------------------------------------------------------------\x1b[0m', '\x1b[0;31mUnpicklingError\x1b[0m                           Traceback (most recent call last)', 'Cell \x1b[0;32mIn[11], line 2\x1b[0m\n\x1b[1;32m      1\x1b[0m \x1b[38;5;28;01mimport\x1b[39;00m\x1b[38;5;250m \x1b[39m\x1b[38;5;21;01mbdikit\x1b[39;00m\x1b[38;5;250m \x1b[39m\x1b[38;5;28;01mas\x1b[39;00m\x1b[38;5;250m \x1b[39m\x1b[38;5;21;01mbdi\x1b[39;00m\n\x1b[0;32m----> 2\x1b[0m top_matches \x1b[38;5;241m=\x1b[39m \x1b[43mbdi\x1b[49m\x1b[38;5;241;43m.\x1b[39;49m\x1b[43mtop_matches\x1b[49m\x1b[43m(\x1b[49m\x1b[43mdf\x1b[49m\x1b[43m,\x1b[49m\x1b[43m \x1b[49m\x1b[43mcolumns\x1b[49m\x1b[38;5;241;43m=\x1b[39;49m\x1b[43m[\x1b[49m\x1b[38;5;124;43m"\x1b[39;49m\x1b[38;5;124;43mgender\x1b[39;49m\x1b[38;5;124;43m"\x1b[39;49m\x1b[43m]\x1b[49m\x1b[43m,\x1b[49m\x1b[43m \x1b[49m\x1b[43mtarget\x1b[49m\x1b[38;5;241;43m=\x1b[39;49m\x1b[38;5;124;43m"\x1b[39;49m\x1b[38;5;124;43mgdc\x1b[39;49m\x1b[38;5;124;43m"\x1b[39;49m\x1b[43m)\x1b[49m\n\x1b[1;32m      3\x1b[0m top_matches\x1b[38;5;241m.\x1b[39mto_markdown()\n', 'File \x1b[0;32m/usr/local/lib/python3.10/site-packages/bdikit/api.py:133\x1b[0m, in \x1b[0;36mtop_matches\x1b[0;34m(source, columns, target, top_k, method, method_args)\x1b[0m\n\x1b[1;32m    131\x1b[0m     \x1b[38;5;28;01mif\x1b[39;00m method_args \x1b[38;5;129;01mis\x1b[39;00m \x1b[38;5;28;01mNone\x1b[39;00m:\n\x1b[1;32m    132\x1b[0m         method_args \x1b[38;5;241m=\x1b[39m {}\n\x1b[0;32m--> 133\x1b[0m     topk_matcher \x1b[38;5;241m=\x1b[39m \x1b[43mTopkMatchers\x1b[49m\x1b[38;5;241;43m.\x1b[39;49m\x1b[43mget_matcher\x1b[49m\x1b[43m(\x1b[49m\x1b[43mmethod\x1b[49m\x1b[43m,\x1b[49m\x1b[43m \x1b[49m\x1b[38;5;241;43m*\x1b[39;49m\x1b[38;5;241;43m*\x1b[39;49m\x1b[43mmethod_args\x1b[49m\x1b[43m)\x1b[49m\n\x1b[1;32m    134\x1b[0m \x1b[38;5;28;01melif\x1b[39;00m \x1b[38;5;28misinstance\x1b[39m(method, BaseTopkSchemaMatcher):\n\x1b[1;32m    135\x1b[0m     topk_matcher \x1b[38;5;241m=\x1b[39m method\n', 'File \x1b[0;32m/usr/local/lib/python3.10/site-packages/bdikit/schema_matching/topk/matcher_factory.py:31\x1b[0m, in \x1b[0;36mTopkMatchers.get_matcher\x1b[0;34m(matcher_name, **matcher_kwargs)\x1b[0m\n\x1b[1;32m     28\x1b[0m module_path, class_name \x1b[38;5;241m=\x1b[39m matchers[matcher_name]\x1b[38;5;241m.\x1b[39mrsplit(\x1b[38;5;124m"\x1b[39m\x1b[38;5;124m.\x1b[39m\x1b[38;5;124m"\x1b[39m, \x1b[38;5;241m1\x1b[39m)\n\x1b[1;32m     29\x1b[0m module \x1b[38;5;241m=\x1b[39m importlib\x1b[38;5;241m.\x1b[39mimport_module(module_path)\n\x1b[0;32m---> 31\x1b[0m \x1b[38;5;28;01mreturn\x1b[39;00m \x1b[38;5;28;43mgetattr\x1b[39;49m\x1b[43m(\x1b[49m\x1b[43mmodule\x1b[49m\x1b[43m,\x1b[49m\x1b[43m \x1b[49m\x1b[43mclass_name\x1b[49m\x1b[43m)\x1b[49m\x1b[43m(\x1b[49m\x1b[38;5;241;43m*\x1b[39;49m\x1b[38;5;241;43m*\x1b[39;49m\x1b[43mmatcher_kwargs\x1b[49m\x1b[43m)\x1b[49m\n', 'File \x1b[0;32m/usr/local/lib/python3.10/site-packages/bdikit/schema_matching/topk/contrastivelearning.py:60\x1b[0m, in \x1b[0;36mCLTopkSchemaMatcher.__init__\x1b[0;34m(self, model_name, metric)\x1b[0m\n\x1b[1;32m     58\x1b[0m \x1b[38;5;28;01mdef\x1b[39;00m\x1b[38;5;250m \x1b[39m\x1b[38;5;21m__init__\x1b[39m(\x1b[38;5;28mself\x1b[39m, model_name: \x1b[38;5;28mstr\x1b[39m \x1b[38;5;241m=\x1b[39m DEFAULT_CL_MODEL, metric: \x1b[38;5;28mstr\x1b[39m \x1b[38;5;241m=\x1b[39m \x1b[38;5;124m"\x1b[39m\x1b[38;5;124mcosine\x1b[39m\x1b[38;5;124m"\x1b[39m):\n\x1b[1;32m     59\x1b[0m     \x1b[38;5;28msuper\x1b[39m()\x1b[38;5;241m.\x1b[39m\x1b[38;5;21m__init__\x1b[39m(\n\x1b[0;32m---> 60\x1b[0m         column_embedder\x1b[38;5;241m=\x1b[39m\x1b[43mContrastiveLearningAPI\x1b[49m\x1b[43m(\x1b[49m\x1b[43mmodel_name\x1b[49m\x1b[38;5;241;43m=\x1b[39;49m\x1b[43mmodel_name\x1b[49m\x1b[43m)\x1b[49m, metric\x1b[38;5;241m=\x1b[39mmetric\n\x1b[1;32m     61\x1b[0m     )\n', 'File \x1b[0;32m/usr/local/lib/python3.10/site-packages/bdikit/models/contrastive_learning/cl_api.py:45\x1b[0m, in \x1b[0;36mContrastiveLearningAPI.__init__\x1b[0;34m(self, model_path, model_name, batch_size)\x1b[0m\n\x1b[1;32m     43\x1b[0m \x1b[38;5;28mself\x1b[39m\x1b[38;5;241m.\x1b[39mbatch_size \x1b[38;5;241m=\x1b[39m batch_size\n\x1b[1;32m     44\x1b[0m \x1b[38;5;28mself\x1b[39m\x1b[38;5;241m.\x1b[39mdevice \x1b[38;5;241m=\x1b[39m get_device()\n\x1b[0;32m---> 45\x1b[0m \x1b[38;5;28mself\x1b[39m\x1b[38;5;241m.\x1b[39mmodel \x1b[38;5;241m=\x1b[39m \x1b[38;5;28;43mself\x1b[39;49m\x1b[38;5;241;43m.\x1b[39;49m\x1b[43mload_checkpoint\x1b[49m\x1b[43m(\x1b[49m\x1b[43m)\x1b[49m\n', 'File \x1b[0;32m/usr/local/lib/python3.10/site-packages/bdikit/models/contrastive_learning/cl_api.py:48\x1b[0m, in \x1b[0;36mContrastiveLearningAPI.load_checkpoint\x1b[0;34m(self, lm)\x1b[0m\n\x1b[1;32m     47\x1b[0m \x1b[38;5;28;01mdef\x1b[39;00m\x1b[38;5;250m \x1b[39m\x1b[38;5;21mload_checkpoint\x1b[39m(\x1b[38;5;28mself\x1b[39m, lm: \x1b[38;5;28mstr\x1b[39m \x1b[38;5;241m=\x1b[39m \x1b[38;5;124m"\x1b[39m\x1b[38;5;124mroberta\x1b[39m\x1b[38;5;124m"\x1b[39m):\n\x1b[0;32m---> 48\x1b[0m     ckpt \x1b[38;5;241m=\x1b[39m \x1b[43mtorch\x1b[49m\x1b[38;5;241;43m.\x1b[39;49m\x1b[43mload\x1b[49m\x1b[43m(\x1b[49m\x1b[38;5;28;43mself\x1b[39;49m\x1b[38;5;241;43m.\x1b[39;49m\x1b[43mmodel_path\x1b[49m\x1b[43m,\x1b[49m\x1b[43m \x1b[49m\x1b[43mmap_location\x1b[49m\x1b[38;5;241;43m=\x1b[39;49m\x1b[43mtorch\x1b[49m\x1b[38;5;241;43m.\x1b[39;49m\x1b[43mdevice\x1b[49m\x1b[43m(\x1b[49m\x1b[38;5;124;43m"\x1b[39;49m\x1b[38;5;124;43mcpu\x1b[39;49m\x1b[38;5;124;43m"\x1b[39;49m\x1b[43m)\x1b[49m\x1b[43m)\x1b[49m\n\x1b[1;32m     49\x1b[0m     scale_loss \x1b[38;5;241m=\x1b[39m \x1b[38;5;241m0.1\x1b[39m\n\x1b[1;32m     50\x1b[0m     lambd \x1b[38;5;241m=\x1b[39m \x1b[38;5;241m3.9\x1b[39m\n', 'File \x1b[0;32m/usr/local/lib/python3.10/site-packages/torch/serialization.py:1529\x1b[0m, in \x1b[0;36mload\x1b[0;34m(f, map_location, pickle_module, weights_only, mmap, **pickle_load_args)\x1b[0m\n\x1b[1;32m   1521\x1b[0m                 \x1b[38;5;28;01mreturn\x1b[39;00m _load(\n\x1b[1;32m   1522\x1b[0m                     opened_zipfile,\n\x1b[1;32m   1523\x1b[0m                     map_location,\n\x1b[0;32m   (...)\x1b[0m\n\x1b[1;32m   1526\x1b[0m                     \x1b[38;5;241m*\x1b[39m\x1b[38;5;241m*\x1b[39mpickle_load_args,\n\x1b[1;32m   1527\x1b[0m                 )\n\x1b[1;32m   1528\x1b[0m             \x1b[38;5;28;01mexcept\x1b[39;00m pickle\x1b[38;5;241m.\x1b[39mUnpicklingError \x1b[38;5;28;01mas\x1b[39;00m e:\n\x1b[0;32m-> 1529\x1b[0m                 \x1b[38;5;28;01mraise\x1b[39;00m pickle\x1b[38;5;241m.\x1b[39mUnpicklingError(_get_wo_message(\x1b[38;5;28mstr\x1b[39m(e))) \x1b[38;5;28;01mfrom\x1b[39;00m\x1b[38;5;250m \x1b[39m\x1b[38;5;28;01mNone\x1b[39;00m\n\x1b[1;32m   1530\x1b[0m         \x1b[38;5;28;01mreturn\x1b[39;00m _load(\n\x1b[1;32m   1531\x1b[0m             opened_zipfile,\n\x1b[1;32m   1532\x1b[0m             map_location,\n\x1b[0;32m   (...)\x1b[0m\n\x1b[1;32m   1535\x1b[0m             \x1b[38;5;241m*\x1b[39m\x1b[38;5;241m*\x1b[39mpickle_load_args,\n\x1b[1;32m   1536\x1b[0m         )\n\x1b[1;32m   1537\x1b[0m \x1b[38;5;28;01mif\x1b[39;00m mmap:\n', '\x1b[0;31mUnpicklingError\x1b[0m: Weights only load failed. This file can still be loaded, to do so you have two options, \x1b[1mdo those steps only if you trust the source of the checkpoint\x1b[0m. \n\t(1) In PyTorch 2.6, we changed the default value of the `weights_only` argument in `torch.load` from `False` to `True`. Re-running `torch.load` with `weights_only` set to `False` will likely succeed, but it can result in arbitrary code execution. Do it only if you got the file from a trusted source.\n\t(2) Alternatively, to load with `weights_only=True` please check the recommended steps in the following error message.\n\tWeightsUnpickler error: Unsupported global: GLOBAL argparse.Namespace was not an allowed global by default. Please use `torch.serialization.add_safe_globals([argparse.Namespace])` or the `torch.serialization.safe_globals([argparse.Namespace])` context manager to allowlist this global if you trust this class/function.\n\nCheck the documentation of torch.load to learn more about types accepted by default with weights_only https://pytorch.org/docs/stable/generated/torch.load.html.'])
Error: UnpicklingError Weights only load failed. This file can still be loaded, to do so you have two options, [1mdo those steps only if you trust the source of the checkpoint[0m. 
	(1) In PyTorch 2.6, we changed the default value of the `weights_only` argument in `torch.load` from `False` to `True`. Re-running `torch.load` with `weights_only` set to `False` will likely succeed, but it can result in arbitrary code execution. Do it only if you got the file from a trusted source.
	(2) Alternatively, to load with `weights_only=True` please check the recommended steps in the following error message.
	WeightsUnpickler error: Unsupported global: GLOBAL argparse.Namespace was not an allowed global by default. Please use `torch.serialization.add_safe_globals([argparse.Namespace])` or the `torch.serialization.safe_globals([argparse.Namespace])` context manager to allowlist this global if you trust this class/function.

Check the documentation of torch.load to learn more about types accepted by default with weights_only https://pytorch.org/docs/stable/generated/torch.load.html.
Traceback:
[0;31m---------------------------------------------------------------------------[0m
[0;31mUnpicklingError[0m                           Traceback (most recent call last)
Cell [0;32mIn[11], line 2[0m
[1;32m      1[0m [38;5;28;01mimport[39;00m[38;5;250m [39m[38;5;21;01mbdikit[39;00m[38;5;250m [39m[38;5;28;01mas[39;00m[38;5;250m [39m[38;5;21;01mbdi[39;00m
[0;32m----> 2[0m top_matches [38;5;241m=[39m [43mbdi[49m[38;5;241;43m.[39;49m[43mtop_matches[49m[43m([49m[43mdf[49m[43m,[49m[43m [49m[43mcolumns[49m[38;5;241;43m=[39;49m[43m[[49m[38;5;124;43m"[39;49m[38;5;124;43msample_site[39;49m[38;5;124;43m"[39;49m[43m][49m[43m,[49m[43m [49m[43mtarget[49m[38;5;241;43m=[39;49m[38;5;124;43m"[39;49m[38;5;124;43mgdc[39;49m[38;5;124;43m"[39;49m[43m)[49m
[1;32m      3[0m top_matches[38;5;241m.[39mto_markdown()

File [0;32m/usr/local/lib/python3.10/site-packages/bdikit/api.py:133[0m, in [0;36mtop_matches[0;34m(source, columns, target, top_k, method, method_args)[0m
[1;32m    131[0m     [38;5;28;01mif[39;00m method_args [38;5;129;01mis[39;00m [38;5;28;01mNone[39;00m:
[1;32m    132[0m         method_args [38;5;241m=[39m {}
[0;32m--> 133[0m     topk_matcher [38;5;241m=[39m [43mTopkMatchers[49m[38;5;241;43m.[39;49m[43mget_matcher[49m[43m([49m[43mmethod[49m[43m,[49m[43m [49m[38;5;241;43m*[39;49m[38;5;241;43m*[39;49m[43mmethod_args[49m[43m)[49m
[1;32m    134[0m [38;5;28;01melif[39;00m [38;5;28misinstance[39m(method, BaseTopkSchemaMatcher):
[1;32m    135[0m     topk_matcher [38;5;241m=[39m method

File [0;32m/usr/local/lib/python3.10/site-packages/bdikit/schema_matching/topk/matcher_factory.py:31[0m, in [0;36mTopkMatchers.get_matcher[0;34m(matcher_name, **matcher_kwargs)[0m
[1;32m     28[0m module_path, class_name [38;5;241m=[39m matchers[matcher_name][38;5;241m.[39mrsplit([38;5;124m"[39m[38;5;124m.[39m[38;5;124m"[39m, [38;5;241m1[39m)
[1;32m     29[0m module [38;5;241m=[39m importlib[38;5;241m.[39mimport_module(module_path)
[0;32m---> 31[0m [38;5;28;01mreturn[39;00m [38;5;28;43mgetattr[39;49m[43m([49m[43mmodule[49m[43m,[49m[43m [49m[43mclass_name[49m[43m)[49m[43m([49m[38;5;241;43m*[39;49m[38;5;241;43m*[39;49m[43mmatcher_kwargs[49m[43m)[49m

File [0;32m/usr/local/lib/python3.10/site-packages/bdikit/schema_matching/topk/contrastivelearning.py:60[0m, in [0;36mCLTopkSchemaMatcher.__init__[0;34m(self, model_name, metric)[0m
[1;32m     58[0m [38;5;28;01mdef[39;00m[38;5;250m [39m[38;5;21m__init__[39m([38;5;28mself[39m, model_name: [38;5;28mstr[39m [38;5;241m=[39m DEFAULT_CL_MODEL, metric: [38;5;28mstr[39m [38;5;241m=[39m [38;5;124m"[39m[38;5;124mcosine[39m[38;5;124m"[39m):
[1;32m     59[0m     [38;5;28msuper[39m()[38;5;241m.[39m[38;5;21m__init__[39m(
[0;32m---> 60[0m         column_embedder[38;5;241m=[39m[43mContrastiveLearningAPI[49m[43m([49m[43mmodel_name[49m[38;5;241;43m=[39;49m[43mmodel_name[49m[43m)[49m, metric[38;5;241m=[39mmetric
[1;32m     61[0m     )

File [0;32m/usr/local/lib/python3.10/site-packages/bdikit/models/contrastive_learning/cl_api.py:45[0m, in [0;36mContrastiveLearningAPI.__init__[0;34m(self, model_path, model_name, batch_size)[0m
[1;32m     43[0m [38;5;28mself[39m[38;5;241m.[39mbatch_size [38;5;241m=[39m batch_size
[1;32m     44[0m [38;5;28mself[39m[38;5;241m.[39mdevice [38;5;241m=[39m get_device()
[0;32m---> 45[0m [38;5;28mself[39m[38;5;241m.[39mmodel [38;5;241m=[39m [38;5;28;43mself[39;49m[38;5;241;43m.[39;49m[43mload_checkpoint[49m[43m([49m[43m)[49m

File [0;32m/usr/local/lib/python3.10/site-packages/bdikit/models/contrastive_learning/cl_api.py:48[0m, in [0;36mContrastiveLearningAPI.load_checkpoint[0;34m(self, lm)[0m
[1;32m     47[0m [38;5;28;01mdef[39;00m[38;5;250m [39m[38;5;21mload_checkpoint[39m([38;5;28mself[39m, lm: [38;5;28mstr[39m [38;5;241m=[39m [38;5;124m"[39m[38;5;124mroberta[39m[38;5;124m"[39m):
[0;32m---> 48[0m     ckpt [38;5;241m=[39m [43mtorch[49m[38;5;241;43m.[39;49m[43mload[49m[43m([49m[38;5;28;43mself[39;49m[38;5;241;43m.[39;49m[43mmodel_path[49m[43m,[49m[43m [49m[43mmap_location[49m[38;5;241;43m=[39;49m[43mtorch[49m[38;5;241;43m.[39;49m[43mdevice[49m[43m([49m[38;5;124;43m"[39;49m[38;5;124;43mcpu[39;49m[38;5;124;43m"[39;49m[43m)[49m[43m)[49m
[1;32m     49[0m     scale_loss [38;5;241m=[39m [38;5;241m0.1[39m
[1;32m     50[0m     lambd [38;5;241m=[39m [38;5;241m3.9[39m

File [0;32m/usr/local/lib/python3.10/site-packages/torch/serialization.py:1529[0m, in [0;36mload[0;34m(f, map_location, pickle_module, weights_only, mmap, **pickle_load_args)[0m
[1;32m   1521[0m                 [38;5;28;01mreturn[39;00m _load(
[1;32m   1522[0m                     opened_zipfile,
[1;32m   1523[0m                     map_location,
[0;32m   (...)[0m
[1;32m   1526[0m                     [38;5;241m*[39m[38;5;241m*[39mpickle_load_args,
[1;32m   1527[0m                 )
[1;32m   1528[0m             [38;5;28;01mexcept[39;00m pickle[38;5;241m.[39mUnpicklingError [38;5;28;01mas[39;00m e:
[0;32m-> 1529[0m                 [38;5;28;01mraise[39;00m pickle[38;5;241m.[39mUnpicklingError(_get_wo_message([38;5;28mstr[39m(e))) [38;5;28;01mfrom[39;00m[38;5;250m [39m[38;5;28;01mNone[39;00m
[1;32m   1530[0m         [38;5;28;01mreturn[39;00m _load(
[1;32m   1531[0m             opened_zipfile,
[1;32m   1532[0m             map_location,
[0;32m   (...)[0m
[1;32m   1535[0m             [38;5;241m*[39m[38;5;241m*[39mpickle_load_args,
[1;32m   1536[0m         )
[1;32m   1537[0m [38;5;28;01mif[39;00m mmap:

[0;31mUnpicklingError[0m: Weights only load failed. This file can still be loaded, to do so you have two options, [1mdo those steps only if you trust the source of the checkpoint[0m. 
	(1) In PyTorch 2.6, we changed the default value of the `weights_only` argument in `torch.load` from `False` to `True`. Re-running `torch.load` with `weights_only` set to `False` will likely succeed, but it can result in arbitrary code execution. Do it only if you got the file from a trusted source.
	(2) Alternatively, to load with `weights_only=True` please check the recommended steps in the following error message.
	WeightsUnpickler error: Unsupported global: GLOBAL argparse.Namespace was not an allowed global by default. Please use `torch.serialization.add_safe_globals([argparse.Namespace])` or the `torch.serialization.safe_globals([argparse.Namespace])` context manager to allowlist this global if you trust this class/function.

Check the documentation of torch.load to learn more about types accepted by default with weights_only https://pytorch.org/docs/stable/generated/torch.load.html.
Uncaught exception in ZMQStream callback
Traceback (most recent call last):
  File "/usr/local/lib/python3.10/site-packages/zmq/eventloop/zmqstream.py", line 565, in _log_error
    f.result()
  File "/usr/local/lib/python3.10/site-packages/beaker_kernel/lib/jupyter_kernel_proxy.py", line 253, in handler
    new_data = await callback(self, other_stream, data)
  File "/usr/local/lib/python3.10/site-packages/beaker_kernel/lib/context.py", line 835, in handle_error
    raise ExecutionError(content["ename"], content["evalue"], content["traceback"])
beaker_kernel.lib.utils.ExecutionError: ('UnpicklingError', 'Weights only load failed. This file can still be loaded, to do so you have two options, \x1b[1mdo those steps only if you trust the source of the checkpoint\x1b[0m. \n\t(1) In PyTorch 2.6, we changed the default value of the `weights_only` argument in `torch.load` from `False` to `True`. Re-running `torch.load` with `weights_only` set to `False` will likely succeed, but it can result in arbitrary code execution. Do it only if you got the file from a trusted source.\n\t(2) Alternatively, to load with `weights_only=True` please check the recommended steps in the following error message.\n\tWeightsUnpickler error: Unsupported global: GLOBAL argparse.Namespace was not an allowed global by default. Please use `torch.serialization.add_safe_globals([argparse.Namespace])` or the `torch.serialization.safe_globals([argparse.Namespace])` context manager to allowlist this global if you trust this class/function.\n\nCheck the documentation of torch.load to learn more about types accepted by default with weights_only https://pytorch.org/docs/stable/generated/torch.load.html.', ['\x1b[0;31m---------------------------------------------------------------------------\x1b[0m', '\x1b[0;31mUnpicklingError\x1b[0m                           Traceback (most recent call last)', 'Cell \x1b[0;32mIn[11], line 2\x1b[0m\n\x1b[1;32m      1\x1b[0m \x1b[38;5;28;01mimport\x1b[39;00m\x1b[38;5;250m \x1b[39m\x1b[38;5;21;01mbdikit\x1b[39;00m\x1b[38;5;250m \x1b[39m\x1b[38;5;28;01mas\x1b[39;00m\x1b[38;5;250m \x1b[39m\x1b[38;5;21;01mbdi\x1b[39;00m\n\x1b[0;32m----> 2\x1b[0m top_matches \x1b[38;5;241m=\x1b[39m \x1b[43mbdi\x1b[49m\x1b[38;5;241;43m.\x1b[39;49m\x1b[43mtop_matches\x1b[49m\x1b[43m(\x1b[49m\x1b[43mdf\x1b[49m\x1b[43m,\x1b[49m\x1b[43m \x1b[49m\x1b[43mcolumns\x1b[49m\x1b[38;5;241;43m=\x1b[39;49m\x1b[43m[\x1b[49m\x1b[38;5;124;43m"\x1b[39;49m\x1b[38;5;124;43msample_site\x1b[39;49m\x1b[38;5;124;43m"\x1b[39;49m\x1b[43m]\x1b[49m\x1b[43m,\x1b[49m\x1b[43m \x1b[49m\x1b[43mtarget\x1b[49m\x1b[38;5;241;43m=\x1b[39;49m\x1b[38;5;124;43m"\x1b[39;49m\x1b[38;5;124;43mgdc\x1b[39;49m\x1b[38;5;124;43m"\x1b[39;49m\x1b[43m)\x1b[49m\n\x1b[1;32m      3\x1b[0m top_matches\x1b[38;5;241m.\x1b[39mto_markdown()\n', 'File \x1b[0;32m/usr/local/lib/python3.10/site-packages/bdikit/api.py:133\x1b[0m, in \x1b[0;36mtop_matches\x1b[0;34m(source, columns, target, top_k, method, method_args)\x1b[0m\n\x1b[1;32m    131\x1b[0m     \x1b[38;5;28;01mif\x1b[39;00m method_args \x1b[38;5;129;01mis\x1b[39;00m \x1b[38;5;28;01mNone\x1b[39;00m:\n\x1b[1;32m    132\x1b[0m         method_args \x1b[38;5;241m=\x1b[39m {}\n\x1b[0;32m--> 133\x1b[0m     topk_matcher \x1b[38;5;241m=\x1b[39m \x1b[43mTopkMatchers\x1b[49m\x1b[38;5;241;43m.\x1b[39;49m\x1b[43mget_matcher\x1b[49m\x1b[43m(\x1b[49m\x1b[43mmethod\x1b[49m\x1b[43m,\x1b[49m\x1b[43m \x1b[49m\x1b[38;5;241;43m*\x1b[39;49m\x1b[38;5;241;43m*\x1b[39;49m\x1b[43mmethod_args\x1b[49m\x1b[43m)\x1b[49m\n\x1b[1;32m    134\x1b[0m \x1b[38;5;28;01melif\x1b[39;00m \x1b[38;5;28misinstance\x1b[39m(method, BaseTopkSchemaMatcher):\n\x1b[1;32m    135\x1b[0m     topk_matcher \x1b[38;5;241m=\x1b[39m method\n', 'File \x1b[0;32m/usr/local/lib/python3.10/site-packages/bdikit/schema_matching/topk/matcher_factory.py:31\x1b[0m, in \x1b[0;36mTopkMatchers.get_matcher\x1b[0;34m(matcher_name, **matcher_kwargs)\x1b[0m\n\x1b[1;32m     28\x1b[0m module_path, class_name \x1b[38;5;241m=\x1b[39m matchers[matcher_name]\x1b[38;5;241m.\x1b[39mrsplit(\x1b[38;5;124m"\x1b[39m\x1b[38;5;124m.\x1b[39m\x1b[38;5;124m"\x1b[39m, \x1b[38;5;241m1\x1b[39m)\n\x1b[1;32m     29\x1b[0m module \x1b[38;5;241m=\x1b[39m importlib\x1b[38;5;241m.\x1b[39mimport_module(module_path)\n\x1b[0;32m---> 31\x1b[0m \x1b[38;5;28;01mreturn\x1b[39;00m \x1b[38;5;28;43mgetattr\x1b[39;49m\x1b[43m(\x1b[49m\x1b[43mmodule\x1b[49m\x1b[43m,\x1b[49m\x1b[43m \x1b[49m\x1b[43mclass_name\x1b[49m\x1b[43m)\x1b[49m\x1b[43m(\x1b[49m\x1b[38;5;241;43m*\x1b[39;49m\x1b[38;5;241;43m*\x1b[39;49m\x1b[43mmatcher_kwargs\x1b[49m\x1b[43m)\x1b[49m\n', 'File \x1b[0;32m/usr/local/lib/python3.10/site-packages/bdikit/schema_matching/topk/contrastivelearning.py:60\x1b[0m, in \x1b[0;36mCLTopkSchemaMatcher.__init__\x1b[0;34m(self, model_name, metric)\x1b[0m\n\x1b[1;32m     58\x1b[0m \x1b[38;5;28;01mdef\x1b[39;00m\x1b[38;5;250m \x1b[39m\x1b[38;5;21m__init__\x1b[39m(\x1b[38;5;28mself\x1b[39m, model_name: \x1b[38;5;28mstr\x1b[39m \x1b[38;5;241m=\x1b[39m DEFAULT_CL_MODEL, metric: \x1b[38;5;28mstr\x1b[39m \x1b[38;5;241m=\x1b[39m \x1b[38;5;124m"\x1b[39m\x1b[38;5;124mcosine\x1b[39m\x1b[38;5;124m"\x1b[39m):\n\x1b[1;32m     59\x1b[0m     \x1b[38;5;28msuper\x1b[39m()\x1b[38;5;241m.\x1b[39m\x1b[38;5;21m__init__\x1b[39m(\n\x1b[0;32m---> 60\x1b[0m         column_embedder\x1b[38;5;241m=\x1b[39m\x1b[43mContrastiveLearningAPI\x1b[49m\x1b[43m(\x1b[49m\x1b[43mmodel_name\x1b[49m\x1b[38;5;241;43m=\x1b[39;49m\x1b[43mmodel_name\x1b[49m\x1b[43m)\x1b[49m, metric\x1b[38;5;241m=\x1b[39mmetric\n\x1b[1;32m     61\x1b[0m     )\n', 'File \x1b[0;32m/usr/local/lib/python3.10/site-packages/bdikit/models/contrastive_learning/cl_api.py:45\x1b[0m, in \x1b[0;36mContrastiveLearningAPI.__init__\x1b[0;34m(self, model_path, model_name, batch_size)\x1b[0m\n\x1b[1;32m     43\x1b[0m \x1b[38;5;28mself\x1b[39m\x1b[38;5;241m.\x1b[39mbatch_size \x1b[38;5;241m=\x1b[39m batch_size\n\x1b[1;32m     44\x1b[0m \x1b[38;5;28mself\x1b[39m\x1b[38;5;241m.\x1b[39mdevice \x1b[38;5;241m=\x1b[39m get_device()\n\x1b[0;32m---> 45\x1b[0m \x1b[38;5;28mself\x1b[39m\x1b[38;5;241m.\x1b[39mmodel \x1b[38;5;241m=\x1b[39m \x1b[38;5;28;43mself\x1b[39;49m\x1b[38;5;241;43m.\x1b[39;49m\x1b[43mload_checkpoint\x1b[49m\x1b[43m(\x1b[49m\x1b[43m)\x1b[49m\n', 'File \x1b[0;32m/usr/local/lib/python3.10/site-packages/bdikit/models/contrastive_learning/cl_api.py:48\x1b[0m, in \x1b[0;36mContrastiveLearningAPI.load_checkpoint\x1b[0;34m(self, lm)\x1b[0m\n\x1b[1;32m     47\x1b[0m \x1b[38;5;28;01mdef\x1b[39;00m\x1b[38;5;250m \x1b[39m\x1b[38;5;21mload_checkpoint\x1b[39m(\x1b[38;5;28mself\x1b[39m, lm: \x1b[38;5;28mstr\x1b[39m \x1b[38;5;241m=\x1b[39m \x1b[38;5;124m"\x1b[39m\x1b[38;5;124mroberta\x1b[39m\x1b[38;5;124m"\x1b[39m):\n\x1b[0;32m---> 48\x1b[0m     ckpt \x1b[38;5;241m=\x1b[39m \x1b[43mtorch\x1b[49m\x1b[38;5;241;43m.\x1b[39;49m\x1b[43mload\x1b[49m\x1b[43m(\x1b[49m\x1b[38;5;28;43mself\x1b[39;49m\x1b[38;5;241;43m.\x1b[39;49m\x1b[43mmodel_path\x1b[49m\x1b[43m,\x1b[49m\x1b[43m \x1b[49m\x1b[43mmap_location\x1b[49m\x1b[38;5;241;43m=\x1b[39;49m\x1b[43mtorch\x1b[49m\x1b[38;5;241;43m.\x1b[39;49m\x1b[43mdevice\x1b[49m\x1b[43m(\x1b[49m\x1b[38;5;124;43m"\x1b[39;49m\x1b[38;5;124;43mcpu\x1b[39;49m\x1b[38;5;124;43m"\x1b[39;49m\x1b[43m)\x1b[49m\x1b[43m)\x1b[49m\n\x1b[1;32m     49\x1b[0m     scale_loss \x1b[38;5;241m=\x1b[39m \x1b[38;5;241m0.1\x1b[39m\n\x1b[1;32m     50\x1b[0m     lambd \x1b[38;5;241m=\x1b[39m \x1b[38;5;241m3.9\x1b[39m\n', 'File \x1b[0;32m/usr/local/lib/python3.10/site-packages/torch/serialization.py:1529\x1b[0m, in \x1b[0;36mload\x1b[0;34m(f, map_location, pickle_module, weights_only, mmap, **pickle_load_args)\x1b[0m\n\x1b[1;32m   1521\x1b[0m                 \x1b[38;5;28;01mreturn\x1b[39;00m _load(\n\x1b[1;32m   1522\x1b[0m                     opened_zipfile,\n\x1b[1;32m   1523\x1b[0m                     map_location,\n\x1b[0;32m   (...)\x1b[0m\n\x1b[1;32m   1526\x1b[0m                     \x1b[38;5;241m*\x1b[39m\x1b[38;5;241m*\x1b[39mpickle_load_args,\n\x1b[1;32m   1527\x1b[0m                 )\n\x1b[1;32m   1528\x1b[0m             \x1b[38;5;28;01mexcept\x1b[39;00m pickle\x1b[38;5;241m.\x1b[39mUnpicklingError \x1b[38;5;28;01mas\x1b[39;00m e:\n\x1b[0;32m-> 1529\x1b[0m                 \x1b[38;5;28;01mraise\x1b[39;00m pickle\x1b[38;5;241m.\x1b[39mUnpicklingError(_get_wo_message(\x1b[38;5;28mstr\x1b[39m(e))) \x1b[38;5;28;01mfrom\x1b[39;00m\x1b[38;5;250m \x1b[39m\x1b[38;5;28;01mNone\x1b[39;00m\n\x1b[1;32m   1530\x1b[0m         \x1b[38;5;28;01mreturn\x1b[39;00m _load(\n\x1b[1;32m   1531\x1b[0m             opened_zipfile,\n\x1b[1;32m   1532\x1b[0m             map_location,\n\x1b[0;32m   (...)\x1b[0m\n\x1b[1;32m   1535\x1b[0m             \x1b[38;5;241m*\x1b[39m\x1b[38;5;241m*\x1b[39mpickle_load_args,\n\x1b[1;32m   1536\x1b[0m         )\n\x1b[1;32m   1537\x1b[0m \x1b[38;5;28;01mif\x1b[39;00m mmap:\n', '\x1b[0;31mUnpicklingError\x1b[0m: Weights only load failed. This file can still be loaded, to do so you have two options, \x1b[1mdo those steps only if you trust the source of the checkpoint\x1b[0m. \n\t(1) In PyTorch 2.6, we changed the default value of the `weights_only` argument in `torch.load` from `False` to `True`. Re-running `torch.load` with `weights_only` set to `False` will likely succeed, but it can result in arbitrary code execution. Do it only if you got the file from a trusted source.\n\t(2) Alternatively, to load with `weights_only=True` please check the recommended steps in the following error message.\n\tWeightsUnpickler error: Unsupported global: GLOBAL argparse.Namespace was not an allowed global by default. Please use `torch.serialization.add_safe_globals([argparse.Namespace])` or the `torch.serialization.safe_globals([argparse.Namespace])` context manager to allowlist this global if you trust this class/function.\n\nCheck the documentation of torch.load to learn more about types accepted by default with weights_only https://pytorch.org/docs/stable/generated/torch.load.html.'])
[I 2026-01-14 15:26:40.871 BeakerServerApp] 302 GET / (@127.0.0.1) 1.08ms
[W 2026-01-14 15:26:40.882 BeakerServerApp] 405 POST /notebook?token=[secret] (@127.0.0.1) 0.38ms referer=None
Successfully ran code, but failed to fetch preview: 'NoneType' object is not callable
[I 2026-01-14 15:27:30.460 BeakerServerApp] 302 GET / (@127.0.0.1) 0.98ms
[W 2026-01-14 15:27:30.471 BeakerServerApp] 405 POST /notebook?token=[secret] (@127.0.0.1) 0.44ms referer=None
[I 2026-01-14 15:27:31.651 BeakerServerApp] 302 GET / (@127.0.0.1) 0.55ms
[W 2026-01-14 15:27:31.655 BeakerServerApp] 405 POST /notebook?token=[secret] (@127.0.0.1) 0.44ms referer=None
[I 2026-01-14 15:27:31.655 BeakerServerApp] Starting buffering for d2566607-3711-43a9-a1b9-c473ee2699f1:5fdd4790-02b0df1672ce2d8da7108d18
INFO:    Terminating squashfuse_ll after timeout
INFO:    Timeouts can be caused by a running background process
