WARNING: Ignored environment file variable LLM_SERVICE_PROVIDER: override from --env
WARNING: Ignored environment file variable LLM_SERVICE_MODEL: override from --env
[I 2026-01-14 15:17:46.415 BeakerServerApp] Extension package panel.io.jupyter_server_extension took 3.3381s to import
[I 2026-01-14 15:17:46.422 BeakerServerApp] beaker_kernel.service.notebook | extension was successfully linked.
[I 2026-01-14 15:17:46.422 BeakerServerApp] jupyter_lsp | extension was successfully linked.
[I 2026-01-14 15:17:46.426 BeakerServerApp] jupyter_server_terminals | extension was successfully linked.
[I 2026-01-14 15:17:46.431 BeakerServerApp] jupyterlab | extension was successfully linked.
[I 2026-01-14 15:17:47.102 BeakerServerApp] notebook_shim | extension was successfully linked.
[I 2026-01-14 15:17:47.103 BeakerServerApp] panel.io.jupyter_server_extension | extension was successfully linked.
[I 2026-01-14 15:17:47.146 BeakerServerApp] notebook_shim | extension was successfully loaded.
[I 2026-01-14 15:17:47.152 BeakerServerApp] beaker_kernel.service.notebook | extension was successfully loaded.
[I 2026-01-14 15:17:47.154 BeakerServerApp] jupyter_lsp | extension was successfully loaded.
[I 2026-01-14 15:17:47.155 BeakerServerApp] jupyter_server_terminals | extension was successfully loaded.
[I 2026-01-14 15:17:47.158 LabApp] JupyterLab extension loaded from /usr/local/lib/python3.10/site-packages/jupyterlab
[I 2026-01-14 15:17:47.158 LabApp] JupyterLab application directory is /usr/local/share/jupyter/lab
[I 2026-01-14 15:17:47.158 LabApp] Extension Manager is 'pypi'.
[I 2026-01-14 15:17:47.263 BeakerServerApp] jupyterlab | extension was successfully loaded.
[I 2026-01-14 15:17:47.264 BeakerServerApp] panel.io.jupyter_server_extension | extension was successfully loaded.
[I 2026-01-14 15:17:47.266 BeakerServerApp] Serving notebooks from local directory: /jupyter
[I 2026-01-14 15:17:47.266 BeakerServerApp] Jupyter Server 2.17.0 is running at:
[I 2026-01-14 15:17:47.266 BeakerServerApp]     http://0.0.0.0:8189/
[I 2026-01-14 15:17:47.266 BeakerServerApp] Use Control-C to stop this server and shut down all kernels (twice to skip confirmation).
[I 2026-01-14 15:17:47.375 BeakerServerApp] Skipped non-installed server(s): basedpyright, bash-language-server, dockerfile-language-server-nodejs, javascript-typescript-langserver, jedi-language-server, julia-language-server, pyrefly, pyright, python-language-server, python-lsp-server, r-languageserver, sql-language-server, texlab, typescript-language-server, unified-language-server, vscode-css-languageserver-bin, vscode-html-languageserver-bin, vscode-json-languageserver-bin, yaml-language-server
[I 2026-01-14 15:17:50.007 BeakerServerApp] Kernel started: 68a1ab9b-c1b3-4f67-b875-45c91bad6e9a
[W 2026-01-14 15:17:50.012 BeakerServerApp] No session ID specified
[I 2026-01-14 15:17:51.529 BeakerServerApp] Kernel started: e9b471e7-3f91-463f-a436-4451f084ac88
Context has no workflows: disabling tools.
[I 2026-01-14 15:17:58.492 BeakerServerApp] Adapting from protocol version 5.3 (kernel 68a1ab9b-c1b3-4f67-b875-45c91bad6e9a) to 5.4 (client).
[I 2026-01-14 15:17:58.493 BeakerServerApp] Connecting to kernel 68a1ab9b-c1b3-4f67-b875-45c91bad6e9a.
[W 2026-01-14 15:17:58.494 BeakerServerApp] The websocket_ping_timeout (90000) cannot be longer than the websocket_ping_interval (30000).
    Setting websocket_ping_timeout=30000
[I 2026-01-14 15:17:58.509 BeakerServerApp] Kernel shutdown: e9b471e7-3f91-463f-a436-4451f084ac88
[I 2026-01-14 15:17:58.750 BeakerServerApp] Kernel started: dfdcfd80-fafd-4b4d-9a1e-7129aee28b6d
Context has no workflows: disabling tools.
[I 2026-01-14 15:18:00.695 BeakerServerApp] 302 GET / (@127.0.0.1) 0.71ms
[W 2026-01-14 15:18:00.699 BeakerServerApp] 405 POST /notebook?token=[secret] (@127.0.0.1) 0.46ms referer=None
Error: KeyError "None of [Index(['sample_type', 'gender', 'sample_site', 'diagnosis'], dtype='object')] are in the [columns]"
Traceback:
[0;31m---------------------------------------------------------------------------[0m
[0;31mKeyError[0m                                  Traceback (most recent call last)
Cell [0;32mIn[1], line 7[0m
[1;32m      4[0m df [38;5;241m=[39m pd[38;5;241m.[39mread_csv([38;5;124m'[39m[38;5;124mdou.csv[39m[38;5;124m'[39m)
[1;32m      6[0m [38;5;66;03m# Subset to just the 4 specified columns[39;00m
[0;32m----> 7[0m df_subset [38;5;241m=[39m [43mdf[49m[43m[[49m[43m[[49m[38;5;124;43m'[39;49m[38;5;124;43msample_type[39;49m[38;5;124;43m'[39;49m[43m,[49m[43m [49m[38;5;124;43m'[39;49m[38;5;124;43mgender[39;49m[38;5;124;43m'[39;49m[43m,[49m[43m [49m[38;5;124;43m'[39;49m[38;5;124;43msample_site[39;49m[38;5;124;43m'[39;49m[43m,[49m[43m [49m[38;5;124;43m'[39;49m[38;5;124;43mdiagnosis[39;49m[38;5;124;43m'[39;49m[43m][49m[43m][49m
[1;32m      9[0m [38;5;28mprint[39m([38;5;124mf[39m[38;5;124m"[39m[38;5;124mOriginal dataset shape: [39m[38;5;132;01m{[39;00mdf[38;5;241m.[39mshape[38;5;132;01m}[39;00m[38;5;124m"[39m)
[1;32m     10[0m [38;5;28mprint[39m([38;5;124mf[39m[38;5;124m"[39m[38;5;124mSubset dataset shape: [39m[38;5;132;01m{[39;00mdf_subset[38;5;241m.[39mshape[38;5;132;01m}[39;00m[38;5;124m"[39m)

File [0;32m/usr/local/lib/python3.10/site-packages/pandas/core/frame.py:3899[0m, in [0;36mDataFrame.__getitem__[0;34m(self, key)[0m
[1;32m   3897[0m     [38;5;28;01mif[39;00m is_iterator(key):
[1;32m   3898[0m         key [38;5;241m=[39m [38;5;28mlist[39m(key)
[0;32m-> 3899[0m     indexer [38;5;241m=[39m [38;5;28;43mself[39;49m[38;5;241;43m.[39;49m[43mcolumns[49m[38;5;241;43m.[39;49m[43m_get_indexer_strict[49m[43m([49m[43mkey[49m[43m,[49m[43m [49m[38;5;124;43m"[39;49m[38;5;124;43mcolumns[39;49m[38;5;124;43m"[39;49m[43m)[49m[[38;5;241m1[39m]
[1;32m   3901[0m [38;5;66;03m# take() does not accept boolean indexers[39;00m
[1;32m   3902[0m [38;5;28;01mif[39;00m [38;5;28mgetattr[39m(indexer, [38;5;124m"[39m[38;5;124mdtype[39m[38;5;124m"[39m, [38;5;28;01mNone[39;00m) [38;5;241m==[39m [38;5;28mbool[39m:

File [0;32m/usr/local/lib/python3.10/site-packages/pandas/core/indexes/base.py:6115[0m, in [0;36mIndex._get_indexer_strict[0;34m(self, key, axis_name)[0m
[1;32m   6112[0m [38;5;28;01melse[39;00m:
[1;32m   6113[0m     keyarr, indexer, new_indexer [38;5;241m=[39m [38;5;28mself[39m[38;5;241m.[39m_reindex_non_unique(keyarr)
[0;32m-> 6115[0m [38;5;28;43mself[39;49m[38;5;241;43m.[39;49m[43m_raise_if_missing[49m[43m([49m[43mkeyarr[49m[43m,[49m[43m [49m[43mindexer[49m[43m,[49m[43m [49m[43maxis_name[49m[43m)[49m
[1;32m   6117[0m keyarr [38;5;241m=[39m [38;5;28mself[39m[38;5;241m.[39mtake(indexer)
[1;32m   6118[0m [38;5;28;01mif[39;00m [38;5;28misinstance[39m(key, Index):
[1;32m   6119[0m     [38;5;66;03m# GH 42790 - Preserve name from an Index[39;00m

File [0;32m/usr/local/lib/python3.10/site-packages/pandas/core/indexes/base.py:6176[0m, in [0;36mIndex._raise_if_missing[0;34m(self, key, indexer, axis_name)[0m
[1;32m   6174[0m     [38;5;28;01mif[39;00m use_interval_msg:
[1;32m   6175[0m         key [38;5;241m=[39m [38;5;28mlist[39m(key)
[0;32m-> 6176[0m     [38;5;28;01mraise[39;00m [38;5;167;01mKeyError[39;00m([38;5;124mf[39m[38;5;124m"[39m[38;5;124mNone of [[39m[38;5;132;01m{[39;00mkey[38;5;132;01m}[39;00m[38;5;124m] are in the [[39m[38;5;132;01m{[39;00maxis_name[38;5;132;01m}[39;00m[38;5;124m][39m[38;5;124m"[39m)
[1;32m   6178[0m not_found [38;5;241m=[39m [38;5;28mlist[39m(ensure_index(key)[missing_mask[38;5;241m.[39mnonzero()[[38;5;241m0[39m]][38;5;241m.[39munique())
[1;32m   6179[0m [38;5;28;01mraise[39;00m [38;5;167;01mKeyError[39;00m([38;5;124mf[39m[38;5;124m"[39m[38;5;132;01m{[39;00mnot_found[38;5;132;01m}[39;00m[38;5;124m not in index[39m[38;5;124m"[39m)

[0;31mKeyError[0m: "None of [Index(['sample_type', 'gender', 'sample_site', 'diagnosis'], dtype='object')] are in the [columns]"
Uncaught exception in ZMQStream callback
Traceback (most recent call last):
  File "/usr/local/lib/python3.10/site-packages/zmq/eventloop/zmqstream.py", line 565, in _log_error
    f.result()
  File "/usr/local/lib/python3.10/site-packages/beaker_kernel/lib/jupyter_kernel_proxy.py", line 253, in handler
    new_data = await callback(self, other_stream, data)
  File "/usr/local/lib/python3.10/site-packages/beaker_kernel/lib/context.py", line 835, in handle_error
    raise ExecutionError(content["ename"], content["evalue"], content["traceback"])
beaker_kernel.lib.utils.ExecutionError: ('KeyError', '"None of [Index([\'sample_type\', \'gender\', \'sample_site\', \'diagnosis\'], dtype=\'object\')] are in the [columns]"', ['\x1b[0;31m---------------------------------------------------------------------------\x1b[0m', '\x1b[0;31mKeyError\x1b[0m                                  Traceback (most recent call last)', 'Cell \x1b[0;32mIn[1], line 7\x1b[0m\n\x1b[1;32m      4\x1b[0m df \x1b[38;5;241m=\x1b[39m pd\x1b[38;5;241m.\x1b[39mread_csv(\x1b[38;5;124m\'\x1b[39m\x1b[38;5;124mdou.csv\x1b[39m\x1b[38;5;124m\'\x1b[39m)\n\x1b[1;32m      6\x1b[0m \x1b[38;5;66;03m# Subset to just the 4 specified columns\x1b[39;00m\n\x1b[0;32m----> 7\x1b[0m df_subset \x1b[38;5;241m=\x1b[39m \x1b[43mdf\x1b[49m\x1b[43m[\x1b[49m\x1b[43m[\x1b[49m\x1b[38;5;124;43m\'\x1b[39;49m\x1b[38;5;124;43msample_type\x1b[39;49m\x1b[38;5;124;43m\'\x1b[39;49m\x1b[43m,\x1b[49m\x1b[43m \x1b[49m\x1b[38;5;124;43m\'\x1b[39;49m\x1b[38;5;124;43mgender\x1b[39;49m\x1b[38;5;124;43m\'\x1b[39;49m\x1b[43m,\x1b[49m\x1b[43m \x1b[49m\x1b[38;5;124;43m\'\x1b[39;49m\x1b[38;5;124;43msample_site\x1b[39;49m\x1b[38;5;124;43m\'\x1b[39;49m\x1b[43m,\x1b[49m\x1b[43m \x1b[49m\x1b[38;5;124;43m\'\x1b[39;49m\x1b[38;5;124;43mdiagnosis\x1b[39;49m\x1b[38;5;124;43m\'\x1b[39;49m\x1b[43m]\x1b[49m\x1b[43m]\x1b[49m\n\x1b[1;32m      9\x1b[0m \x1b[38;5;28mprint\x1b[39m(\x1b[38;5;124mf\x1b[39m\x1b[38;5;124m"\x1b[39m\x1b[38;5;124mOriginal dataset shape: \x1b[39m\x1b[38;5;132;01m{\x1b[39;00mdf\x1b[38;5;241m.\x1b[39mshape\x1b[38;5;132;01m}\x1b[39;00m\x1b[38;5;124m"\x1b[39m)\n\x1b[1;32m     10\x1b[0m \x1b[38;5;28mprint\x1b[39m(\x1b[38;5;124mf\x1b[39m\x1b[38;5;124m"\x1b[39m\x1b[38;5;124mSubset dataset shape: \x1b[39m\x1b[38;5;132;01m{\x1b[39;00mdf_subset\x1b[38;5;241m.\x1b[39mshape\x1b[38;5;132;01m}\x1b[39;00m\x1b[38;5;124m"\x1b[39m)\n', 'File \x1b[0;32m/usr/local/lib/python3.10/site-packages/pandas/core/frame.py:3899\x1b[0m, in \x1b[0;36mDataFrame.__getitem__\x1b[0;34m(self, key)\x1b[0m\n\x1b[1;32m   3897\x1b[0m     \x1b[38;5;28;01mif\x1b[39;00m is_iterator(key):\n\x1b[1;32m   3898\x1b[0m         key \x1b[38;5;241m=\x1b[39m \x1b[38;5;28mlist\x1b[39m(key)\n\x1b[0;32m-> 3899\x1b[0m     indexer \x1b[38;5;241m=\x1b[39m \x1b[38;5;28;43mself\x1b[39;49m\x1b[38;5;241;43m.\x1b[39;49m\x1b[43mcolumns\x1b[49m\x1b[38;5;241;43m.\x1b[39;49m\x1b[43m_get_indexer_strict\x1b[49m\x1b[43m(\x1b[49m\x1b[43mkey\x1b[49m\x1b[43m,\x1b[49m\x1b[43m \x1b[49m\x1b[38;5;124;43m"\x1b[39;49m\x1b[38;5;124;43mcolumns\x1b[39;49m\x1b[38;5;124;43m"\x1b[39;49m\x1b[43m)\x1b[49m[\x1b[38;5;241m1\x1b[39m]\n\x1b[1;32m   3901\x1b[0m \x1b[38;5;66;03m# take() does not accept boolean indexers\x1b[39;00m\n\x1b[1;32m   3902\x1b[0m \x1b[38;5;28;01mif\x1b[39;00m \x1b[38;5;28mgetattr\x1b[39m(indexer, \x1b[38;5;124m"\x1b[39m\x1b[38;5;124mdtype\x1b[39m\x1b[38;5;124m"\x1b[39m, \x1b[38;5;28;01mNone\x1b[39;00m) \x1b[38;5;241m==\x1b[39m \x1b[38;5;28mbool\x1b[39m:\n', 'File \x1b[0;32m/usr/local/lib/python3.10/site-packages/pandas/core/indexes/base.py:6115\x1b[0m, in \x1b[0;36mIndex._get_indexer_strict\x1b[0;34m(self, key, axis_name)\x1b[0m\n\x1b[1;32m   6112\x1b[0m \x1b[38;5;28;01melse\x1b[39;00m:\n\x1b[1;32m   6113\x1b[0m     keyarr, indexer, new_indexer \x1b[38;5;241m=\x1b[39m \x1b[38;5;28mself\x1b[39m\x1b[38;5;241m.\x1b[39m_reindex_non_unique(keyarr)\n\x1b[0;32m-> 6115\x1b[0m \x1b[38;5;28;43mself\x1b[39;49m\x1b[38;5;241;43m.\x1b[39;49m\x1b[43m_raise_if_missing\x1b[49m\x1b[43m(\x1b[49m\x1b[43mkeyarr\x1b[49m\x1b[43m,\x1b[49m\x1b[43m \x1b[49m\x1b[43mindexer\x1b[49m\x1b[43m,\x1b[49m\x1b[43m \x1b[49m\x1b[43maxis_name\x1b[49m\x1b[43m)\x1b[49m\n\x1b[1;32m   6117\x1b[0m keyarr \x1b[38;5;241m=\x1b[39m \x1b[38;5;28mself\x1b[39m\x1b[38;5;241m.\x1b[39mtake(indexer)\n\x1b[1;32m   6118\x1b[0m \x1b[38;5;28;01mif\x1b[39;00m \x1b[38;5;28misinstance\x1b[39m(key, Index):\n\x1b[1;32m   6119\x1b[0m     \x1b[38;5;66;03m# GH 42790 - Preserve name from an Index\x1b[39;00m\n', 'File \x1b[0;32m/usr/local/lib/python3.10/site-packages/pandas/core/indexes/base.py:6176\x1b[0m, in \x1b[0;36mIndex._raise_if_missing\x1b[0;34m(self, key, indexer, axis_name)\x1b[0m\n\x1b[1;32m   6174\x1b[0m     \x1b[38;5;28;01mif\x1b[39;00m use_interval_msg:\n\x1b[1;32m   6175\x1b[0m         key \x1b[38;5;241m=\x1b[39m \x1b[38;5;28mlist\x1b[39m(key)\n\x1b[0;32m-> 6176\x1b[0m     \x1b[38;5;28;01mraise\x1b[39;00m \x1b[38;5;167;01mKeyError\x1b[39;00m(\x1b[38;5;124mf\x1b[39m\x1b[38;5;124m"\x1b[39m\x1b[38;5;124mNone of [\x1b[39m\x1b[38;5;132;01m{\x1b[39;00mkey\x1b[38;5;132;01m}\x1b[39;00m\x1b[38;5;124m] are in the [\x1b[39m\x1b[38;5;132;01m{\x1b[39;00maxis_name\x1b[38;5;132;01m}\x1b[39;00m\x1b[38;5;124m]\x1b[39m\x1b[38;5;124m"\x1b[39m)\n\x1b[1;32m   6178\x1b[0m not_found \x1b[38;5;241m=\x1b[39m \x1b[38;5;28mlist\x1b[39m(ensure_index(key)[missing_mask\x1b[38;5;241m.\x1b[39mnonzero()[\x1b[38;5;241m0\x1b[39m]]\x1b[38;5;241m.\x1b[39munique())\n\x1b[1;32m   6179\x1b[0m \x1b[38;5;28;01mraise\x1b[39;00m \x1b[38;5;167;01mKeyError\x1b[39;00m(\x1b[38;5;124mf\x1b[39m\x1b[38;5;124m"\x1b[39m\x1b[38;5;132;01m{\x1b[39;00mnot_found\x1b[38;5;132;01m}\x1b[39;00m\x1b[38;5;124m not in index\x1b[39m\x1b[38;5;124m"\x1b[39m)\n', '\x1b[0;31mKeyError\x1b[0m: "None of [Index([\'sample_type\', \'gender\', \'sample_site\', \'diagnosis\'], dtype=\'object\')] are in the [columns]"'])
Successfully ran code, but failed to fetch preview: 'NoneType' object is not callable
Successfully ran code, but failed to fetch preview: 'NoneType' object is not callable
/usr/local/lib/python3.10/asyncio/events.py:80: LangChainDeprecationWarning: Calling .text() as a method is deprecated. Use .text as a property instead (e.g., message.text).
  self._context.run(self._callback, *self._args)
/usr/local/lib/python3.10/site-packages/beaker_kernel/kernel.py:283: LangChainDeprecationWarning: Calling .text() as a method is deprecated. Use .text as a property instead (e.g., message.text).
  records=[{
/usr/local/lib/python3.10/site-packages/beaker_kernel/kernel.py:617: LangChainDeprecationWarning: Calling .text() as a method is deprecated. Use .text as a property instead (e.g., message.text).
  await self.send_chat_history(message.header)
OpenRouter context size unknown for model 'z-ai/glm-4.5-air:free' (this implies model is not officially listed in archytas/models/openrouter_models.py, i.e. consider regenerating the file with `create_models_types_file()`). Using default context size: 200000.
Successfully ran code, but failed to fetch preview: 'NoneType' object is not callable
[I 2026-01-14 15:18:58.811 BeakerServerApp] 302 GET / (@127.0.0.1) 0.51ms
[W 2026-01-14 15:18:58.815 BeakerServerApp] 405 POST /notebook?token=[secret] (@127.0.0.1) 0.41ms referer=None
Error: ValueError The embeddings algorithm is not supported. Supported algorithms are: similarity_flooding, coma, cupid, distribution_based, jaccard_distance, gpt, ct_learning, two_phase, max_val_sim
Traceback:
[0;31m---------------------------------------------------------------------------[0m
[0;31mValueError[0m                                Traceback (most recent call last)
Cell [0;32mIn[4], line 2[0m
[1;32m      1[0m [38;5;28;01mimport[39;00m[38;5;250m [39m[38;5;21;01mbdikit[39;00m[38;5;250m [39m[38;5;28;01mas[39;00m[38;5;250m [39m[38;5;21;01mbdi[39;00m
[0;32m----> 2[0m column_mappings [38;5;241m=[39m [43mbdi[49m[38;5;241;43m.[39;49m[43mmatch_schema[49m[43m([49m[43mdf_subset[49m[43m,[49m[43m [49m[43mtarget[49m[38;5;241;43m=[39;49m[38;5;124;43m"[39;49m[38;5;124;43mgdc[39;49m[38;5;124;43m"[39;49m[43m,[49m[43m [49m[43mmethod[49m[38;5;241;43m=[39;49m[38;5;124;43m"[39;49m[38;5;124;43membeddings[39;49m[38;5;124;43m"[39;49m[43m)[49m
[1;32m      3[0m column_mappings[38;5;241m.[39mto_markdown()

File [0;32m/usr/local/lib/python3.10/site-packages/bdikit/api.py:75[0m, in [0;36mmatch_schema[0;34m(source, target, method, method_args)[0m
[1;32m     73[0m     [38;5;28;01mif[39;00m method_args [38;5;129;01mis[39;00m [38;5;28;01mNone[39;00m:
[1;32m     74[0m         method_args [38;5;241m=[39m {}
[0;32m---> 75[0m     matcher_instance [38;5;241m=[39m [43mSchemaMatchers[49m[38;5;241;43m.[39;49m[43mget_matcher[49m[43m([49m[43mmethod[49m[43m,[49m[43m [49m[38;5;241;43m*[39;49m[38;5;241;43m*[39;49m[43mmethod_args[49m[43m)[49m
[1;32m     76[0m [38;5;28;01melif[39;00m [38;5;28misinstance[39m(method, BaseSchemaMatcher):
[1;32m     77[0m     matcher_instance [38;5;241m=[39m method

File [0;32m/usr/local/lib/python3.10/site-packages/bdikit/schema_matching/one2one/matcher_factory.py:52[0m, in [0;36mSchemaMatchers.get_matcher[0;34m(matcher_name, **matcher_kwargs)[0m
[1;32m     50[0m [38;5;28;01mif[39;00m matcher_name [38;5;129;01mnot[39;00m [38;5;129;01min[39;00m matchers:
[1;32m     51[0m     names [38;5;241m=[39m [38;5;124m"[39m[38;5;124m, [39m[38;5;124m"[39m[38;5;241m.[39mjoin([38;5;28mlist[39m(matchers[38;5;241m.[39mkeys()))
[0;32m---> 52[0m     [38;5;28;01mraise[39;00m [38;5;167;01mValueError[39;00m(
[1;32m     53[0m         [38;5;124mf[39m[38;5;124m"[39m[38;5;124mThe [39m[38;5;132;01m{[39;00mmatcher_name[38;5;132;01m}[39;00m[38;5;124m algorithm is not supported. [39m[38;5;124m"[39m
[1;32m     54[0m         [38;5;124mf[39m[38;5;124m"[39m[38;5;124mSupported algorithms are: [39m[38;5;132;01m{[39;00mnames[38;5;132;01m}[39;00m[38;5;124m"[39m
[1;32m     55[0m     )
[1;32m     56[0m [38;5;66;03m# Load the class dynamically[39;00m
[1;32m     57[0m module_path, class_name [38;5;241m=[39m matchers[matcher_name][38;5;241m.[39mrsplit([38;5;124m"[39m[38;5;124m.[39m[38;5;124m"[39m, [38;5;241m1[39m)

[0;31mValueError[0m: The embeddings algorithm is not supported. Supported algorithms are: similarity_flooding, coma, cupid, distribution_based, jaccard_distance, gpt, ct_learning, two_phase, max_val_sim
Uncaught exception in ZMQStream callback
Traceback (most recent call last):
  File "/usr/local/lib/python3.10/site-packages/zmq/eventloop/zmqstream.py", line 565, in _log_error
    f.result()
  File "/usr/local/lib/python3.10/site-packages/beaker_kernel/lib/jupyter_kernel_proxy.py", line 253, in handler
    new_data = await callback(self, other_stream, data)
  File "/usr/local/lib/python3.10/site-packages/beaker_kernel/lib/context.py", line 835, in handle_error
    raise ExecutionError(content["ename"], content["evalue"], content["traceback"])
beaker_kernel.lib.utils.ExecutionError: ('ValueError', 'The embeddings algorithm is not supported. Supported algorithms are: similarity_flooding, coma, cupid, distribution_based, jaccard_distance, gpt, ct_learning, two_phase, max_val_sim', ['\x1b[0;31m---------------------------------------------------------------------------\x1b[0m', '\x1b[0;31mValueError\x1b[0m                                Traceback (most recent call last)', 'Cell \x1b[0;32mIn[4], line 2\x1b[0m\n\x1b[1;32m      1\x1b[0m \x1b[38;5;28;01mimport\x1b[39;00m\x1b[38;5;250m \x1b[39m\x1b[38;5;21;01mbdikit\x1b[39;00m\x1b[38;5;250m \x1b[39m\x1b[38;5;28;01mas\x1b[39;00m\x1b[38;5;250m \x1b[39m\x1b[38;5;21;01mbdi\x1b[39;00m\n\x1b[0;32m----> 2\x1b[0m column_mappings \x1b[38;5;241m=\x1b[39m \x1b[43mbdi\x1b[49m\x1b[38;5;241;43m.\x1b[39;49m\x1b[43mmatch_schema\x1b[49m\x1b[43m(\x1b[49m\x1b[43mdf_subset\x1b[49m\x1b[43m,\x1b[49m\x1b[43m \x1b[49m\x1b[43mtarget\x1b[49m\x1b[38;5;241;43m=\x1b[39;49m\x1b[38;5;124;43m"\x1b[39;49m\x1b[38;5;124;43mgdc\x1b[39;49m\x1b[38;5;124;43m"\x1b[39;49m\x1b[43m,\x1b[49m\x1b[43m \x1b[49m\x1b[43mmethod\x1b[49m\x1b[38;5;241;43m=\x1b[39;49m\x1b[38;5;124;43m"\x1b[39;49m\x1b[38;5;124;43membeddings\x1b[39;49m\x1b[38;5;124;43m"\x1b[39;49m\x1b[43m)\x1b[49m\n\x1b[1;32m      3\x1b[0m column_mappings\x1b[38;5;241m.\x1b[39mto_markdown()\n', 'File \x1b[0;32m/usr/local/lib/python3.10/site-packages/bdikit/api.py:75\x1b[0m, in \x1b[0;36mmatch_schema\x1b[0;34m(source, target, method, method_args)\x1b[0m\n\x1b[1;32m     73\x1b[0m     \x1b[38;5;28;01mif\x1b[39;00m method_args \x1b[38;5;129;01mis\x1b[39;00m \x1b[38;5;28;01mNone\x1b[39;00m:\n\x1b[1;32m     74\x1b[0m         method_args \x1b[38;5;241m=\x1b[39m {}\n\x1b[0;32m---> 75\x1b[0m     matcher_instance \x1b[38;5;241m=\x1b[39m \x1b[43mSchemaMatchers\x1b[49m\x1b[38;5;241;43m.\x1b[39;49m\x1b[43mget_matcher\x1b[49m\x1b[43m(\x1b[49m\x1b[43mmethod\x1b[49m\x1b[43m,\x1b[49m\x1b[43m \x1b[49m\x1b[38;5;241;43m*\x1b[39;49m\x1b[38;5;241;43m*\x1b[39;49m\x1b[43mmethod_args\x1b[49m\x1b[43m)\x1b[49m\n\x1b[1;32m     76\x1b[0m \x1b[38;5;28;01melif\x1b[39;00m \x1b[38;5;28misinstance\x1b[39m(method, BaseSchemaMatcher):\n\x1b[1;32m     77\x1b[0m     matcher_instance \x1b[38;5;241m=\x1b[39m method\n', 'File \x1b[0;32m/usr/local/lib/python3.10/site-packages/bdikit/schema_matching/one2one/matcher_factory.py:52\x1b[0m, in \x1b[0;36mSchemaMatchers.get_matcher\x1b[0;34m(matcher_name, **matcher_kwargs)\x1b[0m\n\x1b[1;32m     50\x1b[0m \x1b[38;5;28;01mif\x1b[39;00m matcher_name \x1b[38;5;129;01mnot\x1b[39;00m \x1b[38;5;129;01min\x1b[39;00m matchers:\n\x1b[1;32m     51\x1b[0m     names \x1b[38;5;241m=\x1b[39m \x1b[38;5;124m"\x1b[39m\x1b[38;5;124m, \x1b[39m\x1b[38;5;124m"\x1b[39m\x1b[38;5;241m.\x1b[39mjoin(\x1b[38;5;28mlist\x1b[39m(matchers\x1b[38;5;241m.\x1b[39mkeys()))\n\x1b[0;32m---> 52\x1b[0m     \x1b[38;5;28;01mraise\x1b[39;00m \x1b[38;5;167;01mValueError\x1b[39;00m(\n\x1b[1;32m     53\x1b[0m         \x1b[38;5;124mf\x1b[39m\x1b[38;5;124m"\x1b[39m\x1b[38;5;124mThe \x1b[39m\x1b[38;5;132;01m{\x1b[39;00mmatcher_name\x1b[38;5;132;01m}\x1b[39;00m\x1b[38;5;124m algorithm is not supported. \x1b[39m\x1b[38;5;124m"\x1b[39m\n\x1b[1;32m     54\x1b[0m         \x1b[38;5;124mf\x1b[39m\x1b[38;5;124m"\x1b[39m\x1b[38;5;124mSupported algorithms are: \x1b[39m\x1b[38;5;132;01m{\x1b[39;00mnames\x1b[38;5;132;01m}\x1b[39;00m\x1b[38;5;124m"\x1b[39m\n\x1b[1;32m     55\x1b[0m     )\n\x1b[1;32m     56\x1b[0m \x1b[38;5;66;03m# Load the class dynamically\x1b[39;00m\n\x1b[1;32m     57\x1b[0m module_path, class_name \x1b[38;5;241m=\x1b[39m matchers[matcher_name]\x1b[38;5;241m.\x1b[39mrsplit(\x1b[38;5;124m"\x1b[39m\x1b[38;5;124m.\x1b[39m\x1b[38;5;124m"\x1b[39m, \x1b[38;5;241m1\x1b[39m)\n', '\x1b[0;31mValueError\x1b[0m: The embeddings algorithm is not supported. Supported algorithms are: similarity_flooding, coma, cupid, distribution_based, jaccard_distance, gpt, ct_learning, two_phase, max_val_sim'])
Error: RuntimeError PytorchStreamReader failed reading zip archive: failed finding central directory
Traceback:
[0;31m---------------------------------------------------------------------------[0m
[0;31mRuntimeError[0m                              Traceback (most recent call last)
Cell [0;32mIn[4], line 2[0m
[1;32m      1[0m [38;5;28;01mimport[39;00m[38;5;250m [39m[38;5;21;01mbdikit[39;00m[38;5;250m [39m[38;5;28;01mas[39;00m[38;5;250m [39m[38;5;21;01mbdi[39;00m
[0;32m----> 2[0m top_matches [38;5;241m=[39m [43mbdi[49m[38;5;241;43m.[39;49m[43mtop_matches[49m[43m([49m[43mdf_subset[49m[43m,[49m[43m [49m[43mcolumns[49m[38;5;241;43m=[39;49m[43m[[49m[38;5;124;43m"[39;49m[38;5;124;43mGender[39;49m[38;5;124;43m"[39;49m[43m][49m[43m,[49m[43m [49m[43mtarget[49m[38;5;241;43m=[39;49m[38;5;124;43m"[39;49m[38;5;124;43mgdc[39;49m[38;5;124;43m"[39;49m[43m)[49m
[1;32m      3[0m top_matches[38;5;241m.[39mto_markdown()

File [0;32m/usr/local/lib/python3.10/site-packages/bdikit/api.py:133[0m, in [0;36mtop_matches[0;34m(source, columns, target, top_k, method, method_args)[0m
[1;32m    131[0m     [38;5;28;01mif[39;00m method_args [38;5;129;01mis[39;00m [38;5;28;01mNone[39;00m:
[1;32m    132[0m         method_args [38;5;241m=[39m {}
[0;32m--> 133[0m     topk_matcher [38;5;241m=[39m [43mTopkMatchers[49m[38;5;241;43m.[39;49m[43mget_matcher[49m[43m([49m[43mmethod[49m[43m,[49m[43m [49m[38;5;241;43m*[39;49m[38;5;241;43m*[39;49m[43mmethod_args[49m[43m)[49m
[1;32m    134[0m [38;5;28;01melif[39;00m [38;5;28misinstance[39m(method, BaseTopkSchemaMatcher):
[1;32m    135[0m     topk_matcher [38;5;241m=[39m method

File [0;32m/usr/local/lib/python3.10/site-packages/bdikit/schema_matching/topk/matcher_factory.py:31[0m, in [0;36mTopkMatchers.get_matcher[0;34m(matcher_name, **matcher_kwargs)[0m
[1;32m     28[0m module_path, class_name [38;5;241m=[39m matchers[matcher_name][38;5;241m.[39mrsplit([38;5;124m"[39m[38;5;124m.[39m[38;5;124m"[39m, [38;5;241m1[39m)
[1;32m     29[0m module [38;5;241m=[39m importlib[38;5;241m.[39mimport_module(module_path)
[0;32m---> 31[0m [38;5;28;01mreturn[39;00m [38;5;28;43mgetattr[39;49m[43m([49m[43mmodule[49m[43m,[49m[43m [49m[43mclass_name[49m[43m)[49m[43m([49m[38;5;241;43m*[39;49m[38;5;241;43m*[39;49m[43mmatcher_kwargs[49m[43m)[49m

File [0;32m/usr/local/lib/python3.10/site-packages/bdikit/schema_matching/topk/contrastivelearning.py:60[0m, in [0;36mCLTopkSchemaMatcher.__init__[0;34m(self, model_name, metric)[0m
[1;32m     58[0m [38;5;28;01mdef[39;00m[38;5;250m [39m[38;5;21m__init__[39m([38;5;28mself[39m, model_name: [38;5;28mstr[39m [38;5;241m=[39m DEFAULT_CL_MODEL, metric: [38;5;28mstr[39m [38;5;241m=[39m [38;5;124m"[39m[38;5;124mcosine[39m[38;5;124m"[39m):
[1;32m     59[0m     [38;5;28msuper[39m()[38;5;241m.[39m[38;5;21m__init__[39m(
[0;32m---> 60[0m         column_embedder[38;5;241m=[39m[43mContrastiveLearningAPI[49m[43m([49m[43mmodel_name[49m[38;5;241;43m=[39;49m[43mmodel_name[49m[43m)[49m, metric[38;5;241m=[39mmetric
[1;32m     61[0m     )

File [0;32m/usr/local/lib/python3.10/site-packages/bdikit/models/contrastive_learning/cl_api.py:45[0m, in [0;36mContrastiveLearningAPI.__init__[0;34m(self, model_path, model_name, batch_size)[0m
[1;32m     43[0m [38;5;28mself[39m[38;5;241m.[39mbatch_size [38;5;241m=[39m batch_size
[1;32m     44[0m [38;5;28mself[39m[38;5;241m.[39mdevice [38;5;241m=[39m get_device()
[0;32m---> 45[0m [38;5;28mself[39m[38;5;241m.[39mmodel [38;5;241m=[39m [38;5;28;43mself[39;49m[38;5;241;43m.[39;49m[43mload_checkpoint[49m[43m([49m[43m)[49m

File [0;32m/usr/local/lib/python3.10/site-packages/bdikit/models/contrastive_learning/cl_api.py:48[0m, in [0;36mContrastiveLearningAPI.load_checkpoint[0;34m(self, lm)[0m
[1;32m     47[0m [38;5;28;01mdef[39;00m[38;5;250m [39m[38;5;21mload_checkpoint[39m([38;5;28mself[39m, lm: [38;5;28mstr[39m [38;5;241m=[39m [38;5;124m"[39m[38;5;124mroberta[39m[38;5;124m"[39m):
[0;32m---> 48[0m     ckpt [38;5;241m=[39m [43mtorch[49m[38;5;241;43m.[39;49m[43mload[49m[43m([49m[38;5;28;43mself[39;49m[38;5;241;43m.[39;49m[43mmodel_path[49m[43m,[49m[43m [49m[43mmap_location[49m[38;5;241;43m=[39;49m[43mtorch[49m[38;5;241;43m.[39;49m[43mdevice[49m[43m([49m[38;5;124;43m"[39;49m[38;5;124;43mcpu[39;49m[38;5;124;43m"[39;49m[43m)[49m[43m)[49m
[1;32m     49[0m     scale_loss [38;5;241m=[39m [38;5;241m0.1[39m
[1;32m     50[0m     lambd [38;5;241m=[39m [38;5;241m3.9[39m

File [0;32m/usr/local/lib/python3.10/site-packages/torch/serialization.py:1491[0m, in [0;36mload[0;34m(f, map_location, pickle_module, weights_only, mmap, **pickle_load_args)[0m
[1;32m   1489[0m orig_position [38;5;241m=[39m opened_file[38;5;241m.[39mtell()
[1;32m   1490[0m overall_storage [38;5;241m=[39m [38;5;28;01mNone[39;00m
[0;32m-> 1491[0m [38;5;28;01mwith[39;00m [43m_open_zipfile_reader[49m[43m([49m[43mopened_file[49m[43m)[49m [38;5;28;01mas[39;00m opened_zipfile:
[1;32m   1492[0m     [38;5;28;01mif[39;00m _is_torchscript_zip(opened_zipfile):
[1;32m   1493[0m         warnings[38;5;241m.[39mwarn(
[1;32m   1494[0m             [38;5;124m"[39m[38;5;124m'[39m[38;5;124mtorch.load[39m[38;5;124m'[39m[38;5;124m received a zip file that looks like a TorchScript archive[39m[38;5;124m"[39m
[1;32m   1495[0m             [38;5;124m"[39m[38;5;124m dispatching to [39m[38;5;124m'[39m[38;5;124mtorch.jit.load[39m[38;5;124m'[39m[38;5;124m (call [39m[38;5;124m'[39m[38;5;124mtorch.jit.load[39m[38;5;124m'[39m[38;5;124m directly to[39m[38;5;124m"[39m
[1;32m   1496[0m             [38;5;124m"[39m[38;5;124m silence this warning)[39m[38;5;124m"[39m,
[1;32m   1497[0m             [38;5;167;01mUserWarning[39;00m,
[1;32m   1498[0m         )

File [0;32m/usr/local/lib/python3.10/site-packages/torch/serialization.py:771[0m, in [0;36m_open_zipfile_reader.__init__[0;34m(self, name_or_buffer)[0m
[1;32m    770[0m [38;5;28;01mdef[39;00m[38;5;250m [39m[38;5;21m__init__[39m([38;5;28mself[39m, name_or_buffer: Union[[38;5;28mstr[39m, IO[[38;5;28mbytes[39m]]) [38;5;241m-[39m[38;5;241m>[39m [38;5;28;01mNone[39;00m:
[0;32m--> 771[0m     [38;5;28msuper[39m()[38;5;241m.[39m[38;5;21m__init__[39m([43mtorch[49m[38;5;241;43m.[39;49m[43m_C[49m[38;5;241;43m.[39;49m[43mPyTorchFileReader[49m[43m([49m[43mname_or_buffer[49m[43m)[49m)

[0;31mRuntimeError[0m: PytorchStreamReader failed reading zip archive: failed finding central directory
Uncaught exception in ZMQStream callback
Traceback (most recent call last):
  File "/usr/local/lib/python3.10/site-packages/zmq/eventloop/zmqstream.py", line 565, in _log_error
    f.result()
  File "/usr/local/lib/python3.10/site-packages/beaker_kernel/lib/jupyter_kernel_proxy.py", line 253, in handler
    new_data = await callback(self, other_stream, data)
  File "/usr/local/lib/python3.10/site-packages/beaker_kernel/lib/context.py", line 835, in handle_error
    raise ExecutionError(content["ename"], content["evalue"], content["traceback"])
beaker_kernel.lib.utils.ExecutionError: ('RuntimeError', 'PytorchStreamReader failed reading zip archive: failed finding central directory', ['\x1b[0;31m---------------------------------------------------------------------------\x1b[0m', '\x1b[0;31mRuntimeError\x1b[0m                              Traceback (most recent call last)', 'Cell \x1b[0;32mIn[4], line 2\x1b[0m\n\x1b[1;32m      1\x1b[0m \x1b[38;5;28;01mimport\x1b[39;00m\x1b[38;5;250m \x1b[39m\x1b[38;5;21;01mbdikit\x1b[39;00m\x1b[38;5;250m \x1b[39m\x1b[38;5;28;01mas\x1b[39;00m\x1b[38;5;250m \x1b[39m\x1b[38;5;21;01mbdi\x1b[39;00m\n\x1b[0;32m----> 2\x1b[0m top_matches \x1b[38;5;241m=\x1b[39m \x1b[43mbdi\x1b[49m\x1b[38;5;241;43m.\x1b[39;49m\x1b[43mtop_matches\x1b[49m\x1b[43m(\x1b[49m\x1b[43mdf_subset\x1b[49m\x1b[43m,\x1b[49m\x1b[43m \x1b[49m\x1b[43mcolumns\x1b[49m\x1b[38;5;241;43m=\x1b[39;49m\x1b[43m[\x1b[49m\x1b[38;5;124;43m"\x1b[39;49m\x1b[38;5;124;43mGender\x1b[39;49m\x1b[38;5;124;43m"\x1b[39;49m\x1b[43m]\x1b[49m\x1b[43m,\x1b[49m\x1b[43m \x1b[49m\x1b[43mtarget\x1b[49m\x1b[38;5;241;43m=\x1b[39;49m\x1b[38;5;124;43m"\x1b[39;49m\x1b[38;5;124;43mgdc\x1b[39;49m\x1b[38;5;124;43m"\x1b[39;49m\x1b[43m)\x1b[49m\n\x1b[1;32m      3\x1b[0m top_matches\x1b[38;5;241m.\x1b[39mto_markdown()\n', 'File \x1b[0;32m/usr/local/lib/python3.10/site-packages/bdikit/api.py:133\x1b[0m, in \x1b[0;36mtop_matches\x1b[0;34m(source, columns, target, top_k, method, method_args)\x1b[0m\n\x1b[1;32m    131\x1b[0m     \x1b[38;5;28;01mif\x1b[39;00m method_args \x1b[38;5;129;01mis\x1b[39;00m \x1b[38;5;28;01mNone\x1b[39;00m:\n\x1b[1;32m    132\x1b[0m         method_args \x1b[38;5;241m=\x1b[39m {}\n\x1b[0;32m--> 133\x1b[0m     topk_matcher \x1b[38;5;241m=\x1b[39m \x1b[43mTopkMatchers\x1b[49m\x1b[38;5;241;43m.\x1b[39;49m\x1b[43mget_matcher\x1b[49m\x1b[43m(\x1b[49m\x1b[43mmethod\x1b[49m\x1b[43m,\x1b[49m\x1b[43m \x1b[49m\x1b[38;5;241;43m*\x1b[39;49m\x1b[38;5;241;43m*\x1b[39;49m\x1b[43mmethod_args\x1b[49m\x1b[43m)\x1b[49m\n\x1b[1;32m    134\x1b[0m \x1b[38;5;28;01melif\x1b[39;00m \x1b[38;5;28misinstance\x1b[39m(method, BaseTopkSchemaMatcher):\n\x1b[1;32m    135\x1b[0m     topk_matcher \x1b[38;5;241m=\x1b[39m method\n', 'File \x1b[0;32m/usr/local/lib/python3.10/site-packages/bdikit/schema_matching/topk/matcher_factory.py:31\x1b[0m, in \x1b[0;36mTopkMatchers.get_matcher\x1b[0;34m(matcher_name, **matcher_kwargs)\x1b[0m\n\x1b[1;32m     28\x1b[0m module_path, class_name \x1b[38;5;241m=\x1b[39m matchers[matcher_name]\x1b[38;5;241m.\x1b[39mrsplit(\x1b[38;5;124m"\x1b[39m\x1b[38;5;124m.\x1b[39m\x1b[38;5;124m"\x1b[39m, \x1b[38;5;241m1\x1b[39m)\n\x1b[1;32m     29\x1b[0m module \x1b[38;5;241m=\x1b[39m importlib\x1b[38;5;241m.\x1b[39mimport_module(module_path)\n\x1b[0;32m---> 31\x1b[0m \x1b[38;5;28;01mreturn\x1b[39;00m \x1b[38;5;28;43mgetattr\x1b[39;49m\x1b[43m(\x1b[49m\x1b[43mmodule\x1b[49m\x1b[43m,\x1b[49m\x1b[43m \x1b[49m\x1b[43mclass_name\x1b[49m\x1b[43m)\x1b[49m\x1b[43m(\x1b[49m\x1b[38;5;241;43m*\x1b[39;49m\x1b[38;5;241;43m*\x1b[39;49m\x1b[43mmatcher_kwargs\x1b[49m\x1b[43m)\x1b[49m\n', 'File \x1b[0;32m/usr/local/lib/python3.10/site-packages/bdikit/schema_matching/topk/contrastivelearning.py:60\x1b[0m, in \x1b[0;36mCLTopkSchemaMatcher.__init__\x1b[0;34m(self, model_name, metric)\x1b[0m\n\x1b[1;32m     58\x1b[0m \x1b[38;5;28;01mdef\x1b[39;00m\x1b[38;5;250m \x1b[39m\x1b[38;5;21m__init__\x1b[39m(\x1b[38;5;28mself\x1b[39m, model_name: \x1b[38;5;28mstr\x1b[39m \x1b[38;5;241m=\x1b[39m DEFAULT_CL_MODEL, metric: \x1b[38;5;28mstr\x1b[39m \x1b[38;5;241m=\x1b[39m \x1b[38;5;124m"\x1b[39m\x1b[38;5;124mcosine\x1b[39m\x1b[38;5;124m"\x1b[39m):\n\x1b[1;32m     59\x1b[0m     \x1b[38;5;28msuper\x1b[39m()\x1b[38;5;241m.\x1b[39m\x1b[38;5;21m__init__\x1b[39m(\n\x1b[0;32m---> 60\x1b[0m         column_embedder\x1b[38;5;241m=\x1b[39m\x1b[43mContrastiveLearningAPI\x1b[49m\x1b[43m(\x1b[49m\x1b[43mmodel_name\x1b[49m\x1b[38;5;241;43m=\x1b[39;49m\x1b[43mmodel_name\x1b[49m\x1b[43m)\x1b[49m, metric\x1b[38;5;241m=\x1b[39mmetric\n\x1b[1;32m     61\x1b[0m     )\n', 'File \x1b[0;32m/usr/local/lib/python3.10/site-packages/bdikit/models/contrastive_learning/cl_api.py:45\x1b[0m, in \x1b[0;36mContrastiveLearningAPI.__init__\x1b[0;34m(self, model_path, model_name, batch_size)\x1b[0m\n\x1b[1;32m     43\x1b[0m \x1b[38;5;28mself\x1b[39m\x1b[38;5;241m.\x1b[39mbatch_size \x1b[38;5;241m=\x1b[39m batch_size\n\x1b[1;32m     44\x1b[0m \x1b[38;5;28mself\x1b[39m\x1b[38;5;241m.\x1b[39mdevice \x1b[38;5;241m=\x1b[39m get_device()\n\x1b[0;32m---> 45\x1b[0m \x1b[38;5;28mself\x1b[39m\x1b[38;5;241m.\x1b[39mmodel \x1b[38;5;241m=\x1b[39m \x1b[38;5;28;43mself\x1b[39;49m\x1b[38;5;241;43m.\x1b[39;49m\x1b[43mload_checkpoint\x1b[49m\x1b[43m(\x1b[49m\x1b[43m)\x1b[49m\n', 'File \x1b[0;32m/usr/local/lib/python3.10/site-packages/bdikit/models/contrastive_learning/cl_api.py:48\x1b[0m, in \x1b[0;36mContrastiveLearningAPI.load_checkpoint\x1b[0;34m(self, lm)\x1b[0m\n\x1b[1;32m     47\x1b[0m \x1b[38;5;28;01mdef\x1b[39;00m\x1b[38;5;250m \x1b[39m\x1b[38;5;21mload_checkpoint\x1b[39m(\x1b[38;5;28mself\x1b[39m, lm: \x1b[38;5;28mstr\x1b[39m \x1b[38;5;241m=\x1b[39m \x1b[38;5;124m"\x1b[39m\x1b[38;5;124mroberta\x1b[39m\x1b[38;5;124m"\x1b[39m):\n\x1b[0;32m---> 48\x1b[0m     ckpt \x1b[38;5;241m=\x1b[39m \x1b[43mtorch\x1b[49m\x1b[38;5;241;43m.\x1b[39;49m\x1b[43mload\x1b[49m\x1b[43m(\x1b[49m\x1b[38;5;28;43mself\x1b[39;49m\x1b[38;5;241;43m.\x1b[39;49m\x1b[43mmodel_path\x1b[49m\x1b[43m,\x1b[49m\x1b[43m \x1b[49m\x1b[43mmap_location\x1b[49m\x1b[38;5;241;43m=\x1b[39;49m\x1b[43mtorch\x1b[49m\x1b[38;5;241;43m.\x1b[39;49m\x1b[43mdevice\x1b[49m\x1b[43m(\x1b[49m\x1b[38;5;124;43m"\x1b[39;49m\x1b[38;5;124;43mcpu\x1b[39;49m\x1b[38;5;124;43m"\x1b[39;49m\x1b[43m)\x1b[49m\x1b[43m)\x1b[49m\n\x1b[1;32m     49\x1b[0m     scale_loss \x1b[38;5;241m=\x1b[39m \x1b[38;5;241m0.1\x1b[39m\n\x1b[1;32m     50\x1b[0m     lambd \x1b[38;5;241m=\x1b[39m \x1b[38;5;241m3.9\x1b[39m\n', 'File \x1b[0;32m/usr/local/lib/python3.10/site-packages/torch/serialization.py:1491\x1b[0m, in \x1b[0;36mload\x1b[0;34m(f, map_location, pickle_module, weights_only, mmap, **pickle_load_args)\x1b[0m\n\x1b[1;32m   1489\x1b[0m orig_position \x1b[38;5;241m=\x1b[39m opened_file\x1b[38;5;241m.\x1b[39mtell()\n\x1b[1;32m   1490\x1b[0m overall_storage \x1b[38;5;241m=\x1b[39m \x1b[38;5;28;01mNone\x1b[39;00m\n\x1b[0;32m-> 1491\x1b[0m \x1b[38;5;28;01mwith\x1b[39;00m \x1b[43m_open_zipfile_reader\x1b[49m\x1b[43m(\x1b[49m\x1b[43mopened_file\x1b[49m\x1b[43m)\x1b[49m \x1b[38;5;28;01mas\x1b[39;00m opened_zipfile:\n\x1b[1;32m   1492\x1b[0m     \x1b[38;5;28;01mif\x1b[39;00m _is_torchscript_zip(opened_zipfile):\n\x1b[1;32m   1493\x1b[0m         warnings\x1b[38;5;241m.\x1b[39mwarn(\n\x1b[1;32m   1494\x1b[0m             \x1b[38;5;124m"\x1b[39m\x1b[38;5;124m\'\x1b[39m\x1b[38;5;124mtorch.load\x1b[39m\x1b[38;5;124m\'\x1b[39m\x1b[38;5;124m received a zip file that looks like a TorchScript archive\x1b[39m\x1b[38;5;124m"\x1b[39m\n\x1b[1;32m   1495\x1b[0m             \x1b[38;5;124m"\x1b[39m\x1b[38;5;124m dispatching to \x1b[39m\x1b[38;5;124m\'\x1b[39m\x1b[38;5;124mtorch.jit.load\x1b[39m\x1b[38;5;124m\'\x1b[39m\x1b[38;5;124m (call \x1b[39m\x1b[38;5;124m\'\x1b[39m\x1b[38;5;124mtorch.jit.load\x1b[39m\x1b[38;5;124m\'\x1b[39m\x1b[38;5;124m directly to\x1b[39m\x1b[38;5;124m"\x1b[39m\n\x1b[1;32m   1496\x1b[0m             \x1b[38;5;124m"\x1b[39m\x1b[38;5;124m silence this warning)\x1b[39m\x1b[38;5;124m"\x1b[39m,\n\x1b[1;32m   1497\x1b[0m             \x1b[38;5;167;01mUserWarning\x1b[39;00m,\n\x1b[1;32m   1498\x1b[0m         )\n', 'File \x1b[0;32m/usr/local/lib/python3.10/site-packages/torch/serialization.py:771\x1b[0m, in \x1b[0;36m_open_zipfile_reader.__init__\x1b[0;34m(self, name_or_buffer)\x1b[0m\n\x1b[1;32m    770\x1b[0m \x1b[38;5;28;01mdef\x1b[39;00m\x1b[38;5;250m \x1b[39m\x1b[38;5;21m__init__\x1b[39m(\x1b[38;5;28mself\x1b[39m, name_or_buffer: Union[\x1b[38;5;28mstr\x1b[39m, IO[\x1b[38;5;28mbytes\x1b[39m]]) \x1b[38;5;241m-\x1b[39m\x1b[38;5;241m>\x1b[39m \x1b[38;5;28;01mNone\x1b[39;00m:\n\x1b[0;32m--> 771\x1b[0m     \x1b[38;5;28msuper\x1b[39m()\x1b[38;5;241m.\x1b[39m\x1b[38;5;21m__init__\x1b[39m(\x1b[43mtorch\x1b[49m\x1b[38;5;241;43m.\x1b[39;49m\x1b[43m_C\x1b[49m\x1b[38;5;241;43m.\x1b[39;49m\x1b[43mPyTorchFileReader\x1b[49m\x1b[43m(\x1b[49m\x1b[43mname_or_buffer\x1b[49m\x1b[43m)\x1b[49m)\n', '\x1b[0;31mRuntimeError\x1b[0m: PytorchStreamReader failed reading zip archive: failed finding central directory'])
Error: RuntimeError PytorchStreamReader failed reading zip archive: failed finding central directory
Traceback:
[0;31m---------------------------------------------------------------------------[0m
[0;31mRuntimeError[0m                              Traceback (most recent call last)
Cell [0;32mIn[4], line 2[0m
[1;32m      1[0m [38;5;28;01mimport[39;00m[38;5;250m [39m[38;5;21;01mbdikit[39;00m[38;5;250m [39m[38;5;28;01mas[39;00m[38;5;250m [39m[38;5;21;01mbdi[39;00m
[0;32m----> 2[0m top_matches [38;5;241m=[39m [43mbdi[49m[38;5;241;43m.[39;49m[43mtop_matches[49m[43m([49m[43mdf_subset[49m[43m,[49m[43m [49m[43mcolumns[49m[38;5;241;43m=[39;49m[43m[[49m[38;5;124;43m"[39;49m[38;5;124;43mTumor_Site[39;49m[38;5;124;43m"[39;49m[43m][49m[43m,[49m[43m [49m[43mtarget[49m[38;5;241;43m=[39;49m[38;5;124;43m"[39;49m[38;5;124;43mgdc[39;49m[38;5;124;43m"[39;49m[43m)[49m
[1;32m      3[0m top_matches[38;5;241m.[39mto_markdown()

File [0;32m/usr/local/lib/python3.10/site-packages/bdikit/api.py:133[0m, in [0;36mtop_matches[0;34m(source, columns, target, top_k, method, method_args)[0m
[1;32m    131[0m     [38;5;28;01mif[39;00m method_args [38;5;129;01mis[39;00m [38;5;28;01mNone[39;00m:
[1;32m    132[0m         method_args [38;5;241m=[39m {}
[0;32m--> 133[0m     topk_matcher [38;5;241m=[39m [43mTopkMatchers[49m[38;5;241;43m.[39;49m[43mget_matcher[49m[43m([49m[43mmethod[49m[43m,[49m[43m [49m[38;5;241;43m*[39;49m[38;5;241;43m*[39;49m[43mmethod_args[49m[43m)[49m
[1;32m    134[0m [38;5;28;01melif[39;00m [38;5;28misinstance[39m(method, BaseTopkSchemaMatcher):
[1;32m    135[0m     topk_matcher [38;5;241m=[39m method

File [0;32m/usr/local/lib/python3.10/site-packages/bdikit/schema_matching/topk/matcher_factory.py:31[0m, in [0;36mTopkMatchers.get_matcher[0;34m(matcher_name, **matcher_kwargs)[0m
[1;32m     28[0m module_path, class_name [38;5;241m=[39m matchers[matcher_name][38;5;241m.[39mrsplit([38;5;124m"[39m[38;5;124m.[39m[38;5;124m"[39m, [38;5;241m1[39m)
[1;32m     29[0m module [38;5;241m=[39m importlib[38;5;241m.[39mimport_module(module_path)
[0;32m---> 31[0m [38;5;28;01mreturn[39;00m [38;5;28;43mgetattr[39;49m[43m([49m[43mmodule[49m[43m,[49m[43m [49m[43mclass_name[49m[43m)[49m[43m([49m[38;5;241;43m*[39;49m[38;5;241;43m*[39;49m[43mmatcher_kwargs[49m[43m)[49m

File [0;32m/usr/local/lib/python3.10/site-packages/bdikit/schema_matching/topk/contrastivelearning.py:60[0m, in [0;36mCLTopkSchemaMatcher.__init__[0;34m(self, model_name, metric)[0m
[1;32m     58[0m [38;5;28;01mdef[39;00m[38;5;250m [39m[38;5;21m__init__[39m([38;5;28mself[39m, model_name: [38;5;28mstr[39m [38;5;241m=[39m DEFAULT_CL_MODEL, metric: [38;5;28mstr[39m [38;5;241m=[39m [38;5;124m"[39m[38;5;124mcosine[39m[38;5;124m"[39m):
[1;32m     59[0m     [38;5;28msuper[39m()[38;5;241m.[39m[38;5;21m__init__[39m(
[0;32m---> 60[0m         column_embedder[38;5;241m=[39m[43mContrastiveLearningAPI[49m[43m([49m[43mmodel_name[49m[38;5;241;43m=[39;49m[43mmodel_name[49m[43m)[49m, metric[38;5;241m=[39mmetric
[1;32m     61[0m     )

File [0;32m/usr/local/lib/python3.10/site-packages/bdikit/models/contrastive_learning/cl_api.py:45[0m, in [0;36mContrastiveLearningAPI.__init__[0;34m(self, model_path, model_name, batch_size)[0m
[1;32m     43[0m [38;5;28mself[39m[38;5;241m.[39mbatch_size [38;5;241m=[39m batch_size
[1;32m     44[0m [38;5;28mself[39m[38;5;241m.[39mdevice [38;5;241m=[39m get_device()
[0;32m---> 45[0m [38;5;28mself[39m[38;5;241m.[39mmodel [38;5;241m=[39m [38;5;28;43mself[39;49m[38;5;241;43m.[39;49m[43mload_checkpoint[49m[43m([49m[43m)[49m

File [0;32m/usr/local/lib/python3.10/site-packages/bdikit/models/contrastive_learning/cl_api.py:48[0m, in [0;36mContrastiveLearningAPI.load_checkpoint[0;34m(self, lm)[0m
[1;32m     47[0m [38;5;28;01mdef[39;00m[38;5;250m [39m[38;5;21mload_checkpoint[39m([38;5;28mself[39m, lm: [38;5;28mstr[39m [38;5;241m=[39m [38;5;124m"[39m[38;5;124mroberta[39m[38;5;124m"[39m):
[0;32m---> 48[0m     ckpt [38;5;241m=[39m [43mtorch[49m[38;5;241;43m.[39;49m[43mload[49m[43m([49m[38;5;28;43mself[39;49m[38;5;241;43m.[39;49m[43mmodel_path[49m[43m,[49m[43m [49m[43mmap_location[49m[38;5;241;43m=[39;49m[43mtorch[49m[38;5;241;43m.[39;49m[43mdevice[49m[43m([49m[38;5;124;43m"[39;49m[38;5;124;43mcpu[39;49m[38;5;124;43m"[39;49m[43m)[49m[43m)[49m
[1;32m     49[0m     scale_loss [38;5;241m=[39m [38;5;241m0.1[39m
[1;32m     50[0m     lambd [38;5;241m=[39m [38;5;241m3.9[39m

File [0;32m/usr/local/lib/python3.10/site-packages/torch/serialization.py:1491[0m, in [0;36mload[0;34m(f, map_location, pickle_module, weights_only, mmap, **pickle_load_args)[0m
[1;32m   1489[0m orig_position [38;5;241m=[39m opened_file[38;5;241m.[39mtell()
[1;32m   1490[0m overall_storage [38;5;241m=[39m [38;5;28;01mNone[39;00m
[0;32m-> 1491[0m [38;5;28;01mwith[39;00m [43m_open_zipfile_reader[49m[43m([49m[43mopened_file[49m[43m)[49m [38;5;28;01mas[39;00m opened_zipfile:
[1;32m   1492[0m     [38;5;28;01mif[39;00m _is_torchscript_zip(opened_zipfile):
[1;32m   1493[0m         warnings[38;5;241m.[39mwarn(
[1;32m   1494[0m             [38;5;124m"[39m[38;5;124m'[39m[38;5;124mtorch.load[39m[38;5;124m'[39m[38;5;124m received a zip file that looks like a TorchScript archive[39m[38;5;124m"[39m
[1;32m   1495[0m             [38;5;124m"[39m[38;5;124m dispatching to [39m[38;5;124m'[39m[38;5;124mtorch.jit.load[39m[38;5;124m'[39m[38;5;124m (call [39m[38;5;124m'[39m[38;5;124mtorch.jit.load[39m[38;5;124m'[39m[38;5;124m directly to[39m[38;5;124m"[39m
[1;32m   1496[0m             [38;5;124m"[39m[38;5;124m silence this warning)[39m[38;5;124m"[39m,
[1;32m   1497[0m             [38;5;167;01mUserWarning[39;00m,
[1;32m   1498[0m         )

File [0;32m/usr/local/lib/python3.10/site-packages/torch/serialization.py:771[0m, in [0;36m_open_zipfile_reader.__init__[0;34m(self, name_or_buffer)[0m
[1;32m    770[0m [38;5;28;01mdef[39;00m[38;5;250m [39m[38;5;21m__init__[39m([38;5;28mself[39m, name_or_buffer: Union[[38;5;28mstr[39m, IO[[38;5;28mbytes[39m]]) [38;5;241m-[39m[38;5;241m>[39m [38;5;28;01mNone[39;00m:
[0;32m--> 771[0m     [38;5;28msuper[39m()[38;5;241m.[39m[38;5;21m__init__[39m([43mtorch[49m[38;5;241;43m.[39;49m[43m_C[49m[38;5;241;43m.[39;49m[43mPyTorchFileReader[49m[43m([49m[43mname_or_buffer[49m[43m)[49m)

[0;31mRuntimeError[0m: PytorchStreamReader failed reading zip archive: failed finding central directory
Uncaught exception in ZMQStream callback
Traceback (most recent call last):
  File "/usr/local/lib/python3.10/site-packages/zmq/eventloop/zmqstream.py", line 565, in _log_error
    f.result()
  File "/usr/local/lib/python3.10/site-packages/beaker_kernel/lib/jupyter_kernel_proxy.py", line 253, in handler
    new_data = await callback(self, other_stream, data)
  File "/usr/local/lib/python3.10/site-packages/beaker_kernel/lib/context.py", line 835, in handle_error
    raise ExecutionError(content["ename"], content["evalue"], content["traceback"])
beaker_kernel.lib.utils.ExecutionError: ('RuntimeError', 'PytorchStreamReader failed reading zip archive: failed finding central directory', ['\x1b[0;31m---------------------------------------------------------------------------\x1b[0m', '\x1b[0;31mRuntimeError\x1b[0m                              Traceback (most recent call last)', 'Cell \x1b[0;32mIn[4], line 2\x1b[0m\n\x1b[1;32m      1\x1b[0m \x1b[38;5;28;01mimport\x1b[39;00m\x1b[38;5;250m \x1b[39m\x1b[38;5;21;01mbdikit\x1b[39;00m\x1b[38;5;250m \x1b[39m\x1b[38;5;28;01mas\x1b[39;00m\x1b[38;5;250m \x1b[39m\x1b[38;5;21;01mbdi\x1b[39;00m\n\x1b[0;32m----> 2\x1b[0m top_matches \x1b[38;5;241m=\x1b[39m \x1b[43mbdi\x1b[49m\x1b[38;5;241;43m.\x1b[39;49m\x1b[43mtop_matches\x1b[49m\x1b[43m(\x1b[49m\x1b[43mdf_subset\x1b[49m\x1b[43m,\x1b[49m\x1b[43m \x1b[49m\x1b[43mcolumns\x1b[49m\x1b[38;5;241;43m=\x1b[39;49m\x1b[43m[\x1b[49m\x1b[38;5;124;43m"\x1b[39;49m\x1b[38;5;124;43mTumor_Site\x1b[39;49m\x1b[38;5;124;43m"\x1b[39;49m\x1b[43m]\x1b[49m\x1b[43m,\x1b[49m\x1b[43m \x1b[49m\x1b[43mtarget\x1b[49m\x1b[38;5;241;43m=\x1b[39;49m\x1b[38;5;124;43m"\x1b[39;49m\x1b[38;5;124;43mgdc\x1b[39;49m\x1b[38;5;124;43m"\x1b[39;49m\x1b[43m)\x1b[49m\n\x1b[1;32m      3\x1b[0m top_matches\x1b[38;5;241m.\x1b[39mto_markdown()\n', 'File \x1b[0;32m/usr/local/lib/python3.10/site-packages/bdikit/api.py:133\x1b[0m, in \x1b[0;36mtop_matches\x1b[0;34m(source, columns, target, top_k, method, method_args)\x1b[0m\n\x1b[1;32m    131\x1b[0m     \x1b[38;5;28;01mif\x1b[39;00m method_args \x1b[38;5;129;01mis\x1b[39;00m \x1b[38;5;28;01mNone\x1b[39;00m:\n\x1b[1;32m    132\x1b[0m         method_args \x1b[38;5;241m=\x1b[39m {}\n\x1b[0;32m--> 133\x1b[0m     topk_matcher \x1b[38;5;241m=\x1b[39m \x1b[43mTopkMatchers\x1b[49m\x1b[38;5;241;43m.\x1b[39;49m\x1b[43mget_matcher\x1b[49m\x1b[43m(\x1b[49m\x1b[43mmethod\x1b[49m\x1b[43m,\x1b[49m\x1b[43m \x1b[49m\x1b[38;5;241;43m*\x1b[39;49m\x1b[38;5;241;43m*\x1b[39;49m\x1b[43mmethod_args\x1b[49m\x1b[43m)\x1b[49m\n\x1b[1;32m    134\x1b[0m \x1b[38;5;28;01melif\x1b[39;00m \x1b[38;5;28misinstance\x1b[39m(method, BaseTopkSchemaMatcher):\n\x1b[1;32m    135\x1b[0m     topk_matcher \x1b[38;5;241m=\x1b[39m method\n', 'File \x1b[0;32m/usr/local/lib/python3.10/site-packages/bdikit/schema_matching/topk/matcher_factory.py:31\x1b[0m, in \x1b[0;36mTopkMatchers.get_matcher\x1b[0;34m(matcher_name, **matcher_kwargs)\x1b[0m\n\x1b[1;32m     28\x1b[0m module_path, class_name \x1b[38;5;241m=\x1b[39m matchers[matcher_name]\x1b[38;5;241m.\x1b[39mrsplit(\x1b[38;5;124m"\x1b[39m\x1b[38;5;124m.\x1b[39m\x1b[38;5;124m"\x1b[39m, \x1b[38;5;241m1\x1b[39m)\n\x1b[1;32m     29\x1b[0m module \x1b[38;5;241m=\x1b[39m importlib\x1b[38;5;241m.\x1b[39mimport_module(module_path)\n\x1b[0;32m---> 31\x1b[0m \x1b[38;5;28;01mreturn\x1b[39;00m \x1b[38;5;28;43mgetattr\x1b[39;49m\x1b[43m(\x1b[49m\x1b[43mmodule\x1b[49m\x1b[43m,\x1b[49m\x1b[43m \x1b[49m\x1b[43mclass_name\x1b[49m\x1b[43m)\x1b[49m\x1b[43m(\x1b[49m\x1b[38;5;241;43m*\x1b[39;49m\x1b[38;5;241;43m*\x1b[39;49m\x1b[43mmatcher_kwargs\x1b[49m\x1b[43m)\x1b[49m\n', 'File \x1b[0;32m/usr/local/lib/python3.10/site-packages/bdikit/schema_matching/topk/contrastivelearning.py:60\x1b[0m, in \x1b[0;36mCLTopkSchemaMatcher.__init__\x1b[0;34m(self, model_name, metric)\x1b[0m\n\x1b[1;32m     58\x1b[0m \x1b[38;5;28;01mdef\x1b[39;00m\x1b[38;5;250m \x1b[39m\x1b[38;5;21m__init__\x1b[39m(\x1b[38;5;28mself\x1b[39m, model_name: \x1b[38;5;28mstr\x1b[39m \x1b[38;5;241m=\x1b[39m DEFAULT_CL_MODEL, metric: \x1b[38;5;28mstr\x1b[39m \x1b[38;5;241m=\x1b[39m \x1b[38;5;124m"\x1b[39m\x1b[38;5;124mcosine\x1b[39m\x1b[38;5;124m"\x1b[39m):\n\x1b[1;32m     59\x1b[0m     \x1b[38;5;28msuper\x1b[39m()\x1b[38;5;241m.\x1b[39m\x1b[38;5;21m__init__\x1b[39m(\n\x1b[0;32m---> 60\x1b[0m         column_embedder\x1b[38;5;241m=\x1b[39m\x1b[43mContrastiveLearningAPI\x1b[49m\x1b[43m(\x1b[49m\x1b[43mmodel_name\x1b[49m\x1b[38;5;241;43m=\x1b[39;49m\x1b[43mmodel_name\x1b[49m\x1b[43m)\x1b[49m, metric\x1b[38;5;241m=\x1b[39mmetric\n\x1b[1;32m     61\x1b[0m     )\n', 'File \x1b[0;32m/usr/local/lib/python3.10/site-packages/bdikit/models/contrastive_learning/cl_api.py:45\x1b[0m, in \x1b[0;36mContrastiveLearningAPI.__init__\x1b[0;34m(self, model_path, model_name, batch_size)\x1b[0m\n\x1b[1;32m     43\x1b[0m \x1b[38;5;28mself\x1b[39m\x1b[38;5;241m.\x1b[39mbatch_size \x1b[38;5;241m=\x1b[39m batch_size\n\x1b[1;32m     44\x1b[0m \x1b[38;5;28mself\x1b[39m\x1b[38;5;241m.\x1b[39mdevice \x1b[38;5;241m=\x1b[39m get_device()\n\x1b[0;32m---> 45\x1b[0m \x1b[38;5;28mself\x1b[39m\x1b[38;5;241m.\x1b[39mmodel \x1b[38;5;241m=\x1b[39m \x1b[38;5;28;43mself\x1b[39;49m\x1b[38;5;241;43m.\x1b[39;49m\x1b[43mload_checkpoint\x1b[49m\x1b[43m(\x1b[49m\x1b[43m)\x1b[49m\n', 'File \x1b[0;32m/usr/local/lib/python3.10/site-packages/bdikit/models/contrastive_learning/cl_api.py:48\x1b[0m, in \x1b[0;36mContrastiveLearningAPI.load_checkpoint\x1b[0;34m(self, lm)\x1b[0m\n\x1b[1;32m     47\x1b[0m \x1b[38;5;28;01mdef\x1b[39;00m\x1b[38;5;250m \x1b[39m\x1b[38;5;21mload_checkpoint\x1b[39m(\x1b[38;5;28mself\x1b[39m, lm: \x1b[38;5;28mstr\x1b[39m \x1b[38;5;241m=\x1b[39m \x1b[38;5;124m"\x1b[39m\x1b[38;5;124mroberta\x1b[39m\x1b[38;5;124m"\x1b[39m):\n\x1b[0;32m---> 48\x1b[0m     ckpt \x1b[38;5;241m=\x1b[39m \x1b[43mtorch\x1b[49m\x1b[38;5;241;43m.\x1b[39;49m\x1b[43mload\x1b[49m\x1b[43m(\x1b[49m\x1b[38;5;28;43mself\x1b[39;49m\x1b[38;5;241;43m.\x1b[39;49m\x1b[43mmodel_path\x1b[49m\x1b[43m,\x1b[49m\x1b[43m \x1b[49m\x1b[43mmap_location\x1b[49m\x1b[38;5;241;43m=\x1b[39;49m\x1b[43mtorch\x1b[49m\x1b[38;5;241;43m.\x1b[39;49m\x1b[43mdevice\x1b[49m\x1b[43m(\x1b[49m\x1b[38;5;124;43m"\x1b[39;49m\x1b[38;5;124;43mcpu\x1b[39;49m\x1b[38;5;124;43m"\x1b[39;49m\x1b[43m)\x1b[49m\x1b[43m)\x1b[49m\n\x1b[1;32m     49\x1b[0m     scale_loss \x1b[38;5;241m=\x1b[39m \x1b[38;5;241m0.1\x1b[39m\n\x1b[1;32m     50\x1b[0m     lambd \x1b[38;5;241m=\x1b[39m \x1b[38;5;241m3.9\x1b[39m\n', 'File \x1b[0;32m/usr/local/lib/python3.10/site-packages/torch/serialization.py:1491\x1b[0m, in \x1b[0;36mload\x1b[0;34m(f, map_location, pickle_module, weights_only, mmap, **pickle_load_args)\x1b[0m\n\x1b[1;32m   1489\x1b[0m orig_position \x1b[38;5;241m=\x1b[39m opened_file\x1b[38;5;241m.\x1b[39mtell()\n\x1b[1;32m   1490\x1b[0m overall_storage \x1b[38;5;241m=\x1b[39m \x1b[38;5;28;01mNone\x1b[39;00m\n\x1b[0;32m-> 1491\x1b[0m \x1b[38;5;28;01mwith\x1b[39;00m \x1b[43m_open_zipfile_reader\x1b[49m\x1b[43m(\x1b[49m\x1b[43mopened_file\x1b[49m\x1b[43m)\x1b[49m \x1b[38;5;28;01mas\x1b[39;00m opened_zipfile:\n\x1b[1;32m   1492\x1b[0m     \x1b[38;5;28;01mif\x1b[39;00m _is_torchscript_zip(opened_zipfile):\n\x1b[1;32m   1493\x1b[0m         warnings\x1b[38;5;241m.\x1b[39mwarn(\n\x1b[1;32m   1494\x1b[0m             \x1b[38;5;124m"\x1b[39m\x1b[38;5;124m\'\x1b[39m\x1b[38;5;124mtorch.load\x1b[39m\x1b[38;5;124m\'\x1b[39m\x1b[38;5;124m received a zip file that looks like a TorchScript archive\x1b[39m\x1b[38;5;124m"\x1b[39m\n\x1b[1;32m   1495\x1b[0m             \x1b[38;5;124m"\x1b[39m\x1b[38;5;124m dispatching to \x1b[39m\x1b[38;5;124m\'\x1b[39m\x1b[38;5;124mtorch.jit.load\x1b[39m\x1b[38;5;124m\'\x1b[39m\x1b[38;5;124m (call \x1b[39m\x1b[38;5;124m\'\x1b[39m\x1b[38;5;124mtorch.jit.load\x1b[39m\x1b[38;5;124m\'\x1b[39m\x1b[38;5;124m directly to\x1b[39m\x1b[38;5;124m"\x1b[39m\n\x1b[1;32m   1496\x1b[0m             \x1b[38;5;124m"\x1b[39m\x1b[38;5;124m silence this warning)\x1b[39m\x1b[38;5;124m"\x1b[39m,\n\x1b[1;32m   1497\x1b[0m             \x1b[38;5;167;01mUserWarning\x1b[39;00m,\n\x1b[1;32m   1498\x1b[0m         )\n', 'File \x1b[0;32m/usr/local/lib/python3.10/site-packages/torch/serialization.py:771\x1b[0m, in \x1b[0;36m_open_zipfile_reader.__init__\x1b[0;34m(self, name_or_buffer)\x1b[0m\n\x1b[1;32m    770\x1b[0m \x1b[38;5;28;01mdef\x1b[39;00m\x1b[38;5;250m \x1b[39m\x1b[38;5;21m__init__\x1b[39m(\x1b[38;5;28mself\x1b[39m, name_or_buffer: Union[\x1b[38;5;28mstr\x1b[39m, IO[\x1b[38;5;28mbytes\x1b[39m]]) \x1b[38;5;241m-\x1b[39m\x1b[38;5;241m>\x1b[39m \x1b[38;5;28;01mNone\x1b[39;00m:\n\x1b[0;32m--> 771\x1b[0m     \x1b[38;5;28msuper\x1b[39m()\x1b[38;5;241m.\x1b[39m\x1b[38;5;21m__init__\x1b[39m(\x1b[43mtorch\x1b[49m\x1b[38;5;241;43m.\x1b[39;49m\x1b[43m_C\x1b[49m\x1b[38;5;241;43m.\x1b[39;49m\x1b[43mPyTorchFileReader\x1b[49m\x1b[43m(\x1b[49m\x1b[43mname_or_buffer\x1b[49m\x1b[43m)\x1b[49m)\n', '\x1b[0;31mRuntimeError\x1b[0m: PytorchStreamReader failed reading zip archive: failed finding central directory'])
Error: RuntimeError PytorchStreamReader failed reading zip archive: failed finding central directory
Traceback:
[0;31m---------------------------------------------------------------------------[0m
[0;31mRuntimeError[0m                              Traceback (most recent call last)
Cell [0;32mIn[4], line 2[0m
[1;32m      1[0m [38;5;28;01mimport[39;00m[38;5;250m [39m[38;5;21;01mbdikit[39;00m[38;5;250m [39m[38;5;28;01mas[39;00m[38;5;250m [39m[38;5;21;01mbdi[39;00m
[0;32m----> 2[0m top_matches [38;5;241m=[39m [43mbdi[49m[38;5;241;43m.[39;49m[43mtop_matches[49m[43m([49m[43mdf_subset[49m[43m,[49m[43m [49m[43mcolumns[49m[38;5;241;43m=[39;49m[43m[[49m[38;5;124;43m"[39;49m[38;5;124;43mHistologic_type[39;49m[38;5;124;43m"[39;49m[43m][49m[43m,[49m[43m [49m[43mtarget[49m[38;5;241;43m=[39;49m[38;5;124;43m"[39;49m[38;5;124;43mgdc[39;49m[38;5;124;43m"[39;49m[43m)[49m
[1;32m      3[0m top_matches[38;5;241m.[39mto_markdown()

File [0;32m/usr/local/lib/python3.10/site-packages/bdikit/api.py:133[0m, in [0;36mtop_matches[0;34m(source, columns, target, top_k, method, method_args)[0m
[1;32m    131[0m     [38;5;28;01mif[39;00m method_args [38;5;129;01mis[39;00m [38;5;28;01mNone[39;00m:
[1;32m    132[0m         method_args [38;5;241m=[39m {}
[0;32m--> 133[0m     topk_matcher [38;5;241m=[39m [43mTopkMatchers[49m[38;5;241;43m.[39;49m[43mget_matcher[49m[43m([49m[43mmethod[49m[43m,[49m[43m [49m[38;5;241;43m*[39;49m[38;5;241;43m*[39;49m[43mmethod_args[49m[43m)[49m
[1;32m    134[0m [38;5;28;01melif[39;00m [38;5;28misinstance[39m(method, BaseTopkSchemaMatcher):
[1;32m    135[0m     topk_matcher [38;5;241m=[39m method

File [0;32m/usr/local/lib/python3.10/site-packages/bdikit/schema_matching/topk/matcher_factory.py:31[0m, in [0;36mTopkMatchers.get_matcher[0;34m(matcher_name, **matcher_kwargs)[0m
[1;32m     28[0m module_path, class_name [38;5;241m=[39m matchers[matcher_name][38;5;241m.[39mrsplit([38;5;124m"[39m[38;5;124m.[39m[38;5;124m"[39m, [38;5;241m1[39m)
[1;32m     29[0m module [38;5;241m=[39m importlib[38;5;241m.[39mimport_module(module_path)
[0;32m---> 31[0m [38;5;28;01mreturn[39;00m [38;5;28;43mgetattr[39;49m[43m([49m[43mmodule[49m[43m,[49m[43m [49m[43mclass_name[49m[43m)[49m[43m([49m[38;5;241;43m*[39;49m[38;5;241;43m*[39;49m[43mmatcher_kwargs[49m[43m)[49m

File [0;32m/usr/local/lib/python3.10/site-packages/bdikit/schema_matching/topk/contrastivelearning.py:60[0m, in [0;36mCLTopkSchemaMatcher.__init__[0;34m(self, model_name, metric)[0m
[1;32m     58[0m [38;5;28;01mdef[39;00m[38;5;250m [39m[38;5;21m__init__[39m([38;5;28mself[39m, model_name: [38;5;28mstr[39m [38;5;241m=[39m DEFAULT_CL_MODEL, metric: [38;5;28mstr[39m [38;5;241m=[39m [38;5;124m"[39m[38;5;124mcosine[39m[38;5;124m"[39m):
[1;32m     59[0m     [38;5;28msuper[39m()[38;5;241m.[39m[38;5;21m__init__[39m(
[0;32m---> 60[0m         column_embedder[38;5;241m=[39m[43mContrastiveLearningAPI[49m[43m([49m[43mmodel_name[49m[38;5;241;43m=[39;49m[43mmodel_name[49m[43m)[49m, metric[38;5;241m=[39mmetric
[1;32m     61[0m     )

File [0;32m/usr/local/lib/python3.10/site-packages/bdikit/models/contrastive_learning/cl_api.py:45[0m, in [0;36mContrastiveLearningAPI.__init__[0;34m(self, model_path, model_name, batch_size)[0m
[1;32m     43[0m [38;5;28mself[39m[38;5;241m.[39mbatch_size [38;5;241m=[39m batch_size
[1;32m     44[0m [38;5;28mself[39m[38;5;241m.[39mdevice [38;5;241m=[39m get_device()
[0;32m---> 45[0m [38;5;28mself[39m[38;5;241m.[39mmodel [38;5;241m=[39m [38;5;28;43mself[39;49m[38;5;241;43m.[39;49m[43mload_checkpoint[49m[43m([49m[43m)[49m

File [0;32m/usr/local/lib/python3.10/site-packages/bdikit/models/contrastive_learning/cl_api.py:48[0m, in [0;36mContrastiveLearningAPI.load_checkpoint[0;34m(self, lm)[0m
[1;32m     47[0m [38;5;28;01mdef[39;00m[38;5;250m [39m[38;5;21mload_checkpoint[39m([38;5;28mself[39m, lm: [38;5;28mstr[39m [38;5;241m=[39m [38;5;124m"[39m[38;5;124mroberta[39m[38;5;124m"[39m):
[0;32m---> 48[0m     ckpt [38;5;241m=[39m [43mtorch[49m[38;5;241;43m.[39;49m[43mload[49m[43m([49m[38;5;28;43mself[39;49m[38;5;241;43m.[39;49m[43mmodel_path[49m[43m,[49m[43m [49m[43mmap_location[49m[38;5;241;43m=[39;49m[43mtorch[49m[38;5;241;43m.[39;49m[43mdevice[49m[43m([49m[38;5;124;43m"[39;49m[38;5;124;43mcpu[39;49m[38;5;124;43m"[39;49m[43m)[49m[43m)[49m
[1;32m     49[0m     scale_loss [38;5;241m=[39m [38;5;241m0.1[39m
[1;32m     50[0m     lambd [38;5;241m=[39m [38;5;241m3.9[39m

File [0;32m/usr/local/lib/python3.10/site-packages/torch/serialization.py:1491[0m, in [0;36mload[0;34m(f, map_location, pickle_module, weights_only, mmap, **pickle_load_args)[0m
[1;32m   1489[0m orig_position [38;5;241m=[39m opened_file[38;5;241m.[39mtell()
[1;32m   1490[0m overall_storage [38;5;241m=[39m [38;5;28;01mNone[39;00m
[0;32m-> 1491[0m [38;5;28;01mwith[39;00m [43m_open_zipfile_reader[49m[43m([49m[43mopened_file[49m[43m)[49m [38;5;28;01mas[39;00m opened_zipfile:
[1;32m   1492[0m     [38;5;28;01mif[39;00m _is_torchscript_zip(opened_zipfile):
[1;32m   1493[0m         warnings[38;5;241m.[39mwarn(
[1;32m   1494[0m             [38;5;124m"[39m[38;5;124m'[39m[38;5;124mtorch.load[39m[38;5;124m'[39m[38;5;124m received a zip file that looks like a TorchScript archive[39m[38;5;124m"[39m
[1;32m   1495[0m             [38;5;124m"[39m[38;5;124m dispatching to [39m[38;5;124m'[39m[38;5;124mtorch.jit.load[39m[38;5;124m'[39m[38;5;124m (call [39m[38;5;124m'[39m[38;5;124mtorch.jit.load[39m[38;5;124m'[39m[38;5;124m directly to[39m[38;5;124m"[39m
[1;32m   1496[0m             [38;5;124m"[39m[38;5;124m silence this warning)[39m[38;5;124m"[39m,
[1;32m   1497[0m             [38;5;167;01mUserWarning[39;00m,
[1;32m   1498[0m         )

File [0;32m/usr/local/lib/python3.10/site-packages/torch/serialization.py:771[0m, in [0;36m_open_zipfile_reader.__init__[0;34m(self, name_or_buffer)[0m
[1;32m    770[0m [38;5;28;01mdef[39;00m[38;5;250m [39m[38;5;21m__init__[39m([38;5;28mself[39m, name_or_buffer: Union[[38;5;28mstr[39m, IO[[38;5;28mbytes[39m]]) [38;5;241m-[39m[38;5;241m>[39m [38;5;28;01mNone[39;00m:
[0;32m--> 771[0m     [38;5;28msuper[39m()[38;5;241m.[39m[38;5;21m__init__[39m([43mtorch[49m[38;5;241;43m.[39;49m[43m_C[49m[38;5;241;43m.[39;49m[43mPyTorchFileReader[49m[43m([49m[43mname_or_buffer[49m[43m)[49m)

[0;31mRuntimeError[0m: PytorchStreamReader failed reading zip archive: failed finding central directory
Uncaught exception in ZMQStream callback
Traceback (most recent call last):
  File "/usr/local/lib/python3.10/site-packages/zmq/eventloop/zmqstream.py", line 565, in _log_error
    f.result()
  File "/usr/local/lib/python3.10/site-packages/beaker_kernel/lib/jupyter_kernel_proxy.py", line 253, in handler
    new_data = await callback(self, other_stream, data)
  File "/usr/local/lib/python3.10/site-packages/beaker_kernel/lib/context.py", line 835, in handle_error
    raise ExecutionError(content["ename"], content["evalue"], content["traceback"])
beaker_kernel.lib.utils.ExecutionError: ('RuntimeError', 'PytorchStreamReader failed reading zip archive: failed finding central directory', ['\x1b[0;31m---------------------------------------------------------------------------\x1b[0m', '\x1b[0;31mRuntimeError\x1b[0m                              Traceback (most recent call last)', 'Cell \x1b[0;32mIn[4], line 2\x1b[0m\n\x1b[1;32m      1\x1b[0m \x1b[38;5;28;01mimport\x1b[39;00m\x1b[38;5;250m \x1b[39m\x1b[38;5;21;01mbdikit\x1b[39;00m\x1b[38;5;250m \x1b[39m\x1b[38;5;28;01mas\x1b[39;00m\x1b[38;5;250m \x1b[39m\x1b[38;5;21;01mbdi\x1b[39;00m\n\x1b[0;32m----> 2\x1b[0m top_matches \x1b[38;5;241m=\x1b[39m \x1b[43mbdi\x1b[49m\x1b[38;5;241;43m.\x1b[39;49m\x1b[43mtop_matches\x1b[49m\x1b[43m(\x1b[49m\x1b[43mdf_subset\x1b[49m\x1b[43m,\x1b[49m\x1b[43m \x1b[49m\x1b[43mcolumns\x1b[49m\x1b[38;5;241;43m=\x1b[39;49m\x1b[43m[\x1b[49m\x1b[38;5;124;43m"\x1b[39;49m\x1b[38;5;124;43mHistologic_type\x1b[39;49m\x1b[38;5;124;43m"\x1b[39;49m\x1b[43m]\x1b[49m\x1b[43m,\x1b[49m\x1b[43m \x1b[49m\x1b[43mtarget\x1b[49m\x1b[38;5;241;43m=\x1b[39;49m\x1b[38;5;124;43m"\x1b[39;49m\x1b[38;5;124;43mgdc\x1b[39;49m\x1b[38;5;124;43m"\x1b[39;49m\x1b[43m)\x1b[49m\n\x1b[1;32m      3\x1b[0m top_matches\x1b[38;5;241m.\x1b[39mto_markdown()\n', 'File \x1b[0;32m/usr/local/lib/python3.10/site-packages/bdikit/api.py:133\x1b[0m, in \x1b[0;36mtop_matches\x1b[0;34m(source, columns, target, top_k, method, method_args)\x1b[0m\n\x1b[1;32m    131\x1b[0m     \x1b[38;5;28;01mif\x1b[39;00m method_args \x1b[38;5;129;01mis\x1b[39;00m \x1b[38;5;28;01mNone\x1b[39;00m:\n\x1b[1;32m    132\x1b[0m         method_args \x1b[38;5;241m=\x1b[39m {}\n\x1b[0;32m--> 133\x1b[0m     topk_matcher \x1b[38;5;241m=\x1b[39m \x1b[43mTopkMatchers\x1b[49m\x1b[38;5;241;43m.\x1b[39;49m\x1b[43mget_matcher\x1b[49m\x1b[43m(\x1b[49m\x1b[43mmethod\x1b[49m\x1b[43m,\x1b[49m\x1b[43m \x1b[49m\x1b[38;5;241;43m*\x1b[39;49m\x1b[38;5;241;43m*\x1b[39;49m\x1b[43mmethod_args\x1b[49m\x1b[43m)\x1b[49m\n\x1b[1;32m    134\x1b[0m \x1b[38;5;28;01melif\x1b[39;00m \x1b[38;5;28misinstance\x1b[39m(method, BaseTopkSchemaMatcher):\n\x1b[1;32m    135\x1b[0m     topk_matcher \x1b[38;5;241m=\x1b[39m method\n', 'File \x1b[0;32m/usr/local/lib/python3.10/site-packages/bdikit/schema_matching/topk/matcher_factory.py:31\x1b[0m, in \x1b[0;36mTopkMatchers.get_matcher\x1b[0;34m(matcher_name, **matcher_kwargs)\x1b[0m\n\x1b[1;32m     28\x1b[0m module_path, class_name \x1b[38;5;241m=\x1b[39m matchers[matcher_name]\x1b[38;5;241m.\x1b[39mrsplit(\x1b[38;5;124m"\x1b[39m\x1b[38;5;124m.\x1b[39m\x1b[38;5;124m"\x1b[39m, \x1b[38;5;241m1\x1b[39m)\n\x1b[1;32m     29\x1b[0m module \x1b[38;5;241m=\x1b[39m importlib\x1b[38;5;241m.\x1b[39mimport_module(module_path)\n\x1b[0;32m---> 31\x1b[0m \x1b[38;5;28;01mreturn\x1b[39;00m \x1b[38;5;28;43mgetattr\x1b[39;49m\x1b[43m(\x1b[49m\x1b[43mmodule\x1b[49m\x1b[43m,\x1b[49m\x1b[43m \x1b[49m\x1b[43mclass_name\x1b[49m\x1b[43m)\x1b[49m\x1b[43m(\x1b[49m\x1b[38;5;241;43m*\x1b[39;49m\x1b[38;5;241;43m*\x1b[39;49m\x1b[43mmatcher_kwargs\x1b[49m\x1b[43m)\x1b[49m\n', 'File \x1b[0;32m/usr/local/lib/python3.10/site-packages/bdikit/schema_matching/topk/contrastivelearning.py:60\x1b[0m, in \x1b[0;36mCLTopkSchemaMatcher.__init__\x1b[0;34m(self, model_name, metric)\x1b[0m\n\x1b[1;32m     58\x1b[0m \x1b[38;5;28;01mdef\x1b[39;00m\x1b[38;5;250m \x1b[39m\x1b[38;5;21m__init__\x1b[39m(\x1b[38;5;28mself\x1b[39m, model_name: \x1b[38;5;28mstr\x1b[39m \x1b[38;5;241m=\x1b[39m DEFAULT_CL_MODEL, metric: \x1b[38;5;28mstr\x1b[39m \x1b[38;5;241m=\x1b[39m \x1b[38;5;124m"\x1b[39m\x1b[38;5;124mcosine\x1b[39m\x1b[38;5;124m"\x1b[39m):\n\x1b[1;32m     59\x1b[0m     \x1b[38;5;28msuper\x1b[39m()\x1b[38;5;241m.\x1b[39m\x1b[38;5;21m__init__\x1b[39m(\n\x1b[0;32m---> 60\x1b[0m         column_embedder\x1b[38;5;241m=\x1b[39m\x1b[43mContrastiveLearningAPI\x1b[49m\x1b[43m(\x1b[49m\x1b[43mmodel_name\x1b[49m\x1b[38;5;241;43m=\x1b[39;49m\x1b[43mmodel_name\x1b[49m\x1b[43m)\x1b[49m, metric\x1b[38;5;241m=\x1b[39mmetric\n\x1b[1;32m     61\x1b[0m     )\n', 'File \x1b[0;32m/usr/local/lib/python3.10/site-packages/bdikit/models/contrastive_learning/cl_api.py:45\x1b[0m, in \x1b[0;36mContrastiveLearningAPI.__init__\x1b[0;34m(self, model_path, model_name, batch_size)\x1b[0m\n\x1b[1;32m     43\x1b[0m \x1b[38;5;28mself\x1b[39m\x1b[38;5;241m.\x1b[39mbatch_size \x1b[38;5;241m=\x1b[39m batch_size\n\x1b[1;32m     44\x1b[0m \x1b[38;5;28mself\x1b[39m\x1b[38;5;241m.\x1b[39mdevice \x1b[38;5;241m=\x1b[39m get_device()\n\x1b[0;32m---> 45\x1b[0m \x1b[38;5;28mself\x1b[39m\x1b[38;5;241m.\x1b[39mmodel \x1b[38;5;241m=\x1b[39m \x1b[38;5;28;43mself\x1b[39;49m\x1b[38;5;241;43m.\x1b[39;49m\x1b[43mload_checkpoint\x1b[49m\x1b[43m(\x1b[49m\x1b[43m)\x1b[49m\n', 'File \x1b[0;32m/usr/local/lib/python3.10/site-packages/bdikit/models/contrastive_learning/cl_api.py:48\x1b[0m, in \x1b[0;36mContrastiveLearningAPI.load_checkpoint\x1b[0;34m(self, lm)\x1b[0m\n\x1b[1;32m     47\x1b[0m \x1b[38;5;28;01mdef\x1b[39;00m\x1b[38;5;250m \x1b[39m\x1b[38;5;21mload_checkpoint\x1b[39m(\x1b[38;5;28mself\x1b[39m, lm: \x1b[38;5;28mstr\x1b[39m \x1b[38;5;241m=\x1b[39m \x1b[38;5;124m"\x1b[39m\x1b[38;5;124mroberta\x1b[39m\x1b[38;5;124m"\x1b[39m):\n\x1b[0;32m---> 48\x1b[0m     ckpt \x1b[38;5;241m=\x1b[39m \x1b[43mtorch\x1b[49m\x1b[38;5;241;43m.\x1b[39;49m\x1b[43mload\x1b[49m\x1b[43m(\x1b[49m\x1b[38;5;28;43mself\x1b[39;49m\x1b[38;5;241;43m.\x1b[39;49m\x1b[43mmodel_path\x1b[49m\x1b[43m,\x1b[49m\x1b[43m \x1b[49m\x1b[43mmap_location\x1b[49m\x1b[38;5;241;43m=\x1b[39;49m\x1b[43mtorch\x1b[49m\x1b[38;5;241;43m.\x1b[39;49m\x1b[43mdevice\x1b[49m\x1b[43m(\x1b[49m\x1b[38;5;124;43m"\x1b[39;49m\x1b[38;5;124;43mcpu\x1b[39;49m\x1b[38;5;124;43m"\x1b[39;49m\x1b[43m)\x1b[49m\x1b[43m)\x1b[49m\n\x1b[1;32m     49\x1b[0m     scale_loss \x1b[38;5;241m=\x1b[39m \x1b[38;5;241m0.1\x1b[39m\n\x1b[1;32m     50\x1b[0m     lambd \x1b[38;5;241m=\x1b[39m \x1b[38;5;241m3.9\x1b[39m\n', 'File \x1b[0;32m/usr/local/lib/python3.10/site-packages/torch/serialization.py:1491\x1b[0m, in \x1b[0;36mload\x1b[0;34m(f, map_location, pickle_module, weights_only, mmap, **pickle_load_args)\x1b[0m\n\x1b[1;32m   1489\x1b[0m orig_position \x1b[38;5;241m=\x1b[39m opened_file\x1b[38;5;241m.\x1b[39mtell()\n\x1b[1;32m   1490\x1b[0m overall_storage \x1b[38;5;241m=\x1b[39m \x1b[38;5;28;01mNone\x1b[39;00m\n\x1b[0;32m-> 1491\x1b[0m \x1b[38;5;28;01mwith\x1b[39;00m \x1b[43m_open_zipfile_reader\x1b[49m\x1b[43m(\x1b[49m\x1b[43mopened_file\x1b[49m\x1b[43m)\x1b[49m \x1b[38;5;28;01mas\x1b[39;00m opened_zipfile:\n\x1b[1;32m   1492\x1b[0m     \x1b[38;5;28;01mif\x1b[39;00m _is_torchscript_zip(opened_zipfile):\n\x1b[1;32m   1493\x1b[0m         warnings\x1b[38;5;241m.\x1b[39mwarn(\n\x1b[1;32m   1494\x1b[0m             \x1b[38;5;124m"\x1b[39m\x1b[38;5;124m\'\x1b[39m\x1b[38;5;124mtorch.load\x1b[39m\x1b[38;5;124m\'\x1b[39m\x1b[38;5;124m received a zip file that looks like a TorchScript archive\x1b[39m\x1b[38;5;124m"\x1b[39m\n\x1b[1;32m   1495\x1b[0m             \x1b[38;5;124m"\x1b[39m\x1b[38;5;124m dispatching to \x1b[39m\x1b[38;5;124m\'\x1b[39m\x1b[38;5;124mtorch.jit.load\x1b[39m\x1b[38;5;124m\'\x1b[39m\x1b[38;5;124m (call \x1b[39m\x1b[38;5;124m\'\x1b[39m\x1b[38;5;124mtorch.jit.load\x1b[39m\x1b[38;5;124m\'\x1b[39m\x1b[38;5;124m directly to\x1b[39m\x1b[38;5;124m"\x1b[39m\n\x1b[1;32m   1496\x1b[0m             \x1b[38;5;124m"\x1b[39m\x1b[38;5;124m silence this warning)\x1b[39m\x1b[38;5;124m"\x1b[39m,\n\x1b[1;32m   1497\x1b[0m             \x1b[38;5;167;01mUserWarning\x1b[39;00m,\n\x1b[1;32m   1498\x1b[0m         )\n', 'File \x1b[0;32m/usr/local/lib/python3.10/site-packages/torch/serialization.py:771\x1b[0m, in \x1b[0;36m_open_zipfile_reader.__init__\x1b[0;34m(self, name_or_buffer)\x1b[0m\n\x1b[1;32m    770\x1b[0m \x1b[38;5;28;01mdef\x1b[39;00m\x1b[38;5;250m \x1b[39m\x1b[38;5;21m__init__\x1b[39m(\x1b[38;5;28mself\x1b[39m, name_or_buffer: Union[\x1b[38;5;28mstr\x1b[39m, IO[\x1b[38;5;28mbytes\x1b[39m]]) \x1b[38;5;241m-\x1b[39m\x1b[38;5;241m>\x1b[39m \x1b[38;5;28;01mNone\x1b[39;00m:\n\x1b[0;32m--> 771\x1b[0m     \x1b[38;5;28msuper\x1b[39m()\x1b[38;5;241m.\x1b[39m\x1b[38;5;21m__init__\x1b[39m(\x1b[43mtorch\x1b[49m\x1b[38;5;241;43m.\x1b[39;49m\x1b[43m_C\x1b[49m\x1b[38;5;241;43m.\x1b[39;49m\x1b[43mPyTorchFileReader\x1b[49m\x1b[43m(\x1b[49m\x1b[43mname_or_buffer\x1b[49m\x1b[43m)\x1b[49m)\n', '\x1b[0;31mRuntimeError\x1b[0m: PytorchStreamReader failed reading zip archive: failed finding central directory'])
Error: UnpicklingError Weights only load failed. This file can still be loaded, to do so you have two options, [1mdo those steps only if you trust the source of the checkpoint[0m. 
	(1) In PyTorch 2.6, we changed the default value of the `weights_only` argument in `torch.load` from `False` to `True`. Re-running `torch.load` with `weights_only` set to `False` will likely succeed, but it can result in arbitrary code execution. Do it only if you got the file from a trusted source.
	(2) Alternatively, to load with `weights_only=True` please check the recommended steps in the following error message.
	WeightsUnpickler error: Unsupported global: GLOBAL argparse.Namespace was not an allowed global by default. Please use `torch.serialization.add_safe_globals([argparse.Namespace])` or the `torch.serialization.safe_globals([argparse.Namespace])` context manager to allowlist this global if you trust this class/function.

Check the documentation of torch.load to learn more about types accepted by default with weights_only https://pytorch.org/docs/stable/generated/torch.load.html.
Traceback:
[0;31m---------------------------------------------------------------------------[0m
[0;31mUnpicklingError[0m                           Traceback (most recent call last)
Cell [0;32mIn[4], line 2[0m
[1;32m      1[0m [38;5;28;01mimport[39;00m[38;5;250m [39m[38;5;21;01mbdikit[39;00m[38;5;250m [39m[38;5;28;01mas[39;00m[38;5;250m [39m[38;5;21;01mbdi[39;00m
[0;32m----> 2[0m top_matches [38;5;241m=[39m [43mbdi[49m[38;5;241;43m.[39;49m[43mtop_matches[49m[43m([49m[43mdf_subset[49m[43m,[49m[43m [49m[43mcolumns[49m[38;5;241;43m=[39;49m[43m[[49m[38;5;124;43m"[39;49m[38;5;124;43mHistologic_Grade_FIGO[39;49m[38;5;124;43m"[39;49m[43m][49m[43m,[49m[43m [49m[43mtarget[49m[38;5;241;43m=[39;49m[38;5;124;43m"[39;49m[38;5;124;43mgdc[39;49m[38;5;124;43m"[39;49m[43m)[49m
[1;32m      3[0m top_matches[38;5;241m.[39mto_markdown()

File [0;32m/usr/local/lib/python3.10/site-packages/bdikit/api.py:133[0m, in [0;36mtop_matches[0;34m(source, columns, target, top_k, method, method_args)[0m
[1;32m    131[0m     [38;5;28;01mif[39;00m method_args [38;5;129;01mis[39;00m [38;5;28;01mNone[39;00m:
[1;32m    132[0m         method_args [38;5;241m=[39m {}
[0;32m--> 133[0m     topk_matcher [38;5;241m=[39m [43mTopkMatchers[49m[38;5;241;43m.[39;49m[43mget_matcher[49m[43m([49m[43mmethod[49m[43m,[49m[43m [49m[38;5;241;43m*[39;49m[38;5;241;43m*[39;49m[43mmethod_args[49m[43m)[49m
[1;32m    134[0m [38;5;28;01melif[39;00m [38;5;28misinstance[39m(method, BaseTopkSchemaMatcher):
[1;32m    135[0m     topk_matcher [38;5;241m=[39m method

File [0;32m/usr/local/lib/python3.10/site-packages/bdikit/schema_matching/topk/matcher_factory.py:31[0m, in [0;36mTopkMatchers.get_matcher[0;34m(matcher_name, **matcher_kwargs)[0m
[1;32m     28[0m module_path, class_name [38;5;241m=[39m matchers[matcher_name][38;5;241m.[39mrsplit([38;5;124m"[39m[38;5;124m.[39m[38;5;124m"[39m, [38;5;241m1[39m)
[1;32m     29[0m module [38;5;241m=[39m importlib[38;5;241m.[39mimport_module(module_path)
[0;32m---> 31[0m [38;5;28;01mreturn[39;00m [38;5;28;43mgetattr[39;49m[43m([49m[43mmodule[49m[43m,[49m[43m [49m[43mclass_name[49m[43m)[49m[43m([49m[38;5;241;43m*[39;49m[38;5;241;43m*[39;49m[43mmatcher_kwargs[49m[43m)[49m

File [0;32m/usr/local/lib/python3.10/site-packages/bdikit/schema_matching/topk/contrastivelearning.py:60[0m, in [0;36mCLTopkSchemaMatcher.__init__[0;34m(self, model_name, metric)[0m
[1;32m     58[0m [38;5;28;01mdef[39;00m[38;5;250m [39m[38;5;21m__init__[39m([38;5;28mself[39m, model_name: [38;5;28mstr[39m [38;5;241m=[39m DEFAULT_CL_MODEL, metric: [38;5;28mstr[39m [38;5;241m=[39m [38;5;124m"[39m[38;5;124mcosine[39m[38;5;124m"[39m):
[1;32m     59[0m     [38;5;28msuper[39m()[38;5;241m.[39m[38;5;21m__init__[39m(
[0;32m---> 60[0m         column_embedder[38;5;241m=[39m[43mContrastiveLearningAPI[49m[43m([49m[43mmodel_name[49m[38;5;241;43m=[39;49m[43mmodel_name[49m[43m)[49m, metric[38;5;241m=[39mmetric
[1;32m     61[0m     )

File [0;32m/usr/local/lib/python3.10/site-packages/bdikit/models/contrastive_learning/cl_api.py:45[0m, in [0;36mContrastiveLearningAPI.__init__[0;34m(self, model_path, model_name, batch_size)[0m
[1;32m     43[0m [38;5;28mself[39m[38;5;241m.[39mbatch_size [38;5;241m=[39m batch_size
[1;32m     44[0m [38;5;28mself[39m[38;5;241m.[39mdevice [38;5;241m=[39m get_device()
[0;32m---> 45[0m [38;5;28mself[39m[38;5;241m.[39mmodel [38;5;241m=[39m [38;5;28;43mself[39;49m[38;5;241;43m.[39;49m[43mload_checkpoint[49m[43m([49m[43m)[49m

File [0;32m/usr/local/lib/python3.10/site-packages/bdikit/models/contrastive_learning/cl_api.py:48[0m, in [0;36mContrastiveLearningAPI.load_checkpoint[0;34m(self, lm)[0m
[1;32m     47[0m [38;5;28;01mdef[39;00m[38;5;250m [39m[38;5;21mload_checkpoint[39m([38;5;28mself[39m, lm: [38;5;28mstr[39m [38;5;241m=[39m [38;5;124m"[39m[38;5;124mroberta[39m[38;5;124m"[39m):
[0;32m---> 48[0m     ckpt [38;5;241m=[39m [43mtorch[49m[38;5;241;43m.[39;49m[43mload[49m[43m([49m[38;5;28;43mself[39;49m[38;5;241;43m.[39;49m[43mmodel_path[49m[43m,[49m[43m [49m[43mmap_location[49m[38;5;241;43m=[39;49m[43mtorch[49m[38;5;241;43m.[39;49m[43mdevice[49m[43m([49m[38;5;124;43m"[39;49m[38;5;124;43mcpu[39;49m[38;5;124;43m"[39;49m[43m)[49m[43m)[49m
[1;32m     49[0m     scale_loss [38;5;241m=[39m [38;5;241m0.1[39m
[1;32m     50[0m     lambd [38;5;241m=[39m [38;5;241m3.9[39m

File [0;32m/usr/local/lib/python3.10/site-packages/torch/serialization.py:1529[0m, in [0;36mload[0;34m(f, map_location, pickle_module, weights_only, mmap, **pickle_load_args)[0m
[1;32m   1521[0m                 [38;5;28;01mreturn[39;00m _load(
[1;32m   1522[0m                     opened_zipfile,
[1;32m   1523[0m                     map_location,
[0;32m   (...)[0m
[1;32m   1526[0m                     [38;5;241m*[39m[38;5;241m*[39mpickle_load_args,
[1;32m   1527[0m                 )
[1;32m   1528[0m             [38;5;28;01mexcept[39;00m pickle[38;5;241m.[39mUnpicklingError [38;5;28;01mas[39;00m e:
[0;32m-> 1529[0m                 [38;5;28;01mraise[39;00m pickle[38;5;241m.[39mUnpicklingError(_get_wo_message([38;5;28mstr[39m(e))) [38;5;28;01mfrom[39;00m[38;5;250m [39m[38;5;28;01mNone[39;00m
[1;32m   1530[0m         [38;5;28;01mreturn[39;00m _load(
[1;32m   1531[0m             opened_zipfile,
[1;32m   1532[0m             map_location,
[0;32m   (...)[0m
[1;32m   1535[0m             [38;5;241m*[39m[38;5;241m*[39mpickle_load_args,
[1;32m   1536[0m         )
[1;32m   1537[0m [38;5;28;01mif[39;00m mmap:

[0;31mUnpicklingError[0m: Weights only load failed. This file can still be loaded, to do so you have two options, [1mdo those steps only if you trust the source of the checkpoint[0m. 
	(1) In PyTorch 2.6, we changed the default value of the `weights_only` argument in `torch.load` from `False` to `True`. Re-running `torch.load` with `weights_only` set to `False` will likely succeed, but it can result in arbitrary code execution. Do it only if you got the file from a trusted source.
	(2) Alternatively, to load with `weights_only=True` please check the recommended steps in the following error message.
	WeightsUnpickler error: Unsupported global: GLOBAL argparse.Namespace was not an allowed global by default. Please use `torch.serialization.add_safe_globals([argparse.Namespace])` or the `torch.serialization.safe_globals([argparse.Namespace])` context manager to allowlist this global if you trust this class/function.

Check the documentation of torch.load to learn more about types accepted by default with weights_only https://pytorch.org/docs/stable/generated/torch.load.html.
Uncaught exception in ZMQStream callback
Traceback (most recent call last):
  File "/usr/local/lib/python3.10/site-packages/zmq/eventloop/zmqstream.py", line 565, in _log_error
    f.result()
  File "/usr/local/lib/python3.10/site-packages/beaker_kernel/lib/jupyter_kernel_proxy.py", line 253, in handler
    new_data = await callback(self, other_stream, data)
  File "/usr/local/lib/python3.10/site-packages/beaker_kernel/lib/context.py", line 835, in handle_error
    raise ExecutionError(content["ename"], content["evalue"], content["traceback"])
beaker_kernel.lib.utils.ExecutionError: ('UnpicklingError', 'Weights only load failed. This file can still be loaded, to do so you have two options, \x1b[1mdo those steps only if you trust the source of the checkpoint\x1b[0m. \n\t(1) In PyTorch 2.6, we changed the default value of the `weights_only` argument in `torch.load` from `False` to `True`. Re-running `torch.load` with `weights_only` set to `False` will likely succeed, but it can result in arbitrary code execution. Do it only if you got the file from a trusted source.\n\t(2) Alternatively, to load with `weights_only=True` please check the recommended steps in the following error message.\n\tWeightsUnpickler error: Unsupported global: GLOBAL argparse.Namespace was not an allowed global by default. Please use `torch.serialization.add_safe_globals([argparse.Namespace])` or the `torch.serialization.safe_globals([argparse.Namespace])` context manager to allowlist this global if you trust this class/function.\n\nCheck the documentation of torch.load to learn more about types accepted by default with weights_only https://pytorch.org/docs/stable/generated/torch.load.html.', ['\x1b[0;31m---------------------------------------------------------------------------\x1b[0m', '\x1b[0;31mUnpicklingError\x1b[0m                           Traceback (most recent call last)', 'Cell \x1b[0;32mIn[4], line 2\x1b[0m\n\x1b[1;32m      1\x1b[0m \x1b[38;5;28;01mimport\x1b[39;00m\x1b[38;5;250m \x1b[39m\x1b[38;5;21;01mbdikit\x1b[39;00m\x1b[38;5;250m \x1b[39m\x1b[38;5;28;01mas\x1b[39;00m\x1b[38;5;250m \x1b[39m\x1b[38;5;21;01mbdi\x1b[39;00m\n\x1b[0;32m----> 2\x1b[0m top_matches \x1b[38;5;241m=\x1b[39m \x1b[43mbdi\x1b[49m\x1b[38;5;241;43m.\x1b[39;49m\x1b[43mtop_matches\x1b[49m\x1b[43m(\x1b[49m\x1b[43mdf_subset\x1b[49m\x1b[43m,\x1b[49m\x1b[43m \x1b[49m\x1b[43mcolumns\x1b[49m\x1b[38;5;241;43m=\x1b[39;49m\x1b[43m[\x1b[49m\x1b[38;5;124;43m"\x1b[39;49m\x1b[38;5;124;43mHistologic_Grade_FIGO\x1b[39;49m\x1b[38;5;124;43m"\x1b[39;49m\x1b[43m]\x1b[49m\x1b[43m,\x1b[49m\x1b[43m \x1b[49m\x1b[43mtarget\x1b[49m\x1b[38;5;241;43m=\x1b[39;49m\x1b[38;5;124;43m"\x1b[39;49m\x1b[38;5;124;43mgdc\x1b[39;49m\x1b[38;5;124;43m"\x1b[39;49m\x1b[43m)\x1b[49m\n\x1b[1;32m      3\x1b[0m top_matches\x1b[38;5;241m.\x1b[39mto_markdown()\n', 'File \x1b[0;32m/usr/local/lib/python3.10/site-packages/bdikit/api.py:133\x1b[0m, in \x1b[0;36mtop_matches\x1b[0;34m(source, columns, target, top_k, method, method_args)\x1b[0m\n\x1b[1;32m    131\x1b[0m     \x1b[38;5;28;01mif\x1b[39;00m method_args \x1b[38;5;129;01mis\x1b[39;00m \x1b[38;5;28;01mNone\x1b[39;00m:\n\x1b[1;32m    132\x1b[0m         method_args \x1b[38;5;241m=\x1b[39m {}\n\x1b[0;32m--> 133\x1b[0m     topk_matcher \x1b[38;5;241m=\x1b[39m \x1b[43mTopkMatchers\x1b[49m\x1b[38;5;241;43m.\x1b[39;49m\x1b[43mget_matcher\x1b[49m\x1b[43m(\x1b[49m\x1b[43mmethod\x1b[49m\x1b[43m,\x1b[49m\x1b[43m \x1b[49m\x1b[38;5;241;43m*\x1b[39;49m\x1b[38;5;241;43m*\x1b[39;49m\x1b[43mmethod_args\x1b[49m\x1b[43m)\x1b[49m\n\x1b[1;32m    134\x1b[0m \x1b[38;5;28;01melif\x1b[39;00m \x1b[38;5;28misinstance\x1b[39m(method, BaseTopkSchemaMatcher):\n\x1b[1;32m    135\x1b[0m     topk_matcher \x1b[38;5;241m=\x1b[39m method\n', 'File \x1b[0;32m/usr/local/lib/python3.10/site-packages/bdikit/schema_matching/topk/matcher_factory.py:31\x1b[0m, in \x1b[0;36mTopkMatchers.get_matcher\x1b[0;34m(matcher_name, **matcher_kwargs)\x1b[0m\n\x1b[1;32m     28\x1b[0m module_path, class_name \x1b[38;5;241m=\x1b[39m matchers[matcher_name]\x1b[38;5;241m.\x1b[39mrsplit(\x1b[38;5;124m"\x1b[39m\x1b[38;5;124m.\x1b[39m\x1b[38;5;124m"\x1b[39m, \x1b[38;5;241m1\x1b[39m)\n\x1b[1;32m     29\x1b[0m module \x1b[38;5;241m=\x1b[39m importlib\x1b[38;5;241m.\x1b[39mimport_module(module_path)\n\x1b[0;32m---> 31\x1b[0m \x1b[38;5;28;01mreturn\x1b[39;00m \x1b[38;5;28;43mgetattr\x1b[39;49m\x1b[43m(\x1b[49m\x1b[43mmodule\x1b[49m\x1b[43m,\x1b[49m\x1b[43m \x1b[49m\x1b[43mclass_name\x1b[49m\x1b[43m)\x1b[49m\x1b[43m(\x1b[49m\x1b[38;5;241;43m*\x1b[39;49m\x1b[38;5;241;43m*\x1b[39;49m\x1b[43mmatcher_kwargs\x1b[49m\x1b[43m)\x1b[49m\n', 'File \x1b[0;32m/usr/local/lib/python3.10/site-packages/bdikit/schema_matching/topk/contrastivelearning.py:60\x1b[0m, in \x1b[0;36mCLTopkSchemaMatcher.__init__\x1b[0;34m(self, model_name, metric)\x1b[0m\n\x1b[1;32m     58\x1b[0m \x1b[38;5;28;01mdef\x1b[39;00m\x1b[38;5;250m \x1b[39m\x1b[38;5;21m__init__\x1b[39m(\x1b[38;5;28mself\x1b[39m, model_name: \x1b[38;5;28mstr\x1b[39m \x1b[38;5;241m=\x1b[39m DEFAULT_CL_MODEL, metric: \x1b[38;5;28mstr\x1b[39m \x1b[38;5;241m=\x1b[39m \x1b[38;5;124m"\x1b[39m\x1b[38;5;124mcosine\x1b[39m\x1b[38;5;124m"\x1b[39m):\n\x1b[1;32m     59\x1b[0m     \x1b[38;5;28msuper\x1b[39m()\x1b[38;5;241m.\x1b[39m\x1b[38;5;21m__init__\x1b[39m(\n\x1b[0;32m---> 60\x1b[0m         column_embedder\x1b[38;5;241m=\x1b[39m\x1b[43mContrastiveLearningAPI\x1b[49m\x1b[43m(\x1b[49m\x1b[43mmodel_name\x1b[49m\x1b[38;5;241;43m=\x1b[39;49m\x1b[43mmodel_name\x1b[49m\x1b[43m)\x1b[49m, metric\x1b[38;5;241m=\x1b[39mmetric\n\x1b[1;32m     61\x1b[0m     )\n', 'File \x1b[0;32m/usr/local/lib/python3.10/site-packages/bdikit/models/contrastive_learning/cl_api.py:45\x1b[0m, in \x1b[0;36mContrastiveLearningAPI.__init__\x1b[0;34m(self, model_path, model_name, batch_size)\x1b[0m\n\x1b[1;32m     43\x1b[0m \x1b[38;5;28mself\x1b[39m\x1b[38;5;241m.\x1b[39mbatch_size \x1b[38;5;241m=\x1b[39m batch_size\n\x1b[1;32m     44\x1b[0m \x1b[38;5;28mself\x1b[39m\x1b[38;5;241m.\x1b[39mdevice \x1b[38;5;241m=\x1b[39m get_device()\n\x1b[0;32m---> 45\x1b[0m \x1b[38;5;28mself\x1b[39m\x1b[38;5;241m.\x1b[39mmodel \x1b[38;5;241m=\x1b[39m \x1b[38;5;28;43mself\x1b[39;49m\x1b[38;5;241;43m.\x1b[39;49m\x1b[43mload_checkpoint\x1b[49m\x1b[43m(\x1b[49m\x1b[43m)\x1b[49m\n', 'File \x1b[0;32m/usr/local/lib/python3.10/site-packages/bdikit/models/contrastive_learning/cl_api.py:48\x1b[0m, in \x1b[0;36mContrastiveLearningAPI.load_checkpoint\x1b[0;34m(self, lm)\x1b[0m\n\x1b[1;32m     47\x1b[0m \x1b[38;5;28;01mdef\x1b[39;00m\x1b[38;5;250m \x1b[39m\x1b[38;5;21mload_checkpoint\x1b[39m(\x1b[38;5;28mself\x1b[39m, lm: \x1b[38;5;28mstr\x1b[39m \x1b[38;5;241m=\x1b[39m \x1b[38;5;124m"\x1b[39m\x1b[38;5;124mroberta\x1b[39m\x1b[38;5;124m"\x1b[39m):\n\x1b[0;32m---> 48\x1b[0m     ckpt \x1b[38;5;241m=\x1b[39m \x1b[43mtorch\x1b[49m\x1b[38;5;241;43m.\x1b[39;49m\x1b[43mload\x1b[49m\x1b[43m(\x1b[49m\x1b[38;5;28;43mself\x1b[39;49m\x1b[38;5;241;43m.\x1b[39;49m\x1b[43mmodel_path\x1b[49m\x1b[43m,\x1b[49m\x1b[43m \x1b[49m\x1b[43mmap_location\x1b[49m\x1b[38;5;241;43m=\x1b[39;49m\x1b[43mtorch\x1b[49m\x1b[38;5;241;43m.\x1b[39;49m\x1b[43mdevice\x1b[49m\x1b[43m(\x1b[49m\x1b[38;5;124;43m"\x1b[39;49m\x1b[38;5;124;43mcpu\x1b[39;49m\x1b[38;5;124;43m"\x1b[39;49m\x1b[43m)\x1b[49m\x1b[43m)\x1b[49m\n\x1b[1;32m     49\x1b[0m     scale_loss \x1b[38;5;241m=\x1b[39m \x1b[38;5;241m0.1\x1b[39m\n\x1b[1;32m     50\x1b[0m     lambd \x1b[38;5;241m=\x1b[39m \x1b[38;5;241m3.9\x1b[39m\n', 'File \x1b[0;32m/usr/local/lib/python3.10/site-packages/torch/serialization.py:1529\x1b[0m, in \x1b[0;36mload\x1b[0;34m(f, map_location, pickle_module, weights_only, mmap, **pickle_load_args)\x1b[0m\n\x1b[1;32m   1521\x1b[0m                 \x1b[38;5;28;01mreturn\x1b[39;00m _load(\n\x1b[1;32m   1522\x1b[0m                     opened_zipfile,\n\x1b[1;32m   1523\x1b[0m                     map_location,\n\x1b[0;32m   (...)\x1b[0m\n\x1b[1;32m   1526\x1b[0m                     \x1b[38;5;241m*\x1b[39m\x1b[38;5;241m*\x1b[39mpickle_load_args,\n\x1b[1;32m   1527\x1b[0m                 )\n\x1b[1;32m   1528\x1b[0m             \x1b[38;5;28;01mexcept\x1b[39;00m pickle\x1b[38;5;241m.\x1b[39mUnpicklingError \x1b[38;5;28;01mas\x1b[39;00m e:\n\x1b[0;32m-> 1529\x1b[0m                 \x1b[38;5;28;01mraise\x1b[39;00m pickle\x1b[38;5;241m.\x1b[39mUnpicklingError(_get_wo_message(\x1b[38;5;28mstr\x1b[39m(e))) \x1b[38;5;28;01mfrom\x1b[39;00m\x1b[38;5;250m \x1b[39m\x1b[38;5;28;01mNone\x1b[39;00m\n\x1b[1;32m   1530\x1b[0m         \x1b[38;5;28;01mreturn\x1b[39;00m _load(\n\x1b[1;32m   1531\x1b[0m             opened_zipfile,\n\x1b[1;32m   1532\x1b[0m             map_location,\n\x1b[0;32m   (...)\x1b[0m\n\x1b[1;32m   1535\x1b[0m             \x1b[38;5;241m*\x1b[39m\x1b[38;5;241m*\x1b[39mpickle_load_args,\n\x1b[1;32m   1536\x1b[0m         )\n\x1b[1;32m   1537\x1b[0m \x1b[38;5;28;01mif\x1b[39;00m mmap:\n', '\x1b[0;31mUnpicklingError\x1b[0m: Weights only load failed. This file can still be loaded, to do so you have two options, \x1b[1mdo those steps only if you trust the source of the checkpoint\x1b[0m. \n\t(1) In PyTorch 2.6, we changed the default value of the `weights_only` argument in `torch.load` from `False` to `True`. Re-running `torch.load` with `weights_only` set to `False` will likely succeed, but it can result in arbitrary code execution. Do it only if you got the file from a trusted source.\n\t(2) Alternatively, to load with `weights_only=True` please check the recommended steps in the following error message.\n\tWeightsUnpickler error: Unsupported global: GLOBAL argparse.Namespace was not an allowed global by default. Please use `torch.serialization.add_safe_globals([argparse.Namespace])` or the `torch.serialization.safe_globals([argparse.Namespace])` context manager to allowlist this global if you trust this class/function.\n\nCheck the documentation of torch.load to learn more about types accepted by default with weights_only https://pytorch.org/docs/stable/generated/torch.load.html.'])
Error: UnpicklingError Weights only load failed. This file can still be loaded, to do so you have two options, [1mdo those steps only if you trust the source of the checkpoint[0m. 
	(1) In PyTorch 2.6, we changed the default value of the `weights_only` argument in `torch.load` from `False` to `True`. Re-running `torch.load` with `weights_only` set to `False` will likely succeed, but it can result in arbitrary code execution. Do it only if you got the file from a trusted source.
	(2) Alternatively, to load with `weights_only=True` please check the recommended steps in the following error message.
	WeightsUnpickler error: Unsupported global: GLOBAL argparse.Namespace was not an allowed global by default. Please use `torch.serialization.add_safe_globals([argparse.Namespace])` or the `torch.serialization.safe_globals([argparse.Namespace])` context manager to allowlist this global if you trust this class/function.

Check the documentation of torch.load to learn more about types accepted by default with weights_only https://pytorch.org/docs/stable/generated/torch.load.html.
Traceback:
[0;31m---------------------------------------------------------------------------[0m
[0;31mUnpicklingError[0m                           Traceback (most recent call last)
Cell [0;32mIn[4], line 2[0m
[1;32m      1[0m [38;5;28;01mimport[39;00m[38;5;250m [39m[38;5;21;01mbdikit[39;00m[38;5;250m [39m[38;5;28;01mas[39;00m[38;5;250m [39m[38;5;21;01mbdi[39;00m
[0;32m----> 2[0m column_mappings [38;5;241m=[39m [43mbdi[49m[38;5;241;43m.[39;49m[43mmatch_schema[49m[43m([49m[43mdf_subset[49m[43m,[49m[43m [49m[43mtarget[49m[38;5;241;43m=[39;49m[38;5;124;43m"[39;49m[38;5;124;43mgdc[39;49m[38;5;124;43m"[39;49m[43m,[49m[43m [49m[43mmethod[49m[38;5;241;43m=[39;49m[38;5;124;43m"[39;49m[38;5;124;43mct_learning[39;49m[38;5;124;43m"[39;49m[43m)[49m
[1;32m      3[0m column_mappings[38;5;241m.[39mto_markdown()

File [0;32m/usr/local/lib/python3.10/site-packages/bdikit/api.py:75[0m, in [0;36mmatch_schema[0;34m(source, target, method, method_args)[0m
[1;32m     73[0m     [38;5;28;01mif[39;00m method_args [38;5;129;01mis[39;00m [38;5;28;01mNone[39;00m:
[1;32m     74[0m         method_args [38;5;241m=[39m {}
[0;32m---> 75[0m     matcher_instance [38;5;241m=[39m [43mSchemaMatchers[49m[38;5;241;43m.[39;49m[43mget_matcher[49m[43m([49m[43mmethod[49m[43m,[49m[43m [49m[38;5;241;43m*[39;49m[38;5;241;43m*[39;49m[43mmethod_args[49m[43m)[49m
[1;32m     76[0m [38;5;28;01melif[39;00m [38;5;28misinstance[39m(method, BaseSchemaMatcher):
[1;32m     77[0m     matcher_instance [38;5;241m=[39m method

File [0;32m/usr/local/lib/python3.10/site-packages/bdikit/schema_matching/one2one/matcher_factory.py:60[0m, in [0;36mSchemaMatchers.get_matcher[0;34m(matcher_name, **matcher_kwargs)[0m
[1;32m     57[0m module_path, class_name [38;5;241m=[39m matchers[matcher_name][38;5;241m.[39mrsplit([38;5;124m"[39m[38;5;124m.[39m[38;5;124m"[39m, [38;5;241m1[39m)
[1;32m     58[0m module [38;5;241m=[39m importlib[38;5;241m.[39mimport_module(module_path)
[0;32m---> 60[0m [38;5;28;01mreturn[39;00m [38;5;28;43mgetattr[39;49m[43m([49m[43mmodule[49m[43m,[49m[43m [49m[43mclass_name[49m[43m)[49m[43m([49m[38;5;241;43m*[39;49m[38;5;241;43m*[39;49m[43mmatcher_kwargs[49m[43m)[49m

File [0;32m/usr/local/lib/python3.10/site-packages/bdikit/schema_matching/one2one/contrastivelearning.py:9[0m, in [0;36mContrastiveLearningSchemaMatcher.__init__[0;34m(self, model_name)[0m
[1;32m      8[0m [38;5;28;01mdef[39;00m[38;5;250m [39m[38;5;21m__init__[39m([38;5;28mself[39m, model_name: [38;5;28mstr[39m [38;5;241m=[39m DEFAULT_CL_MODEL):
[0;32m----> 9[0m     [38;5;28mself[39m[38;5;241m.[39mtopk_matcher [38;5;241m=[39m [43mCLTopkSchemaMatcher[49m[43m([49m[43mmodel_name[49m[38;5;241;43m=[39;49m[43mmodel_name[49m[43m)[49m

File [0;32m/usr/local/lib/python3.10/site-packages/bdikit/schema_matching/topk/contrastivelearning.py:60[0m, in [0;36mCLTopkSchemaMatcher.__init__[0;34m(self, model_name, metric)[0m
[1;32m     58[0m [38;5;28;01mdef[39;00m[38;5;250m [39m[38;5;21m__init__[39m([38;5;28mself[39m, model_name: [38;5;28mstr[39m [38;5;241m=[39m DEFAULT_CL_MODEL, metric: [38;5;28mstr[39m [38;5;241m=[39m [38;5;124m"[39m[38;5;124mcosine[39m[38;5;124m"[39m):
[1;32m     59[0m     [38;5;28msuper[39m()[38;5;241m.[39m[38;5;21m__init__[39m(
[0;32m---> 60[0m         column_embedder[38;5;241m=[39m[43mContrastiveLearningAPI[49m[43m([49m[43mmodel_name[49m[38;5;241;43m=[39;49m[43mmodel_name[49m[43m)[49m, metric[38;5;241m=[39mmetric
[1;32m     61[0m     )

File [0;32m/usr/local/lib/python3.10/site-packages/bdikit/models/contrastive_learning/cl_api.py:45[0m, in [0;36mContrastiveLearningAPI.__init__[0;34m(self, model_path, model_name, batch_size)[0m
[1;32m     43[0m [38;5;28mself[39m[38;5;241m.[39mbatch_size [38;5;241m=[39m batch_size
[1;32m     44[0m [38;5;28mself[39m[38;5;241m.[39mdevice [38;5;241m=[39m get_device()
[0;32m---> 45[0m [38;5;28mself[39m[38;5;241m.[39mmodel [38;5;241m=[39m [38;5;28;43mself[39;49m[38;5;241;43m.[39;49m[43mload_checkpoint[49m[43m([49m[43m)[49m

File [0;32m/usr/local/lib/python3.10/site-packages/bdikit/models/contrastive_learning/cl_api.py:48[0m, in [0;36mContrastiveLearningAPI.load_checkpoint[0;34m(self, lm)[0m
[1;32m     47[0m [38;5;28;01mdef[39;00m[38;5;250m [39m[38;5;21mload_checkpoint[39m([38;5;28mself[39m, lm: [38;5;28mstr[39m [38;5;241m=[39m [38;5;124m"[39m[38;5;124mroberta[39m[38;5;124m"[39m):
[0;32m---> 48[0m     ckpt [38;5;241m=[39m [43mtorch[49m[38;5;241;43m.[39;49m[43mload[49m[43m([49m[38;5;28;43mself[39;49m[38;5;241;43m.[39;49m[43mmodel_path[49m[43m,[49m[43m [49m[43mmap_location[49m[38;5;241;43m=[39;49m[43mtorch[49m[38;5;241;43m.[39;49m[43mdevice[49m[43m([49m[38;5;124;43m"[39;49m[38;5;124;43mcpu[39;49m[38;5;124;43m"[39;49m[43m)[49m[43m)[49m
[1;32m     49[0m     scale_loss [38;5;241m=[39m [38;5;241m0.1[39m
[1;32m     50[0m     lambd [38;5;241m=[39m [38;5;241m3.9[39m

File [0;32m/usr/local/lib/python3.10/site-packages/torch/serialization.py:1529[0m, in [0;36mload[0;34m(f, map_location, pickle_module, weights_only, mmap, **pickle_load_args)[0m
[1;32m   1521[0m                 [38;5;28;01mreturn[39;00m _load(
[1;32m   1522[0m                     opened_zipfile,
[1;32m   1523[0m                     map_location,
[0;32m   (...)[0m
[1;32m   1526[0m                     [38;5;241m*[39m[38;5;241m*[39mpickle_load_args,
[1;32m   1527[0m                 )
[1;32m   1528[0m             [38;5;28;01mexcept[39;00m pickle[38;5;241m.[39mUnpicklingError [38;5;28;01mas[39;00m e:
[0;32m-> 1529[0m                 [38;5;28;01mraise[39;00m pickle[38;5;241m.[39mUnpicklingError(_get_wo_message([38;5;28mstr[39m(e))) [38;5;28;01mfrom[39;00m[38;5;250m [39m[38;5;28;01mNone[39;00m
[1;32m   1530[0m         [38;5;28;01mreturn[39;00m _load(
[1;32m   1531[0m             opened_zipfile,
[1;32m   1532[0m             map_location,
[0;32m   (...)[0m
[1;32m   1535[0m             [38;5;241m*[39m[38;5;241m*[39mpickle_load_args,
[1;32m   1536[0m         )
[1;32m   1537[0m [38;5;28;01mif[39;00m mmap:

[0;31mUnpicklingError[0m: Weights only load failed. This file can still be loaded, to do so you have two options, [1mdo those steps only if you trust the source of the checkpoint[0m. 
	(1) In PyTorch 2.6, we changed the default value of the `weights_only` argument in `torch.load` from `False` to `True`. Re-running `torch.load` with `weights_only` set to `False` will likely succeed, but it can result in arbitrary code execution. Do it only if you got the file from a trusted source.
	(2) Alternatively, to load with `weights_only=True` please check the recommended steps in the following error message.
	WeightsUnpickler error: Unsupported global: GLOBAL argparse.Namespace was not an allowed global by default. Please use `torch.serialization.add_safe_globals([argparse.Namespace])` or the `torch.serialization.safe_globals([argparse.Namespace])` context manager to allowlist this global if you trust this class/function.

Check the documentation of torch.load to learn more about types accepted by default with weights_only https://pytorch.org/docs/stable/generated/torch.load.html.
Uncaught exception in ZMQStream callback
Traceback (most recent call last):
  File "/usr/local/lib/python3.10/site-packages/zmq/eventloop/zmqstream.py", line 565, in _log_error
    f.result()
  File "/usr/local/lib/python3.10/site-packages/beaker_kernel/lib/jupyter_kernel_proxy.py", line 253, in handler
    new_data = await callback(self, other_stream, data)
  File "/usr/local/lib/python3.10/site-packages/beaker_kernel/lib/context.py", line 835, in handle_error
    raise ExecutionError(content["ename"], content["evalue"], content["traceback"])
beaker_kernel.lib.utils.ExecutionError: ('UnpicklingError', 'Weights only load failed. This file can still be loaded, to do so you have two options, \x1b[1mdo those steps only if you trust the source of the checkpoint\x1b[0m. \n\t(1) In PyTorch 2.6, we changed the default value of the `weights_only` argument in `torch.load` from `False` to `True`. Re-running `torch.load` with `weights_only` set to `False` will likely succeed, but it can result in arbitrary code execution. Do it only if you got the file from a trusted source.\n\t(2) Alternatively, to load with `weights_only=True` please check the recommended steps in the following error message.\n\tWeightsUnpickler error: Unsupported global: GLOBAL argparse.Namespace was not an allowed global by default. Please use `torch.serialization.add_safe_globals([argparse.Namespace])` or the `torch.serialization.safe_globals([argparse.Namespace])` context manager to allowlist this global if you trust this class/function.\n\nCheck the documentation of torch.load to learn more about types accepted by default with weights_only https://pytorch.org/docs/stable/generated/torch.load.html.', ['\x1b[0;31m---------------------------------------------------------------------------\x1b[0m', '\x1b[0;31mUnpicklingError\x1b[0m                           Traceback (most recent call last)', 'Cell \x1b[0;32mIn[4], line 2\x1b[0m\n\x1b[1;32m      1\x1b[0m \x1b[38;5;28;01mimport\x1b[39;00m\x1b[38;5;250m \x1b[39m\x1b[38;5;21;01mbdikit\x1b[39;00m\x1b[38;5;250m \x1b[39m\x1b[38;5;28;01mas\x1b[39;00m\x1b[38;5;250m \x1b[39m\x1b[38;5;21;01mbdi\x1b[39;00m\n\x1b[0;32m----> 2\x1b[0m column_mappings \x1b[38;5;241m=\x1b[39m \x1b[43mbdi\x1b[49m\x1b[38;5;241;43m.\x1b[39;49m\x1b[43mmatch_schema\x1b[49m\x1b[43m(\x1b[49m\x1b[43mdf_subset\x1b[49m\x1b[43m,\x1b[49m\x1b[43m \x1b[49m\x1b[43mtarget\x1b[49m\x1b[38;5;241;43m=\x1b[39;49m\x1b[38;5;124;43m"\x1b[39;49m\x1b[38;5;124;43mgdc\x1b[39;49m\x1b[38;5;124;43m"\x1b[39;49m\x1b[43m,\x1b[49m\x1b[43m \x1b[49m\x1b[43mmethod\x1b[49m\x1b[38;5;241;43m=\x1b[39;49m\x1b[38;5;124;43m"\x1b[39;49m\x1b[38;5;124;43mct_learning\x1b[39;49m\x1b[38;5;124;43m"\x1b[39;49m\x1b[43m)\x1b[49m\n\x1b[1;32m      3\x1b[0m column_mappings\x1b[38;5;241m.\x1b[39mto_markdown()\n', 'File \x1b[0;32m/usr/local/lib/python3.10/site-packages/bdikit/api.py:75\x1b[0m, in \x1b[0;36mmatch_schema\x1b[0;34m(source, target, method, method_args)\x1b[0m\n\x1b[1;32m     73\x1b[0m     \x1b[38;5;28;01mif\x1b[39;00m method_args \x1b[38;5;129;01mis\x1b[39;00m \x1b[38;5;28;01mNone\x1b[39;00m:\n\x1b[1;32m     74\x1b[0m         method_args \x1b[38;5;241m=\x1b[39m {}\n\x1b[0;32m---> 75\x1b[0m     matcher_instance \x1b[38;5;241m=\x1b[39m \x1b[43mSchemaMatchers\x1b[49m\x1b[38;5;241;43m.\x1b[39;49m\x1b[43mget_matcher\x1b[49m\x1b[43m(\x1b[49m\x1b[43mmethod\x1b[49m\x1b[43m,\x1b[49m\x1b[43m \x1b[49m\x1b[38;5;241;43m*\x1b[39;49m\x1b[38;5;241;43m*\x1b[39;49m\x1b[43mmethod_args\x1b[49m\x1b[43m)\x1b[49m\n\x1b[1;32m     76\x1b[0m \x1b[38;5;28;01melif\x1b[39;00m \x1b[38;5;28misinstance\x1b[39m(method, BaseSchemaMatcher):\n\x1b[1;32m     77\x1b[0m     matcher_instance \x1b[38;5;241m=\x1b[39m method\n', 'File \x1b[0;32m/usr/local/lib/python3.10/site-packages/bdikit/schema_matching/one2one/matcher_factory.py:60\x1b[0m, in \x1b[0;36mSchemaMatchers.get_matcher\x1b[0;34m(matcher_name, **matcher_kwargs)\x1b[0m\n\x1b[1;32m     57\x1b[0m module_path, class_name \x1b[38;5;241m=\x1b[39m matchers[matcher_name]\x1b[38;5;241m.\x1b[39mrsplit(\x1b[38;5;124m"\x1b[39m\x1b[38;5;124m.\x1b[39m\x1b[38;5;124m"\x1b[39m, \x1b[38;5;241m1\x1b[39m)\n\x1b[1;32m     58\x1b[0m module \x1b[38;5;241m=\x1b[39m importlib\x1b[38;5;241m.\x1b[39mimport_module(module_path)\n\x1b[0;32m---> 60\x1b[0m \x1b[38;5;28;01mreturn\x1b[39;00m \x1b[38;5;28;43mgetattr\x1b[39;49m\x1b[43m(\x1b[49m\x1b[43mmodule\x1b[49m\x1b[43m,\x1b[49m\x1b[43m \x1b[49m\x1b[43mclass_name\x1b[49m\x1b[43m)\x1b[49m\x1b[43m(\x1b[49m\x1b[38;5;241;43m*\x1b[39;49m\x1b[38;5;241;43m*\x1b[39;49m\x1b[43mmatcher_kwargs\x1b[49m\x1b[43m)\x1b[49m\n', 'File \x1b[0;32m/usr/local/lib/python3.10/site-packages/bdikit/schema_matching/one2one/contrastivelearning.py:9\x1b[0m, in \x1b[0;36mContrastiveLearningSchemaMatcher.__init__\x1b[0;34m(self, model_name)\x1b[0m\n\x1b[1;32m      8\x1b[0m \x1b[38;5;28;01mdef\x1b[39;00m\x1b[38;5;250m \x1b[39m\x1b[38;5;21m__init__\x1b[39m(\x1b[38;5;28mself\x1b[39m, model_name: \x1b[38;5;28mstr\x1b[39m \x1b[38;5;241m=\x1b[39m DEFAULT_CL_MODEL):\n\x1b[0;32m----> 9\x1b[0m     \x1b[38;5;28mself\x1b[39m\x1b[38;5;241m.\x1b[39mtopk_matcher \x1b[38;5;241m=\x1b[39m \x1b[43mCLTopkSchemaMatcher\x1b[49m\x1b[43m(\x1b[49m\x1b[43mmodel_name\x1b[49m\x1b[38;5;241;43m=\x1b[39;49m\x1b[43mmodel_name\x1b[49m\x1b[43m)\x1b[49m\n', 'File \x1b[0;32m/usr/local/lib/python3.10/site-packages/bdikit/schema_matching/topk/contrastivelearning.py:60\x1b[0m, in \x1b[0;36mCLTopkSchemaMatcher.__init__\x1b[0;34m(self, model_name, metric)\x1b[0m\n\x1b[1;32m     58\x1b[0m \x1b[38;5;28;01mdef\x1b[39;00m\x1b[38;5;250m \x1b[39m\x1b[38;5;21m__init__\x1b[39m(\x1b[38;5;28mself\x1b[39m, model_name: \x1b[38;5;28mstr\x1b[39m \x1b[38;5;241m=\x1b[39m DEFAULT_CL_MODEL, metric: \x1b[38;5;28mstr\x1b[39m \x1b[38;5;241m=\x1b[39m \x1b[38;5;124m"\x1b[39m\x1b[38;5;124mcosine\x1b[39m\x1b[38;5;124m"\x1b[39m):\n\x1b[1;32m     59\x1b[0m     \x1b[38;5;28msuper\x1b[39m()\x1b[38;5;241m.\x1b[39m\x1b[38;5;21m__init__\x1b[39m(\n\x1b[0;32m---> 60\x1b[0m         column_embedder\x1b[38;5;241m=\x1b[39m\x1b[43mContrastiveLearningAPI\x1b[49m\x1b[43m(\x1b[49m\x1b[43mmodel_name\x1b[49m\x1b[38;5;241;43m=\x1b[39;49m\x1b[43mmodel_name\x1b[49m\x1b[43m)\x1b[49m, metric\x1b[38;5;241m=\x1b[39mmetric\n\x1b[1;32m     61\x1b[0m     )\n', 'File \x1b[0;32m/usr/local/lib/python3.10/site-packages/bdikit/models/contrastive_learning/cl_api.py:45\x1b[0m, in \x1b[0;36mContrastiveLearningAPI.__init__\x1b[0;34m(self, model_path, model_name, batch_size)\x1b[0m\n\x1b[1;32m     43\x1b[0m \x1b[38;5;28mself\x1b[39m\x1b[38;5;241m.\x1b[39mbatch_size \x1b[38;5;241m=\x1b[39m batch_size\n\x1b[1;32m     44\x1b[0m \x1b[38;5;28mself\x1b[39m\x1b[38;5;241m.\x1b[39mdevice \x1b[38;5;241m=\x1b[39m get_device()\n\x1b[0;32m---> 45\x1b[0m \x1b[38;5;28mself\x1b[39m\x1b[38;5;241m.\x1b[39mmodel \x1b[38;5;241m=\x1b[39m \x1b[38;5;28;43mself\x1b[39;49m\x1b[38;5;241;43m.\x1b[39;49m\x1b[43mload_checkpoint\x1b[49m\x1b[43m(\x1b[49m\x1b[43m)\x1b[49m\n', 'File \x1b[0;32m/usr/local/lib/python3.10/site-packages/bdikit/models/contrastive_learning/cl_api.py:48\x1b[0m, in \x1b[0;36mContrastiveLearningAPI.load_checkpoint\x1b[0;34m(self, lm)\x1b[0m\n\x1b[1;32m     47\x1b[0m \x1b[38;5;28;01mdef\x1b[39;00m\x1b[38;5;250m \x1b[39m\x1b[38;5;21mload_checkpoint\x1b[39m(\x1b[38;5;28mself\x1b[39m, lm: \x1b[38;5;28mstr\x1b[39m \x1b[38;5;241m=\x1b[39m \x1b[38;5;124m"\x1b[39m\x1b[38;5;124mroberta\x1b[39m\x1b[38;5;124m"\x1b[39m):\n\x1b[0;32m---> 48\x1b[0m     ckpt \x1b[38;5;241m=\x1b[39m \x1b[43mtorch\x1b[49m\x1b[38;5;241;43m.\x1b[39;49m\x1b[43mload\x1b[49m\x1b[43m(\x1b[49m\x1b[38;5;28;43mself\x1b[39;49m\x1b[38;5;241;43m.\x1b[39;49m\x1b[43mmodel_path\x1b[49m\x1b[43m,\x1b[49m\x1b[43m \x1b[49m\x1b[43mmap_location\x1b[49m\x1b[38;5;241;43m=\x1b[39;49m\x1b[43mtorch\x1b[49m\x1b[38;5;241;43m.\x1b[39;49m\x1b[43mdevice\x1b[49m\x1b[43m(\x1b[49m\x1b[38;5;124;43m"\x1b[39;49m\x1b[38;5;124;43mcpu\x1b[39;49m\x1b[38;5;124;43m"\x1b[39;49m\x1b[43m)\x1b[49m\x1b[43m)\x1b[49m\n\x1b[1;32m     49\x1b[0m     scale_loss \x1b[38;5;241m=\x1b[39m \x1b[38;5;241m0.1\x1b[39m\n\x1b[1;32m     50\x1b[0m     lambd \x1b[38;5;241m=\x1b[39m \x1b[38;5;241m3.9\x1b[39m\n', 'File \x1b[0;32m/usr/local/lib/python3.10/site-packages/torch/serialization.py:1529\x1b[0m, in \x1b[0;36mload\x1b[0;34m(f, map_location, pickle_module, weights_only, mmap, **pickle_load_args)\x1b[0m\n\x1b[1;32m   1521\x1b[0m                 \x1b[38;5;28;01mreturn\x1b[39;00m _load(\n\x1b[1;32m   1522\x1b[0m                     opened_zipfile,\n\x1b[1;32m   1523\x1b[0m                     map_location,\n\x1b[0;32m   (...)\x1b[0m\n\x1b[1;32m   1526\x1b[0m                     \x1b[38;5;241m*\x1b[39m\x1b[38;5;241m*\x1b[39mpickle_load_args,\n\x1b[1;32m   1527\x1b[0m                 )\n\x1b[1;32m   1528\x1b[0m             \x1b[38;5;28;01mexcept\x1b[39;00m pickle\x1b[38;5;241m.\x1b[39mUnpicklingError \x1b[38;5;28;01mas\x1b[39;00m e:\n\x1b[0;32m-> 1529\x1b[0m                 \x1b[38;5;28;01mraise\x1b[39;00m pickle\x1b[38;5;241m.\x1b[39mUnpicklingError(_get_wo_message(\x1b[38;5;28mstr\x1b[39m(e))) \x1b[38;5;28;01mfrom\x1b[39;00m\x1b[38;5;250m \x1b[39m\x1b[38;5;28;01mNone\x1b[39;00m\n\x1b[1;32m   1530\x1b[0m         \x1b[38;5;28;01mreturn\x1b[39;00m _load(\n\x1b[1;32m   1531\x1b[0m             opened_zipfile,\n\x1b[1;32m   1532\x1b[0m             map_location,\n\x1b[0;32m   (...)\x1b[0m\n\x1b[1;32m   1535\x1b[0m             \x1b[38;5;241m*\x1b[39m\x1b[38;5;241m*\x1b[39mpickle_load_args,\n\x1b[1;32m   1536\x1b[0m         )\n\x1b[1;32m   1537\x1b[0m \x1b[38;5;28;01mif\x1b[39;00m mmap:\n', '\x1b[0;31mUnpicklingError\x1b[0m: Weights only load failed. This file can still be loaded, to do so you have two options, \x1b[1mdo those steps only if you trust the source of the checkpoint\x1b[0m. \n\t(1) In PyTorch 2.6, we changed the default value of the `weights_only` argument in `torch.load` from `False` to `True`. Re-running `torch.load` with `weights_only` set to `False` will likely succeed, but it can result in arbitrary code execution. Do it only if you got the file from a trusted source.\n\t(2) Alternatively, to load with `weights_only=True` please check the recommended steps in the following error message.\n\tWeightsUnpickler error: Unsupported global: GLOBAL argparse.Namespace was not an allowed global by default. Please use `torch.serialization.add_safe_globals([argparse.Namespace])` or the `torch.serialization.safe_globals([argparse.Namespace])` context manager to allowlist this global if you trust this class/function.\n\nCheck the documentation of torch.load to learn more about types accepted by default with weights_only https://pytorch.org/docs/stable/generated/torch.load.html.'])
Error: UnpicklingError Weights only load failed. This file can still be loaded, to do so you have two options, [1mdo those steps only if you trust the source of the checkpoint[0m. 
	(1) In PyTorch 2.6, we changed the default value of the `weights_only` argument in `torch.load` from `False` to `True`. Re-running `torch.load` with `weights_only` set to `False` will likely succeed, but it can result in arbitrary code execution. Do it only if you got the file from a trusted source.
	(2) Alternatively, to load with `weights_only=True` please check the recommended steps in the following error message.
	WeightsUnpickler error: Unsupported global: GLOBAL argparse.Namespace was not an allowed global by default. Please use `torch.serialization.add_safe_globals([argparse.Namespace])` or the `torch.serialization.safe_globals([argparse.Namespace])` context manager to allowlist this global if you trust this class/function.

Check the documentation of torch.load to learn more about types accepted by default with weights_only https://pytorch.org/docs/stable/generated/torch.load.html.
Traceback:
[0;31m---------------------------------------------------------------------------[0m
[0;31mUnpicklingError[0m                           Traceback (most recent call last)
Cell [0;32mIn[4], line 2[0m
[1;32m      1[0m [38;5;28;01mimport[39;00m[38;5;250m [39m[38;5;21;01mbdikit[39;00m[38;5;250m [39m[38;5;28;01mas[39;00m[38;5;250m [39m[38;5;21;01mbdi[39;00m
[0;32m----> 2[0m top_matches [38;5;241m=[39m [43mbdi[49m[38;5;241;43m.[39;49m[43mtop_matches[49m[43m([49m[43mdf_subset[49m[43m,[49m[43m [49m[43mcolumns[49m[38;5;241;43m=[39;49m[43m[[49m[38;5;124;43m"[39;49m[38;5;124;43mGender[39;49m[38;5;124;43m"[39;49m[43m][49m[43m,[49m[43m [49m[43mtarget[49m[38;5;241;43m=[39;49m[38;5;124;43m"[39;49m[38;5;124;43mgdc[39;49m[38;5;124;43m"[39;49m[43m)[49m
[1;32m      3[0m top_matches[38;5;241m.[39mto_markdown()

File [0;32m/usr/local/lib/python3.10/site-packages/bdikit/api.py:133[0m, in [0;36mtop_matches[0;34m(source, columns, target, top_k, method, method_args)[0m
[1;32m    131[0m     [38;5;28;01mif[39;00m method_args [38;5;129;01mis[39;00m [38;5;28;01mNone[39;00m:
[1;32m    132[0m         method_args [38;5;241m=[39m {}
[0;32m--> 133[0m     topk_matcher [38;5;241m=[39m [43mTopkMatchers[49m[38;5;241;43m.[39;49m[43mget_matcher[49m[43m([49m[43mmethod[49m[43m,[49m[43m [49m[38;5;241;43m*[39;49m[38;5;241;43m*[39;49m[43mmethod_args[49m[43m)[49m
[1;32m    134[0m [38;5;28;01melif[39;00m [38;5;28misinstance[39m(method, BaseTopkSchemaMatcher):
[1;32m    135[0m     topk_matcher [38;5;241m=[39m method

File [0;32m/usr/local/lib/python3.10/site-packages/bdikit/schema_matching/topk/matcher_factory.py:31[0m, in [0;36mTopkMatchers.get_matcher[0;34m(matcher_name, **matcher_kwargs)[0m
[1;32m     28[0m module_path, class_name [38;5;241m=[39m matchers[matcher_name][38;5;241m.[39mrsplit([38;5;124m"[39m[38;5;124m.[39m[38;5;124m"[39m, [38;5;241m1[39m)
[1;32m     29[0m module [38;5;241m=[39m importlib[38;5;241m.[39mimport_module(module_path)
[0;32m---> 31[0m [38;5;28;01mreturn[39;00m [38;5;28;43mgetattr[39;49m[43m([49m[43mmodule[49m[43m,[49m[43m [49m[43mclass_name[49m[43m)[49m[43m([49m[38;5;241;43m*[39;49m[38;5;241;43m*[39;49m[43mmatcher_kwargs[49m[43m)[49m

File [0;32m/usr/local/lib/python3.10/site-packages/bdikit/schema_matching/topk/contrastivelearning.py:60[0m, in [0;36mCLTopkSchemaMatcher.__init__[0;34m(self, model_name, metric)[0m
[1;32m     58[0m [38;5;28;01mdef[39;00m[38;5;250m [39m[38;5;21m__init__[39m([38;5;28mself[39m, model_name: [38;5;28mstr[39m [38;5;241m=[39m DEFAULT_CL_MODEL, metric: [38;5;28mstr[39m [38;5;241m=[39m [38;5;124m"[39m[38;5;124mcosine[39m[38;5;124m"[39m):
[1;32m     59[0m     [38;5;28msuper[39m()[38;5;241m.[39m[38;5;21m__init__[39m(
[0;32m---> 60[0m         column_embedder[38;5;241m=[39m[43mContrastiveLearningAPI[49m[43m([49m[43mmodel_name[49m[38;5;241;43m=[39;49m[43mmodel_name[49m[43m)[49m, metric[38;5;241m=[39mmetric
[1;32m     61[0m     )

File [0;32m/usr/local/lib/python3.10/site-packages/bdikit/models/contrastive_learning/cl_api.py:45[0m, in [0;36mContrastiveLearningAPI.__init__[0;34m(self, model_path, model_name, batch_size)[0m
[1;32m     43[0m [38;5;28mself[39m[38;5;241m.[39mbatch_size [38;5;241m=[39m batch_size
[1;32m     44[0m [38;5;28mself[39m[38;5;241m.[39mdevice [38;5;241m=[39m get_device()
[0;32m---> 45[0m [38;5;28mself[39m[38;5;241m.[39mmodel [38;5;241m=[39m [38;5;28;43mself[39;49m[38;5;241;43m.[39;49m[43mload_checkpoint[49m[43m([49m[43m)[49m

File [0;32m/usr/local/lib/python3.10/site-packages/bdikit/models/contrastive_learning/cl_api.py:48[0m, in [0;36mContrastiveLearningAPI.load_checkpoint[0;34m(self, lm)[0m
[1;32m     47[0m [38;5;28;01mdef[39;00m[38;5;250m [39m[38;5;21mload_checkpoint[39m([38;5;28mself[39m, lm: [38;5;28mstr[39m [38;5;241m=[39m [38;5;124m"[39m[38;5;124mroberta[39m[38;5;124m"[39m):
[0;32m---> 48[0m     ckpt [38;5;241m=[39m [43mtorch[49m[38;5;241;43m.[39;49m[43mload[49m[43m([49m[38;5;28;43mself[39;49m[38;5;241;43m.[39;49m[43mmodel_path[49m[43m,[49m[43m [49m[43mmap_location[49m[38;5;241;43m=[39;49m[43mtorch[49m[38;5;241;43m.[39;49m[43mdevice[49m[43m([49m[38;5;124;43m"[39;49m[38;5;124;43mcpu[39;49m[38;5;124;43m"[39;49m[43m)[49m[43m)[49m
[1;32m     49[0m     scale_loss [38;5;241m=[39m [38;5;241m0.1[39m
[1;32m     50[0m     lambd [38;5;241m=[39m [38;5;241m3.9[39m

File [0;32m/usr/local/lib/python3.10/site-packages/torch/serialization.py:1529[0m, in [0;36mload[0;34m(f, map_location, pickle_module, weights_only, mmap, **pickle_load_args)[0m
[1;32m   1521[0m                 [38;5;28;01mreturn[39;00m _load(
[1;32m   1522[0m                     opened_zipfile,
[1;32m   1523[0m                     map_location,
[0;32m   (...)[0m
[1;32m   1526[0m                     [38;5;241m*[39m[38;5;241m*[39mpickle_load_args,
[1;32m   1527[0m                 )
[1;32m   1528[0m             [38;5;28;01mexcept[39;00m pickle[38;5;241m.[39mUnpicklingError [38;5;28;01mas[39;00m e:
[0;32m-> 1529[0m                 [38;5;28;01mraise[39;00m pickle[38;5;241m.[39mUnpicklingError(_get_wo_message([38;5;28mstr[39m(e))) [38;5;28;01mfrom[39;00m[38;5;250m [39m[38;5;28;01mNone[39;00m
[1;32m   1530[0m         [38;5;28;01mreturn[39;00m _load(
[1;32m   1531[0m             opened_zipfile,
[1;32m   1532[0m             map_location,
[0;32m   (...)[0m
[1;32m   1535[0m             [38;5;241m*[39m[38;5;241m*[39mpickle_load_args,
[1;32m   1536[0m         )
[1;32m   1537[0m [38;5;28;01mif[39;00m mmap:

[0;31mUnpicklingError[0m: Weights only load failed. This file can still be loaded, to do so you have two options, [1mdo those steps only if you trust the source of the checkpoint[0m. 
	(1) In PyTorch 2.6, we changed the default value of the `weights_only` argument in `torch.load` from `False` to `True`. Re-running `torch.load` with `weights_only` set to `False` will likely succeed, but it can result in arbitrary code execution. Do it only if you got the file from a trusted source.
	(2) Alternatively, to load with `weights_only=True` please check the recommended steps in the following error message.
	WeightsUnpickler error: Unsupported global: GLOBAL argparse.Namespace was not an allowed global by default. Please use `torch.serialization.add_safe_globals([argparse.Namespace])` or the `torch.serialization.safe_globals([argparse.Namespace])` context manager to allowlist this global if you trust this class/function.

Check the documentation of torch.load to learn more about types accepted by default with weights_only https://pytorch.org/docs/stable/generated/torch.load.html.
Uncaught exception in ZMQStream callback
Traceback (most recent call last):
  File "/usr/local/lib/python3.10/site-packages/zmq/eventloop/zmqstream.py", line 565, in _log_error
    f.result()
  File "/usr/local/lib/python3.10/site-packages/beaker_kernel/lib/jupyter_kernel_proxy.py", line 253, in handler
    new_data = await callback(self, other_stream, data)
  File "/usr/local/lib/python3.10/site-packages/beaker_kernel/lib/context.py", line 835, in handle_error
    raise ExecutionError(content["ename"], content["evalue"], content["traceback"])
beaker_kernel.lib.utils.ExecutionError: ('UnpicklingError', 'Weights only load failed. This file can still be loaded, to do so you have two options, \x1b[1mdo those steps only if you trust the source of the checkpoint\x1b[0m. \n\t(1) In PyTorch 2.6, we changed the default value of the `weights_only` argument in `torch.load` from `False` to `True`. Re-running `torch.load` with `weights_only` set to `False` will likely succeed, but it can result in arbitrary code execution. Do it only if you got the file from a trusted source.\n\t(2) Alternatively, to load with `weights_only=True` please check the recommended steps in the following error message.\n\tWeightsUnpickler error: Unsupported global: GLOBAL argparse.Namespace was not an allowed global by default. Please use `torch.serialization.add_safe_globals([argparse.Namespace])` or the `torch.serialization.safe_globals([argparse.Namespace])` context manager to allowlist this global if you trust this class/function.\n\nCheck the documentation of torch.load to learn more about types accepted by default with weights_only https://pytorch.org/docs/stable/generated/torch.load.html.', ['\x1b[0;31m---------------------------------------------------------------------------\x1b[0m', '\x1b[0;31mUnpicklingError\x1b[0m                           Traceback (most recent call last)', 'Cell \x1b[0;32mIn[4], line 2\x1b[0m\n\x1b[1;32m      1\x1b[0m \x1b[38;5;28;01mimport\x1b[39;00m\x1b[38;5;250m \x1b[39m\x1b[38;5;21;01mbdikit\x1b[39;00m\x1b[38;5;250m \x1b[39m\x1b[38;5;28;01mas\x1b[39;00m\x1b[38;5;250m \x1b[39m\x1b[38;5;21;01mbdi\x1b[39;00m\n\x1b[0;32m----> 2\x1b[0m top_matches \x1b[38;5;241m=\x1b[39m \x1b[43mbdi\x1b[49m\x1b[38;5;241;43m.\x1b[39;49m\x1b[43mtop_matches\x1b[49m\x1b[43m(\x1b[49m\x1b[43mdf_subset\x1b[49m\x1b[43m,\x1b[49m\x1b[43m \x1b[49m\x1b[43mcolumns\x1b[49m\x1b[38;5;241;43m=\x1b[39;49m\x1b[43m[\x1b[49m\x1b[38;5;124;43m"\x1b[39;49m\x1b[38;5;124;43mGender\x1b[39;49m\x1b[38;5;124;43m"\x1b[39;49m\x1b[43m]\x1b[49m\x1b[43m,\x1b[49m\x1b[43m \x1b[49m\x1b[43mtarget\x1b[49m\x1b[38;5;241;43m=\x1b[39;49m\x1b[38;5;124;43m"\x1b[39;49m\x1b[38;5;124;43mgdc\x1b[39;49m\x1b[38;5;124;43m"\x1b[39;49m\x1b[43m)\x1b[49m\n\x1b[1;32m      3\x1b[0m top_matches\x1b[38;5;241m.\x1b[39mto_markdown()\n', 'File \x1b[0;32m/usr/local/lib/python3.10/site-packages/bdikit/api.py:133\x1b[0m, in \x1b[0;36mtop_matches\x1b[0;34m(source, columns, target, top_k, method, method_args)\x1b[0m\n\x1b[1;32m    131\x1b[0m     \x1b[38;5;28;01mif\x1b[39;00m method_args \x1b[38;5;129;01mis\x1b[39;00m \x1b[38;5;28;01mNone\x1b[39;00m:\n\x1b[1;32m    132\x1b[0m         method_args \x1b[38;5;241m=\x1b[39m {}\n\x1b[0;32m--> 133\x1b[0m     topk_matcher \x1b[38;5;241m=\x1b[39m \x1b[43mTopkMatchers\x1b[49m\x1b[38;5;241;43m.\x1b[39;49m\x1b[43mget_matcher\x1b[49m\x1b[43m(\x1b[49m\x1b[43mmethod\x1b[49m\x1b[43m,\x1b[49m\x1b[43m \x1b[49m\x1b[38;5;241;43m*\x1b[39;49m\x1b[38;5;241;43m*\x1b[39;49m\x1b[43mmethod_args\x1b[49m\x1b[43m)\x1b[49m\n\x1b[1;32m    134\x1b[0m \x1b[38;5;28;01melif\x1b[39;00m \x1b[38;5;28misinstance\x1b[39m(method, BaseTopkSchemaMatcher):\n\x1b[1;32m    135\x1b[0m     topk_matcher \x1b[38;5;241m=\x1b[39m method\n', 'File \x1b[0;32m/usr/local/lib/python3.10/site-packages/bdikit/schema_matching/topk/matcher_factory.py:31\x1b[0m, in \x1b[0;36mTopkMatchers.get_matcher\x1b[0;34m(matcher_name, **matcher_kwargs)\x1b[0m\n\x1b[1;32m     28\x1b[0m module_path, class_name \x1b[38;5;241m=\x1b[39m matchers[matcher_name]\x1b[38;5;241m.\x1b[39mrsplit(\x1b[38;5;124m"\x1b[39m\x1b[38;5;124m.\x1b[39m\x1b[38;5;124m"\x1b[39m, \x1b[38;5;241m1\x1b[39m)\n\x1b[1;32m     29\x1b[0m module \x1b[38;5;241m=\x1b[39m importlib\x1b[38;5;241m.\x1b[39mimport_module(module_path)\n\x1b[0;32m---> 31\x1b[0m \x1b[38;5;28;01mreturn\x1b[39;00m \x1b[38;5;28;43mgetattr\x1b[39;49m\x1b[43m(\x1b[49m\x1b[43mmodule\x1b[49m\x1b[43m,\x1b[49m\x1b[43m \x1b[49m\x1b[43mclass_name\x1b[49m\x1b[43m)\x1b[49m\x1b[43m(\x1b[49m\x1b[38;5;241;43m*\x1b[39;49m\x1b[38;5;241;43m*\x1b[39;49m\x1b[43mmatcher_kwargs\x1b[49m\x1b[43m)\x1b[49m\n', 'File \x1b[0;32m/usr/local/lib/python3.10/site-packages/bdikit/schema_matching/topk/contrastivelearning.py:60\x1b[0m, in \x1b[0;36mCLTopkSchemaMatcher.__init__\x1b[0;34m(self, model_name, metric)\x1b[0m\n\x1b[1;32m     58\x1b[0m \x1b[38;5;28;01mdef\x1b[39;00m\x1b[38;5;250m \x1b[39m\x1b[38;5;21m__init__\x1b[39m(\x1b[38;5;28mself\x1b[39m, model_name: \x1b[38;5;28mstr\x1b[39m \x1b[38;5;241m=\x1b[39m DEFAULT_CL_MODEL, metric: \x1b[38;5;28mstr\x1b[39m \x1b[38;5;241m=\x1b[39m \x1b[38;5;124m"\x1b[39m\x1b[38;5;124mcosine\x1b[39m\x1b[38;5;124m"\x1b[39m):\n\x1b[1;32m     59\x1b[0m     \x1b[38;5;28msuper\x1b[39m()\x1b[38;5;241m.\x1b[39m\x1b[38;5;21m__init__\x1b[39m(\n\x1b[0;32m---> 60\x1b[0m         column_embedder\x1b[38;5;241m=\x1b[39m\x1b[43mContrastiveLearningAPI\x1b[49m\x1b[43m(\x1b[49m\x1b[43mmodel_name\x1b[49m\x1b[38;5;241;43m=\x1b[39;49m\x1b[43mmodel_name\x1b[49m\x1b[43m)\x1b[49m, metric\x1b[38;5;241m=\x1b[39mmetric\n\x1b[1;32m     61\x1b[0m     )\n', 'File \x1b[0;32m/usr/local/lib/python3.10/site-packages/bdikit/models/contrastive_learning/cl_api.py:45\x1b[0m, in \x1b[0;36mContrastiveLearningAPI.__init__\x1b[0;34m(self, model_path, model_name, batch_size)\x1b[0m\n\x1b[1;32m     43\x1b[0m \x1b[38;5;28mself\x1b[39m\x1b[38;5;241m.\x1b[39mbatch_size \x1b[38;5;241m=\x1b[39m batch_size\n\x1b[1;32m     44\x1b[0m \x1b[38;5;28mself\x1b[39m\x1b[38;5;241m.\x1b[39mdevice \x1b[38;5;241m=\x1b[39m get_device()\n\x1b[0;32m---> 45\x1b[0m \x1b[38;5;28mself\x1b[39m\x1b[38;5;241m.\x1b[39mmodel \x1b[38;5;241m=\x1b[39m \x1b[38;5;28;43mself\x1b[39;49m\x1b[38;5;241;43m.\x1b[39;49m\x1b[43mload_checkpoint\x1b[49m\x1b[43m(\x1b[49m\x1b[43m)\x1b[49m\n', 'File \x1b[0;32m/usr/local/lib/python3.10/site-packages/bdikit/models/contrastive_learning/cl_api.py:48\x1b[0m, in \x1b[0;36mContrastiveLearningAPI.load_checkpoint\x1b[0;34m(self, lm)\x1b[0m\n\x1b[1;32m     47\x1b[0m \x1b[38;5;28;01mdef\x1b[39;00m\x1b[38;5;250m \x1b[39m\x1b[38;5;21mload_checkpoint\x1b[39m(\x1b[38;5;28mself\x1b[39m, lm: \x1b[38;5;28mstr\x1b[39m \x1b[38;5;241m=\x1b[39m \x1b[38;5;124m"\x1b[39m\x1b[38;5;124mroberta\x1b[39m\x1b[38;5;124m"\x1b[39m):\n\x1b[0;32m---> 48\x1b[0m     ckpt \x1b[38;5;241m=\x1b[39m \x1b[43mtorch\x1b[49m\x1b[38;5;241;43m.\x1b[39;49m\x1b[43mload\x1b[49m\x1b[43m(\x1b[49m\x1b[38;5;28;43mself\x1b[39;49m\x1b[38;5;241;43m.\x1b[39;49m\x1b[43mmodel_path\x1b[49m\x1b[43m,\x1b[49m\x1b[43m \x1b[49m\x1b[43mmap_location\x1b[49m\x1b[38;5;241;43m=\x1b[39;49m\x1b[43mtorch\x1b[49m\x1b[38;5;241;43m.\x1b[39;49m\x1b[43mdevice\x1b[49m\x1b[43m(\x1b[49m\x1b[38;5;124;43m"\x1b[39;49m\x1b[38;5;124;43mcpu\x1b[39;49m\x1b[38;5;124;43m"\x1b[39;49m\x1b[43m)\x1b[49m\x1b[43m)\x1b[49m\n\x1b[1;32m     49\x1b[0m     scale_loss \x1b[38;5;241m=\x1b[39m \x1b[38;5;241m0.1\x1b[39m\n\x1b[1;32m     50\x1b[0m     lambd \x1b[38;5;241m=\x1b[39m \x1b[38;5;241m3.9\x1b[39m\n', 'File \x1b[0;32m/usr/local/lib/python3.10/site-packages/torch/serialization.py:1529\x1b[0m, in \x1b[0;36mload\x1b[0;34m(f, map_location, pickle_module, weights_only, mmap, **pickle_load_args)\x1b[0m\n\x1b[1;32m   1521\x1b[0m                 \x1b[38;5;28;01mreturn\x1b[39;00m _load(\n\x1b[1;32m   1522\x1b[0m                     opened_zipfile,\n\x1b[1;32m   1523\x1b[0m                     map_location,\n\x1b[0;32m   (...)\x1b[0m\n\x1b[1;32m   1526\x1b[0m                     \x1b[38;5;241m*\x1b[39m\x1b[38;5;241m*\x1b[39mpickle_load_args,\n\x1b[1;32m   1527\x1b[0m                 )\n\x1b[1;32m   1528\x1b[0m             \x1b[38;5;28;01mexcept\x1b[39;00m pickle\x1b[38;5;241m.\x1b[39mUnpicklingError \x1b[38;5;28;01mas\x1b[39;00m e:\n\x1b[0;32m-> 1529\x1b[0m                 \x1b[38;5;28;01mraise\x1b[39;00m pickle\x1b[38;5;241m.\x1b[39mUnpicklingError(_get_wo_message(\x1b[38;5;28mstr\x1b[39m(e))) \x1b[38;5;28;01mfrom\x1b[39;00m\x1b[38;5;250m \x1b[39m\x1b[38;5;28;01mNone\x1b[39;00m\n\x1b[1;32m   1530\x1b[0m         \x1b[38;5;28;01mreturn\x1b[39;00m _load(\n\x1b[1;32m   1531\x1b[0m             opened_zipfile,\n\x1b[1;32m   1532\x1b[0m             map_location,\n\x1b[0;32m   (...)\x1b[0m\n\x1b[1;32m   1535\x1b[0m             \x1b[38;5;241m*\x1b[39m\x1b[38;5;241m*\x1b[39mpickle_load_args,\n\x1b[1;32m   1536\x1b[0m         )\n\x1b[1;32m   1537\x1b[0m \x1b[38;5;28;01mif\x1b[39;00m mmap:\n', '\x1b[0;31mUnpicklingError\x1b[0m: Weights only load failed. This file can still be loaded, to do so you have two options, \x1b[1mdo those steps only if you trust the source of the checkpoint\x1b[0m. \n\t(1) In PyTorch 2.6, we changed the default value of the `weights_only` argument in `torch.load` from `False` to `True`. Re-running `torch.load` with `weights_only` set to `False` will likely succeed, but it can result in arbitrary code execution. Do it only if you got the file from a trusted source.\n\t(2) Alternatively, to load with `weights_only=True` please check the recommended steps in the following error message.\n\tWeightsUnpickler error: Unsupported global: GLOBAL argparse.Namespace was not an allowed global by default. Please use `torch.serialization.add_safe_globals([argparse.Namespace])` or the `torch.serialization.safe_globals([argparse.Namespace])` context manager to allowlist this global if you trust this class/function.\n\nCheck the documentation of torch.load to learn more about types accepted by default with weights_only https://pytorch.org/docs/stable/generated/torch.load.html.'])
Successfully ran code, but failed to fetch preview: 'NoneType' object is not callable
Error: ValueError The embeddings algorithm is not supported. Supported algorithms are: similarity_flooding, coma, cupid, distribution_based, jaccard_distance, gpt, ct_learning, two_phase, max_val_sim
Traceback:
[0;31m---------------------------------------------------------------------------[0m
[0;31mValueError[0m                                Traceback (most recent call last)
Cell [0;32mIn[5], line 2[0m
[1;32m      1[0m [38;5;28;01mimport[39;00m[38;5;250m [39m[38;5;21;01mbdikit[39;00m[38;5;250m [39m[38;5;28;01mas[39;00m[38;5;250m [39m[38;5;21;01mbdi[39;00m
[0;32m----> 2[0m column_mappings [38;5;241m=[39m [43mbdi[49m[38;5;241;43m.[39;49m[43mmatch_schema[49m[43m([49m[43mdf_subset[49m[43m,[49m[43m [49m[43mtarget[49m[38;5;241;43m=[39;49m[38;5;124;43m"[39;49m[38;5;124;43mgdc[39;49m[38;5;124;43m"[39;49m[43m,[49m[43m [49m[43mmethod[49m[38;5;241;43m=[39;49m[38;5;124;43m"[39;49m[38;5;124;43membeddings[39;49m[38;5;124;43m"[39;49m[43m)[49m
[1;32m      3[0m column_mappings[38;5;241m.[39mto_markdown()

File [0;32m/usr/local/lib/python3.10/site-packages/bdikit/api.py:75[0m, in [0;36mmatch_schema[0;34m(source, target, method, method_args)[0m
[1;32m     73[0m     [38;5;28;01mif[39;00m method_args [38;5;129;01mis[39;00m [38;5;28;01mNone[39;00m:
[1;32m     74[0m         method_args [38;5;241m=[39m {}
[0;32m---> 75[0m     matcher_instance [38;5;241m=[39m [43mSchemaMatchers[49m[38;5;241;43m.[39;49m[43mget_matcher[49m[43m([49m[43mmethod[49m[43m,[49m[43m [49m[38;5;241;43m*[39;49m[38;5;241;43m*[39;49m[43mmethod_args[49m[43m)[49m
[1;32m     76[0m [38;5;28;01melif[39;00m [38;5;28misinstance[39m(method, BaseSchemaMatcher):
[1;32m     77[0m     matcher_instance [38;5;241m=[39m method

File [0;32m/usr/local/lib/python3.10/site-packages/bdikit/schema_matching/one2one/matcher_factory.py:52[0m, in [0;36mSchemaMatchers.get_matcher[0;34m(matcher_name, **matcher_kwargs)[0m
[1;32m     50[0m [38;5;28;01mif[39;00m matcher_name [38;5;129;01mnot[39;00m [38;5;129;01min[39;00m matchers:
[1;32m     51[0m     names [38;5;241m=[39m [38;5;124m"[39m[38;5;124m, [39m[38;5;124m"[39m[38;5;241m.[39mjoin([38;5;28mlist[39m(matchers[38;5;241m.[39mkeys()))
[0;32m---> 52[0m     [38;5;28;01mraise[39;00m [38;5;167;01mValueError[39;00m(
[1;32m     53[0m         [38;5;124mf[39m[38;5;124m"[39m[38;5;124mThe [39m[38;5;132;01m{[39;00mmatcher_name[38;5;132;01m}[39;00m[38;5;124m algorithm is not supported. [39m[38;5;124m"[39m
[1;32m     54[0m         [38;5;124mf[39m[38;5;124m"[39m[38;5;124mSupported algorithms are: [39m[38;5;132;01m{[39;00mnames[38;5;132;01m}[39;00m[38;5;124m"[39m
[1;32m     55[0m     )
[1;32m     56[0m [38;5;66;03m# Load the class dynamically[39;00m
[1;32m     57[0m module_path, class_name [38;5;241m=[39m matchers[matcher_name][38;5;241m.[39mrsplit([38;5;124m"[39m[38;5;124m.[39m[38;5;124m"[39m, [38;5;241m1[39m)

[0;31mValueError[0m: The embeddings algorithm is not supported. Supported algorithms are: similarity_flooding, coma, cupid, distribution_based, jaccard_distance, gpt, ct_learning, two_phase, max_val_sim
Uncaught exception in ZMQStream callback
Traceback (most recent call last):
  File "/usr/local/lib/python3.10/site-packages/zmq/eventloop/zmqstream.py", line 565, in _log_error
    f.result()
  File "/usr/local/lib/python3.10/site-packages/beaker_kernel/lib/jupyter_kernel_proxy.py", line 253, in handler
    new_data = await callback(self, other_stream, data)
  File "/usr/local/lib/python3.10/site-packages/beaker_kernel/lib/context.py", line 835, in handle_error
    raise ExecutionError(content["ename"], content["evalue"], content["traceback"])
beaker_kernel.lib.utils.ExecutionError: ('ValueError', 'The embeddings algorithm is not supported. Supported algorithms are: similarity_flooding, coma, cupid, distribution_based, jaccard_distance, gpt, ct_learning, two_phase, max_val_sim', ['\x1b[0;31m---------------------------------------------------------------------------\x1b[0m', '\x1b[0;31mValueError\x1b[0m                                Traceback (most recent call last)', 'Cell \x1b[0;32mIn[5], line 2\x1b[0m\n\x1b[1;32m      1\x1b[0m \x1b[38;5;28;01mimport\x1b[39;00m\x1b[38;5;250m \x1b[39m\x1b[38;5;21;01mbdikit\x1b[39;00m\x1b[38;5;250m \x1b[39m\x1b[38;5;28;01mas\x1b[39;00m\x1b[38;5;250m \x1b[39m\x1b[38;5;21;01mbdi\x1b[39;00m\n\x1b[0;32m----> 2\x1b[0m column_mappings \x1b[38;5;241m=\x1b[39m \x1b[43mbdi\x1b[49m\x1b[38;5;241;43m.\x1b[39;49m\x1b[43mmatch_schema\x1b[49m\x1b[43m(\x1b[49m\x1b[43mdf_subset\x1b[49m\x1b[43m,\x1b[49m\x1b[43m \x1b[49m\x1b[43mtarget\x1b[49m\x1b[38;5;241;43m=\x1b[39;49m\x1b[38;5;124;43m"\x1b[39;49m\x1b[38;5;124;43mgdc\x1b[39;49m\x1b[38;5;124;43m"\x1b[39;49m\x1b[43m,\x1b[49m\x1b[43m \x1b[49m\x1b[43mmethod\x1b[49m\x1b[38;5;241;43m=\x1b[39;49m\x1b[38;5;124;43m"\x1b[39;49m\x1b[38;5;124;43membeddings\x1b[39;49m\x1b[38;5;124;43m"\x1b[39;49m\x1b[43m)\x1b[49m\n\x1b[1;32m      3\x1b[0m column_mappings\x1b[38;5;241m.\x1b[39mto_markdown()\n', 'File \x1b[0;32m/usr/local/lib/python3.10/site-packages/bdikit/api.py:75\x1b[0m, in \x1b[0;36mmatch_schema\x1b[0;34m(source, target, method, method_args)\x1b[0m\n\x1b[1;32m     73\x1b[0m     \x1b[38;5;28;01mif\x1b[39;00m method_args \x1b[38;5;129;01mis\x1b[39;00m \x1b[38;5;28;01mNone\x1b[39;00m:\n\x1b[1;32m     74\x1b[0m         method_args \x1b[38;5;241m=\x1b[39m {}\n\x1b[0;32m---> 75\x1b[0m     matcher_instance \x1b[38;5;241m=\x1b[39m \x1b[43mSchemaMatchers\x1b[49m\x1b[38;5;241;43m.\x1b[39;49m\x1b[43mget_matcher\x1b[49m\x1b[43m(\x1b[49m\x1b[43mmethod\x1b[49m\x1b[43m,\x1b[49m\x1b[43m \x1b[49m\x1b[38;5;241;43m*\x1b[39;49m\x1b[38;5;241;43m*\x1b[39;49m\x1b[43mmethod_args\x1b[49m\x1b[43m)\x1b[49m\n\x1b[1;32m     76\x1b[0m \x1b[38;5;28;01melif\x1b[39;00m \x1b[38;5;28misinstance\x1b[39m(method, BaseSchemaMatcher):\n\x1b[1;32m     77\x1b[0m     matcher_instance \x1b[38;5;241m=\x1b[39m method\n', 'File \x1b[0;32m/usr/local/lib/python3.10/site-packages/bdikit/schema_matching/one2one/matcher_factory.py:52\x1b[0m, in \x1b[0;36mSchemaMatchers.get_matcher\x1b[0;34m(matcher_name, **matcher_kwargs)\x1b[0m\n\x1b[1;32m     50\x1b[0m \x1b[38;5;28;01mif\x1b[39;00m matcher_name \x1b[38;5;129;01mnot\x1b[39;00m \x1b[38;5;129;01min\x1b[39;00m matchers:\n\x1b[1;32m     51\x1b[0m     names \x1b[38;5;241m=\x1b[39m \x1b[38;5;124m"\x1b[39m\x1b[38;5;124m, \x1b[39m\x1b[38;5;124m"\x1b[39m\x1b[38;5;241m.\x1b[39mjoin(\x1b[38;5;28mlist\x1b[39m(matchers\x1b[38;5;241m.\x1b[39mkeys()))\n\x1b[0;32m---> 52\x1b[0m     \x1b[38;5;28;01mraise\x1b[39;00m \x1b[38;5;167;01mValueError\x1b[39;00m(\n\x1b[1;32m     53\x1b[0m         \x1b[38;5;124mf\x1b[39m\x1b[38;5;124m"\x1b[39m\x1b[38;5;124mThe \x1b[39m\x1b[38;5;132;01m{\x1b[39;00mmatcher_name\x1b[38;5;132;01m}\x1b[39;00m\x1b[38;5;124m algorithm is not supported. \x1b[39m\x1b[38;5;124m"\x1b[39m\n\x1b[1;32m     54\x1b[0m         \x1b[38;5;124mf\x1b[39m\x1b[38;5;124m"\x1b[39m\x1b[38;5;124mSupported algorithms are: \x1b[39m\x1b[38;5;132;01m{\x1b[39;00mnames\x1b[38;5;132;01m}\x1b[39;00m\x1b[38;5;124m"\x1b[39m\n\x1b[1;32m     55\x1b[0m     )\n\x1b[1;32m     56\x1b[0m \x1b[38;5;66;03m# Load the class dynamically\x1b[39;00m\n\x1b[1;32m     57\x1b[0m module_path, class_name \x1b[38;5;241m=\x1b[39m matchers[matcher_name]\x1b[38;5;241m.\x1b[39mrsplit(\x1b[38;5;124m"\x1b[39m\x1b[38;5;124m.\x1b[39m\x1b[38;5;124m"\x1b[39m, \x1b[38;5;241m1\x1b[39m)\n', '\x1b[0;31mValueError\x1b[0m: The embeddings algorithm is not supported. Supported algorithms are: similarity_flooding, coma, cupid, distribution_based, jaccard_distance, gpt, ct_learning, two_phase, max_val_sim'])
Error: UnpicklingError Weights only load failed. This file can still be loaded, to do so you have two options, [1mdo those steps only if you trust the source of the checkpoint[0m. 
	(1) In PyTorch 2.6, we changed the default value of the `weights_only` argument in `torch.load` from `False` to `True`. Re-running `torch.load` with `weights_only` set to `False` will likely succeed, but it can result in arbitrary code execution. Do it only if you got the file from a trusted source.
	(2) Alternatively, to load with `weights_only=True` please check the recommended steps in the following error message.
	WeightsUnpickler error: Unsupported global: GLOBAL argparse.Namespace was not an allowed global by default. Please use `torch.serialization.add_safe_globals([argparse.Namespace])` or the `torch.serialization.safe_globals([argparse.Namespace])` context manager to allowlist this global if you trust this class/function.

Check the documentation of torch.load to learn more about types accepted by default with weights_only https://pytorch.org/docs/stable/generated/torch.load.html.
Traceback:
[0;31m---------------------------------------------------------------------------[0m
[0;31mUnpicklingError[0m                           Traceback (most recent call last)
Cell [0;32mIn[5], line 2[0m
[1;32m      1[0m [38;5;28;01mimport[39;00m[38;5;250m [39m[38;5;21;01mbdikit[39;00m[38;5;250m [39m[38;5;28;01mas[39;00m[38;5;250m [39m[38;5;21;01mbdi[39;00m
[0;32m----> 2[0m top_matches [38;5;241m=[39m [43mbdi[49m[38;5;241;43m.[39;49m[43mtop_matches[49m[43m([49m[43mdf_subset[49m[43m,[49m[43m [49m[43mcolumns[49m[38;5;241;43m=[39;49m[43m[[49m[38;5;124;43m"[39;49m[38;5;124;43mGender[39;49m[38;5;124;43m"[39;49m[43m][49m[43m,[49m[43m [49m[43mtarget[49m[38;5;241;43m=[39;49m[38;5;124;43m"[39;49m[38;5;124;43mgdc[39;49m[38;5;124;43m"[39;49m[43m)[49m
[1;32m      3[0m top_matches[38;5;241m.[39mto_markdown()

File [0;32m/usr/local/lib/python3.10/site-packages/bdikit/api.py:133[0m, in [0;36mtop_matches[0;34m(source, columns, target, top_k, method, method_args)[0m
[1;32m    131[0m     [38;5;28;01mif[39;00m method_args [38;5;129;01mis[39;00m [38;5;28;01mNone[39;00m:
[1;32m    132[0m         method_args [38;5;241m=[39m {}
[0;32m--> 133[0m     topk_matcher [38;5;241m=[39m [43mTopkMatchers[49m[38;5;241;43m.[39;49m[43mget_matcher[49m[43m([49m[43mmethod[49m[43m,[49m[43m [49m[38;5;241;43m*[39;49m[38;5;241;43m*[39;49m[43mmethod_args[49m[43m)[49m
[1;32m    134[0m [38;5;28;01melif[39;00m [38;5;28misinstance[39m(method, BaseTopkSchemaMatcher):
[1;32m    135[0m     topk_matcher [38;5;241m=[39m method

File [0;32m/usr/local/lib/python3.10/site-packages/bdikit/schema_matching/topk/matcher_factory.py:31[0m, in [0;36mTopkMatchers.get_matcher[0;34m(matcher_name, **matcher_kwargs)[0m
[1;32m     28[0m module_path, class_name [38;5;241m=[39m matchers[matcher_name][38;5;241m.[39mrsplit([38;5;124m"[39m[38;5;124m.[39m[38;5;124m"[39m, [38;5;241m1[39m)
[1;32m     29[0m module [38;5;241m=[39m importlib[38;5;241m.[39mimport_module(module_path)
[0;32m---> 31[0m [38;5;28;01mreturn[39;00m [38;5;28;43mgetattr[39;49m[43m([49m[43mmodule[49m[43m,[49m[43m [49m[43mclass_name[49m[43m)[49m[43m([49m[38;5;241;43m*[39;49m[38;5;241;43m*[39;49m[43mmatcher_kwargs[49m[43m)[49m

File [0;32m/usr/local/lib/python3.10/site-packages/bdikit/schema_matching/topk/contrastivelearning.py:60[0m, in [0;36mCLTopkSchemaMatcher.__init__[0;34m(self, model_name, metric)[0m
[1;32m     58[0m [38;5;28;01mdef[39;00m[38;5;250m [39m[38;5;21m__init__[39m([38;5;28mself[39m, model_name: [38;5;28mstr[39m [38;5;241m=[39m DEFAULT_CL_MODEL, metric: [38;5;28mstr[39m [38;5;241m=[39m [38;5;124m"[39m[38;5;124mcosine[39m[38;5;124m"[39m):
[1;32m     59[0m     [38;5;28msuper[39m()[38;5;241m.[39m[38;5;21m__init__[39m(
[0;32m---> 60[0m         column_embedder[38;5;241m=[39m[43mContrastiveLearningAPI[49m[43m([49m[43mmodel_name[49m[38;5;241;43m=[39;49m[43mmodel_name[49m[43m)[49m, metric[38;5;241m=[39mmetric
[1;32m     61[0m     )

File [0;32m/usr/local/lib/python3.10/site-packages/bdikit/models/contrastive_learning/cl_api.py:45[0m, in [0;36mContrastiveLearningAPI.__init__[0;34m(self, model_path, model_name, batch_size)[0m
[1;32m     43[0m [38;5;28mself[39m[38;5;241m.[39mbatch_size [38;5;241m=[39m batch_size
[1;32m     44[0m [38;5;28mself[39m[38;5;241m.[39mdevice [38;5;241m=[39m get_device()
[0;32m---> 45[0m [38;5;28mself[39m[38;5;241m.[39mmodel [38;5;241m=[39m [38;5;28;43mself[39;49m[38;5;241;43m.[39;49m[43mload_checkpoint[49m[43m([49m[43m)[49m

File [0;32m/usr/local/lib/python3.10/site-packages/bdikit/models/contrastive_learning/cl_api.py:48[0m, in [0;36mContrastiveLearningAPI.load_checkpoint[0;34m(self, lm)[0m
[1;32m     47[0m [38;5;28;01mdef[39;00m[38;5;250m [39m[38;5;21mload_checkpoint[39m([38;5;28mself[39m, lm: [38;5;28mstr[39m [38;5;241m=[39m [38;5;124m"[39m[38;5;124mroberta[39m[38;5;124m"[39m):
[0;32m---> 48[0m     ckpt [38;5;241m=[39m [43mtorch[49m[38;5;241;43m.[39;49m[43mload[49m[43m([49m[38;5;28;43mself[39;49m[38;5;241;43m.[39;49m[43mmodel_path[49m[43m,[49m[43m [49m[43mmap_location[49m[38;5;241;43m=[39;49m[43mtorch[49m[38;5;241;43m.[39;49m[43mdevice[49m[43m([49m[38;5;124;43m"[39;49m[38;5;124;43mcpu[39;49m[38;5;124;43m"[39;49m[43m)[49m[43m)[49m
[1;32m     49[0m     scale_loss [38;5;241m=[39m [38;5;241m0.1[39m
[1;32m     50[0m     lambd [38;5;241m=[39m [38;5;241m3.9[39m

File [0;32m/usr/local/lib/python3.10/site-packages/torch/serialization.py:1529[0m, in [0;36mload[0;34m(f, map_location, pickle_module, weights_only, mmap, **pickle_load_args)[0m
[1;32m   1521[0m                 [38;5;28;01mreturn[39;00m _load(
[1;32m   1522[0m                     opened_zipfile,
[1;32m   1523[0m                     map_location,
[0;32m   (...)[0m
[1;32m   1526[0m                     [38;5;241m*[39m[38;5;241m*[39mpickle_load_args,
[1;32m   1527[0m                 )
[1;32m   1528[0m             [38;5;28;01mexcept[39;00m pickle[38;5;241m.[39mUnpicklingError [38;5;28;01mas[39;00m e:
[0;32m-> 1529[0m                 [38;5;28;01mraise[39;00m pickle[38;5;241m.[39mUnpicklingError(_get_wo_message([38;5;28mstr[39m(e))) [38;5;28;01mfrom[39;00m[38;5;250m [39m[38;5;28;01mNone[39;00m
[1;32m   1530[0m         [38;5;28;01mreturn[39;00m _load(
[1;32m   1531[0m             opened_zipfile,
[1;32m   1532[0m             map_location,
[0;32m   (...)[0m
[1;32m   1535[0m             [38;5;241m*[39m[38;5;241m*[39mpickle_load_args,
[1;32m   1536[0m         )
[1;32m   1537[0m [38;5;28;01mif[39;00m mmap:

[0;31mUnpicklingError[0m: Weights only load failed. This file can still be loaded, to do so you have two options, [1mdo those steps only if you trust the source of the checkpoint[0m. 
	(1) In PyTorch 2.6, we changed the default value of the `weights_only` argument in `torch.load` from `False` to `True`. Re-running `torch.load` with `weights_only` set to `False` will likely succeed, but it can result in arbitrary code execution. Do it only if you got the file from a trusted source.
	(2) Alternatively, to load with `weights_only=True` please check the recommended steps in the following error message.
	WeightsUnpickler error: Unsupported global: GLOBAL argparse.Namespace was not an allowed global by default. Please use `torch.serialization.add_safe_globals([argparse.Namespace])` or the `torch.serialization.safe_globals([argparse.Namespace])` context manager to allowlist this global if you trust this class/function.

Check the documentation of torch.load to learn more about types accepted by default with weights_only https://pytorch.org/docs/stable/generated/torch.load.html.
Uncaught exception in ZMQStream callback
Traceback (most recent call last):
  File "/usr/local/lib/python3.10/site-packages/zmq/eventloop/zmqstream.py", line 565, in _log_error
    f.result()
  File "/usr/local/lib/python3.10/site-packages/beaker_kernel/lib/jupyter_kernel_proxy.py", line 253, in handler
    new_data = await callback(self, other_stream, data)
  File "/usr/local/lib/python3.10/site-packages/beaker_kernel/lib/context.py", line 835, in handle_error
    raise ExecutionError(content["ename"], content["evalue"], content["traceback"])
beaker_kernel.lib.utils.ExecutionError: ('UnpicklingError', 'Weights only load failed. This file can still be loaded, to do so you have two options, \x1b[1mdo those steps only if you trust the source of the checkpoint\x1b[0m. \n\t(1) In PyTorch 2.6, we changed the default value of the `weights_only` argument in `torch.load` from `False` to `True`. Re-running `torch.load` with `weights_only` set to `False` will likely succeed, but it can result in arbitrary code execution. Do it only if you got the file from a trusted source.\n\t(2) Alternatively, to load with `weights_only=True` please check the recommended steps in the following error message.\n\tWeightsUnpickler error: Unsupported global: GLOBAL argparse.Namespace was not an allowed global by default. Please use `torch.serialization.add_safe_globals([argparse.Namespace])` or the `torch.serialization.safe_globals([argparse.Namespace])` context manager to allowlist this global if you trust this class/function.\n\nCheck the documentation of torch.load to learn more about types accepted by default with weights_only https://pytorch.org/docs/stable/generated/torch.load.html.', ['\x1b[0;31m---------------------------------------------------------------------------\x1b[0m', '\x1b[0;31mUnpicklingError\x1b[0m                           Traceback (most recent call last)', 'Cell \x1b[0;32mIn[5], line 2\x1b[0m\n\x1b[1;32m      1\x1b[0m \x1b[38;5;28;01mimport\x1b[39;00m\x1b[38;5;250m \x1b[39m\x1b[38;5;21;01mbdikit\x1b[39;00m\x1b[38;5;250m \x1b[39m\x1b[38;5;28;01mas\x1b[39;00m\x1b[38;5;250m \x1b[39m\x1b[38;5;21;01mbdi\x1b[39;00m\n\x1b[0;32m----> 2\x1b[0m top_matches \x1b[38;5;241m=\x1b[39m \x1b[43mbdi\x1b[49m\x1b[38;5;241;43m.\x1b[39;49m\x1b[43mtop_matches\x1b[49m\x1b[43m(\x1b[49m\x1b[43mdf_subset\x1b[49m\x1b[43m,\x1b[49m\x1b[43m \x1b[49m\x1b[43mcolumns\x1b[49m\x1b[38;5;241;43m=\x1b[39;49m\x1b[43m[\x1b[49m\x1b[38;5;124;43m"\x1b[39;49m\x1b[38;5;124;43mGender\x1b[39;49m\x1b[38;5;124;43m"\x1b[39;49m\x1b[43m]\x1b[49m\x1b[43m,\x1b[49m\x1b[43m \x1b[49m\x1b[43mtarget\x1b[49m\x1b[38;5;241;43m=\x1b[39;49m\x1b[38;5;124;43m"\x1b[39;49m\x1b[38;5;124;43mgdc\x1b[39;49m\x1b[38;5;124;43m"\x1b[39;49m\x1b[43m)\x1b[49m\n\x1b[1;32m      3\x1b[0m top_matches\x1b[38;5;241m.\x1b[39mto_markdown()\n', 'File \x1b[0;32m/usr/local/lib/python3.10/site-packages/bdikit/api.py:133\x1b[0m, in \x1b[0;36mtop_matches\x1b[0;34m(source, columns, target, top_k, method, method_args)\x1b[0m\n\x1b[1;32m    131\x1b[0m     \x1b[38;5;28;01mif\x1b[39;00m method_args \x1b[38;5;129;01mis\x1b[39;00m \x1b[38;5;28;01mNone\x1b[39;00m:\n\x1b[1;32m    132\x1b[0m         method_args \x1b[38;5;241m=\x1b[39m {}\n\x1b[0;32m--> 133\x1b[0m     topk_matcher \x1b[38;5;241m=\x1b[39m \x1b[43mTopkMatchers\x1b[49m\x1b[38;5;241;43m.\x1b[39;49m\x1b[43mget_matcher\x1b[49m\x1b[43m(\x1b[49m\x1b[43mmethod\x1b[49m\x1b[43m,\x1b[49m\x1b[43m \x1b[49m\x1b[38;5;241;43m*\x1b[39;49m\x1b[38;5;241;43m*\x1b[39;49m\x1b[43mmethod_args\x1b[49m\x1b[43m)\x1b[49m\n\x1b[1;32m    134\x1b[0m \x1b[38;5;28;01melif\x1b[39;00m \x1b[38;5;28misinstance\x1b[39m(method, BaseTopkSchemaMatcher):\n\x1b[1;32m    135\x1b[0m     topk_matcher \x1b[38;5;241m=\x1b[39m method\n', 'File \x1b[0;32m/usr/local/lib/python3.10/site-packages/bdikit/schema_matching/topk/matcher_factory.py:31\x1b[0m, in \x1b[0;36mTopkMatchers.get_matcher\x1b[0;34m(matcher_name, **matcher_kwargs)\x1b[0m\n\x1b[1;32m     28\x1b[0m module_path, class_name \x1b[38;5;241m=\x1b[39m matchers[matcher_name]\x1b[38;5;241m.\x1b[39mrsplit(\x1b[38;5;124m"\x1b[39m\x1b[38;5;124m.\x1b[39m\x1b[38;5;124m"\x1b[39m, \x1b[38;5;241m1\x1b[39m)\n\x1b[1;32m     29\x1b[0m module \x1b[38;5;241m=\x1b[39m importlib\x1b[38;5;241m.\x1b[39mimport_module(module_path)\n\x1b[0;32m---> 31\x1b[0m \x1b[38;5;28;01mreturn\x1b[39;00m \x1b[38;5;28;43mgetattr\x1b[39;49m\x1b[43m(\x1b[49m\x1b[43mmodule\x1b[49m\x1b[43m,\x1b[49m\x1b[43m \x1b[49m\x1b[43mclass_name\x1b[49m\x1b[43m)\x1b[49m\x1b[43m(\x1b[49m\x1b[38;5;241;43m*\x1b[39;49m\x1b[38;5;241;43m*\x1b[39;49m\x1b[43mmatcher_kwargs\x1b[49m\x1b[43m)\x1b[49m\n', 'File \x1b[0;32m/usr/local/lib/python3.10/site-packages/bdikit/schema_matching/topk/contrastivelearning.py:60\x1b[0m, in \x1b[0;36mCLTopkSchemaMatcher.__init__\x1b[0;34m(self, model_name, metric)\x1b[0m\n\x1b[1;32m     58\x1b[0m \x1b[38;5;28;01mdef\x1b[39;00m\x1b[38;5;250m \x1b[39m\x1b[38;5;21m__init__\x1b[39m(\x1b[38;5;28mself\x1b[39m, model_name: \x1b[38;5;28mstr\x1b[39m \x1b[38;5;241m=\x1b[39m DEFAULT_CL_MODEL, metric: \x1b[38;5;28mstr\x1b[39m \x1b[38;5;241m=\x1b[39m \x1b[38;5;124m"\x1b[39m\x1b[38;5;124mcosine\x1b[39m\x1b[38;5;124m"\x1b[39m):\n\x1b[1;32m     59\x1b[0m     \x1b[38;5;28msuper\x1b[39m()\x1b[38;5;241m.\x1b[39m\x1b[38;5;21m__init__\x1b[39m(\n\x1b[0;32m---> 60\x1b[0m         column_embedder\x1b[38;5;241m=\x1b[39m\x1b[43mContrastiveLearningAPI\x1b[49m\x1b[43m(\x1b[49m\x1b[43mmodel_name\x1b[49m\x1b[38;5;241;43m=\x1b[39;49m\x1b[43mmodel_name\x1b[49m\x1b[43m)\x1b[49m, metric\x1b[38;5;241m=\x1b[39mmetric\n\x1b[1;32m     61\x1b[0m     )\n', 'File \x1b[0;32m/usr/local/lib/python3.10/site-packages/bdikit/models/contrastive_learning/cl_api.py:45\x1b[0m, in \x1b[0;36mContrastiveLearningAPI.__init__\x1b[0;34m(self, model_path, model_name, batch_size)\x1b[0m\n\x1b[1;32m     43\x1b[0m \x1b[38;5;28mself\x1b[39m\x1b[38;5;241m.\x1b[39mbatch_size \x1b[38;5;241m=\x1b[39m batch_size\n\x1b[1;32m     44\x1b[0m \x1b[38;5;28mself\x1b[39m\x1b[38;5;241m.\x1b[39mdevice \x1b[38;5;241m=\x1b[39m get_device()\n\x1b[0;32m---> 45\x1b[0m \x1b[38;5;28mself\x1b[39m\x1b[38;5;241m.\x1b[39mmodel \x1b[38;5;241m=\x1b[39m \x1b[38;5;28;43mself\x1b[39;49m\x1b[38;5;241;43m.\x1b[39;49m\x1b[43mload_checkpoint\x1b[49m\x1b[43m(\x1b[49m\x1b[43m)\x1b[49m\n', 'File \x1b[0;32m/usr/local/lib/python3.10/site-packages/bdikit/models/contrastive_learning/cl_api.py:48\x1b[0m, in \x1b[0;36mContrastiveLearningAPI.load_checkpoint\x1b[0;34m(self, lm)\x1b[0m\n\x1b[1;32m     47\x1b[0m \x1b[38;5;28;01mdef\x1b[39;00m\x1b[38;5;250m \x1b[39m\x1b[38;5;21mload_checkpoint\x1b[39m(\x1b[38;5;28mself\x1b[39m, lm: \x1b[38;5;28mstr\x1b[39m \x1b[38;5;241m=\x1b[39m \x1b[38;5;124m"\x1b[39m\x1b[38;5;124mroberta\x1b[39m\x1b[38;5;124m"\x1b[39m):\n\x1b[0;32m---> 48\x1b[0m     ckpt \x1b[38;5;241m=\x1b[39m \x1b[43mtorch\x1b[49m\x1b[38;5;241;43m.\x1b[39;49m\x1b[43mload\x1b[49m\x1b[43m(\x1b[49m\x1b[38;5;28;43mself\x1b[39;49m\x1b[38;5;241;43m.\x1b[39;49m\x1b[43mmodel_path\x1b[49m\x1b[43m,\x1b[49m\x1b[43m \x1b[49m\x1b[43mmap_location\x1b[49m\x1b[38;5;241;43m=\x1b[39;49m\x1b[43mtorch\x1b[49m\x1b[38;5;241;43m.\x1b[39;49m\x1b[43mdevice\x1b[49m\x1b[43m(\x1b[49m\x1b[38;5;124;43m"\x1b[39;49m\x1b[38;5;124;43mcpu\x1b[39;49m\x1b[38;5;124;43m"\x1b[39;49m\x1b[43m)\x1b[49m\x1b[43m)\x1b[49m\n\x1b[1;32m     49\x1b[0m     scale_loss \x1b[38;5;241m=\x1b[39m \x1b[38;5;241m0.1\x1b[39m\n\x1b[1;32m     50\x1b[0m     lambd \x1b[38;5;241m=\x1b[39m \x1b[38;5;241m3.9\x1b[39m\n', 'File \x1b[0;32m/usr/local/lib/python3.10/site-packages/torch/serialization.py:1529\x1b[0m, in \x1b[0;36mload\x1b[0;34m(f, map_location, pickle_module, weights_only, mmap, **pickle_load_args)\x1b[0m\n\x1b[1;32m   1521\x1b[0m                 \x1b[38;5;28;01mreturn\x1b[39;00m _load(\n\x1b[1;32m   1522\x1b[0m                     opened_zipfile,\n\x1b[1;32m   1523\x1b[0m                     map_location,\n\x1b[0;32m   (...)\x1b[0m\n\x1b[1;32m   1526\x1b[0m                     \x1b[38;5;241m*\x1b[39m\x1b[38;5;241m*\x1b[39mpickle_load_args,\n\x1b[1;32m   1527\x1b[0m                 )\n\x1b[1;32m   1528\x1b[0m             \x1b[38;5;28;01mexcept\x1b[39;00m pickle\x1b[38;5;241m.\x1b[39mUnpicklingError \x1b[38;5;28;01mas\x1b[39;00m e:\n\x1b[0;32m-> 1529\x1b[0m                 \x1b[38;5;28;01mraise\x1b[39;00m pickle\x1b[38;5;241m.\x1b[39mUnpicklingError(_get_wo_message(\x1b[38;5;28mstr\x1b[39m(e))) \x1b[38;5;28;01mfrom\x1b[39;00m\x1b[38;5;250m \x1b[39m\x1b[38;5;28;01mNone\x1b[39;00m\n\x1b[1;32m   1530\x1b[0m         \x1b[38;5;28;01mreturn\x1b[39;00m _load(\n\x1b[1;32m   1531\x1b[0m             opened_zipfile,\n\x1b[1;32m   1532\x1b[0m             map_location,\n\x1b[0;32m   (...)\x1b[0m\n\x1b[1;32m   1535\x1b[0m             \x1b[38;5;241m*\x1b[39m\x1b[38;5;241m*\x1b[39mpickle_load_args,\n\x1b[1;32m   1536\x1b[0m         )\n\x1b[1;32m   1537\x1b[0m \x1b[38;5;28;01mif\x1b[39;00m mmap:\n', '\x1b[0;31mUnpicklingError\x1b[0m: Weights only load failed. This file can still be loaded, to do so you have two options, \x1b[1mdo those steps only if you trust the source of the checkpoint\x1b[0m. \n\t(1) In PyTorch 2.6, we changed the default value of the `weights_only` argument in `torch.load` from `False` to `True`. Re-running `torch.load` with `weights_only` set to `False` will likely succeed, but it can result in arbitrary code execution. Do it only if you got the file from a trusted source.\n\t(2) Alternatively, to load with `weights_only=True` please check the recommended steps in the following error message.\n\tWeightsUnpickler error: Unsupported global: GLOBAL argparse.Namespace was not an allowed global by default. Please use `torch.serialization.add_safe_globals([argparse.Namespace])` or the `torch.serialization.safe_globals([argparse.Namespace])` context manager to allowlist this global if you trust this class/function.\n\nCheck the documentation of torch.load to learn more about types accepted by default with weights_only https://pytorch.org/docs/stable/generated/torch.load.html.'])
Error: UnpicklingError Weights only load failed. This file can still be loaded, to do so you have two options, [1mdo those steps only if you trust the source of the checkpoint[0m. 
	(1) In PyTorch 2.6, we changed the default value of the `weights_only` argument in `torch.load` from `False` to `True`. Re-running `torch.load` with `weights_only` set to `False` will likely succeed, but it can result in arbitrary code execution. Do it only if you got the file from a trusted source.
	(2) Alternatively, to load with `weights_only=True` please check the recommended steps in the following error message.
	WeightsUnpickler error: Unsupported global: GLOBAL argparse.Namespace was not an allowed global by default. Please use `torch.serialization.add_safe_globals([argparse.Namespace])` or the `torch.serialization.safe_globals([argparse.Namespace])` context manager to allowlist this global if you trust this class/function.

Check the documentation of torch.load to learn more about types accepted by default with weights_only https://pytorch.org/docs/stable/generated/torch.load.html.
Traceback:
[0;31m---------------------------------------------------------------------------[0m
[0;31mUnpicklingError[0m                           Traceback (most recent call last)
Cell [0;32mIn[5], line 2[0m
[1;32m      1[0m [38;5;28;01mimport[39;00m[38;5;250m [39m[38;5;21;01mbdikit[39;00m[38;5;250m [39m[38;5;28;01mas[39;00m[38;5;250m [39m[38;5;21;01mbdi[39;00m
[0;32m----> 2[0m column_mappings [38;5;241m=[39m [43mbdi[49m[38;5;241;43m.[39;49m[43mmatch_schema[49m[43m([49m[43mdf_subset[49m[43m,[49m[43m [49m[43mtarget[49m[38;5;241;43m=[39;49m[38;5;124;43m"[39;49m[38;5;124;43mgdc[39;49m[38;5;124;43m"[39;49m[43m,[49m[43m [49m[43mmethod[49m[38;5;241;43m=[39;49m[38;5;124;43m"[39;49m[38;5;124;43mct_learning[39;49m[38;5;124;43m"[39;49m[43m)[49m
[1;32m      3[0m column_mappings[38;5;241m.[39mto_markdown()

File [0;32m/usr/local/lib/python3.10/site-packages/bdikit/api.py:75[0m, in [0;36mmatch_schema[0;34m(source, target, method, method_args)[0m
[1;32m     73[0m     [38;5;28;01mif[39;00m method_args [38;5;129;01mis[39;00m [38;5;28;01mNone[39;00m:
[1;32m     74[0m         method_args [38;5;241m=[39m {}
[0;32m---> 75[0m     matcher_instance [38;5;241m=[39m [43mSchemaMatchers[49m[38;5;241;43m.[39;49m[43mget_matcher[49m[43m([49m[43mmethod[49m[43m,[49m[43m [49m[38;5;241;43m*[39;49m[38;5;241;43m*[39;49m[43mmethod_args[49m[43m)[49m
[1;32m     76[0m [38;5;28;01melif[39;00m [38;5;28misinstance[39m(method, BaseSchemaMatcher):
[1;32m     77[0m     matcher_instance [38;5;241m=[39m method

File [0;32m/usr/local/lib/python3.10/site-packages/bdikit/schema_matching/one2one/matcher_factory.py:60[0m, in [0;36mSchemaMatchers.get_matcher[0;34m(matcher_name, **matcher_kwargs)[0m
[1;32m     57[0m module_path, class_name [38;5;241m=[39m matchers[matcher_name][38;5;241m.[39mrsplit([38;5;124m"[39m[38;5;124m.[39m[38;5;124m"[39m, [38;5;241m1[39m)
[1;32m     58[0m module [38;5;241m=[39m importlib[38;5;241m.[39mimport_module(module_path)
[0;32m---> 60[0m [38;5;28;01mreturn[39;00m [38;5;28;43mgetattr[39;49m[43m([49m[43mmodule[49m[43m,[49m[43m [49m[43mclass_name[49m[43m)[49m[43m([49m[38;5;241;43m*[39;49m[38;5;241;43m*[39;49m[43mmatcher_kwargs[49m[43m)[49m

File [0;32m/usr/local/lib/python3.10/site-packages/bdikit/schema_matching/one2one/contrastivelearning.py:9[0m, in [0;36mContrastiveLearningSchemaMatcher.__init__[0;34m(self, model_name)[0m
[1;32m      8[0m [38;5;28;01mdef[39;00m[38;5;250m [39m[38;5;21m__init__[39m([38;5;28mself[39m, model_name: [38;5;28mstr[39m [38;5;241m=[39m DEFAULT_CL_MODEL):
[0;32m----> 9[0m     [38;5;28mself[39m[38;5;241m.[39mtopk_matcher [38;5;241m=[39m [43mCLTopkSchemaMatcher[49m[43m([49m[43mmodel_name[49m[38;5;241;43m=[39;49m[43mmodel_name[49m[43m)[49m

File [0;32m/usr/local/lib/python3.10/site-packages/bdikit/schema_matching/topk/contrastivelearning.py:60[0m, in [0;36mCLTopkSchemaMatcher.__init__[0;34m(self, model_name, metric)[0m
[1;32m     58[0m [38;5;28;01mdef[39;00m[38;5;250m [39m[38;5;21m__init__[39m([38;5;28mself[39m, model_name: [38;5;28mstr[39m [38;5;241m=[39m DEFAULT_CL_MODEL, metric: [38;5;28mstr[39m [38;5;241m=[39m [38;5;124m"[39m[38;5;124mcosine[39m[38;5;124m"[39m):
[1;32m     59[0m     [38;5;28msuper[39m()[38;5;241m.[39m[38;5;21m__init__[39m(
[0;32m---> 60[0m         column_embedder[38;5;241m=[39m[43mContrastiveLearningAPI[49m[43m([49m[43mmodel_name[49m[38;5;241;43m=[39;49m[43mmodel_name[49m[43m)[49m, metric[38;5;241m=[39mmetric
[1;32m     61[0m     )

File [0;32m/usr/local/lib/python3.10/site-packages/bdikit/models/contrastive_learning/cl_api.py:45[0m, in [0;36mContrastiveLearningAPI.__init__[0;34m(self, model_path, model_name, batch_size)[0m
[1;32m     43[0m [38;5;28mself[39m[38;5;241m.[39mbatch_size [38;5;241m=[39m batch_size
[1;32m     44[0m [38;5;28mself[39m[38;5;241m.[39mdevice [38;5;241m=[39m get_device()
[0;32m---> 45[0m [38;5;28mself[39m[38;5;241m.[39mmodel [38;5;241m=[39m [38;5;28;43mself[39;49m[38;5;241;43m.[39;49m[43mload_checkpoint[49m[43m([49m[43m)[49m

File [0;32m/usr/local/lib/python3.10/site-packages/bdikit/models/contrastive_learning/cl_api.py:48[0m, in [0;36mContrastiveLearningAPI.load_checkpoint[0;34m(self, lm)[0m
[1;32m     47[0m [38;5;28;01mdef[39;00m[38;5;250m [39m[38;5;21mload_checkpoint[39m([38;5;28mself[39m, lm: [38;5;28mstr[39m [38;5;241m=[39m [38;5;124m"[39m[38;5;124mroberta[39m[38;5;124m"[39m):
[0;32m---> 48[0m     ckpt [38;5;241m=[39m [43mtorch[49m[38;5;241;43m.[39;49m[43mload[49m[43m([49m[38;5;28;43mself[39;49m[38;5;241;43m.[39;49m[43mmodel_path[49m[43m,[49m[43m [49m[43mmap_location[49m[38;5;241;43m=[39;49m[43mtorch[49m[38;5;241;43m.[39;49m[43mdevice[49m[43m([49m[38;5;124;43m"[39;49m[38;5;124;43mcpu[39;49m[38;5;124;43m"[39;49m[43m)[49m[43m)[49m
[1;32m     49[0m     scale_loss [38;5;241m=[39m [38;5;241m0.1[39m
[1;32m     50[0m     lambd [38;5;241m=[39m [38;5;241m3.9[39m

File [0;32m/usr/local/lib/python3.10/site-packages/torch/serialization.py:1529[0m, in [0;36mload[0;34m(f, map_location, pickle_module, weights_only, mmap, **pickle_load_args)[0m
[1;32m   1521[0m                 [38;5;28;01mreturn[39;00m _load(
[1;32m   1522[0m                     opened_zipfile,
[1;32m   1523[0m                     map_location,
[0;32m   (...)[0m
[1;32m   1526[0m                     [38;5;241m*[39m[38;5;241m*[39mpickle_load_args,
[1;32m   1527[0m                 )
[1;32m   1528[0m             [38;5;28;01mexcept[39;00m pickle[38;5;241m.[39mUnpicklingError [38;5;28;01mas[39;00m e:
[0;32m-> 1529[0m                 [38;5;28;01mraise[39;00m pickle[38;5;241m.[39mUnpicklingError(_get_wo_message([38;5;28mstr[39m(e))) [38;5;28;01mfrom[39;00m[38;5;250m [39m[38;5;28;01mNone[39;00m
[1;32m   1530[0m         [38;5;28;01mreturn[39;00m _load(
[1;32m   1531[0m             opened_zipfile,
[1;32m   1532[0m             map_location,
[0;32m   (...)[0m
[1;32m   1535[0m             [38;5;241m*[39m[38;5;241m*[39mpickle_load_args,
[1;32m   1536[0m         )
[1;32m   1537[0m [38;5;28;01mif[39;00m mmap:

[0;31mUnpicklingError[0m: Weights only load failed. This file can still be loaded, to do so you have two options, [1mdo those steps only if you trust the source of the checkpoint[0m. 
	(1) In PyTorch 2.6, we changed the default value of the `weights_only` argument in `torch.load` from `False` to `True`. Re-running `torch.load` with `weights_only` set to `False` will likely succeed, but it can result in arbitrary code execution. Do it only if you got the file from a trusted source.
	(2) Alternatively, to load with `weights_only=True` please check the recommended steps in the following error message.
	WeightsUnpickler error: Unsupported global: GLOBAL argparse.Namespace was not an allowed global by default. Please use `torch.serialization.add_safe_globals([argparse.Namespace])` or the `torch.serialization.safe_globals([argparse.Namespace])` context manager to allowlist this global if you trust this class/function.

Check the documentation of torch.load to learn more about types accepted by default with weights_only https://pytorch.org/docs/stable/generated/torch.load.html.
Uncaught exception in ZMQStream callback
Traceback (most recent call last):
  File "/usr/local/lib/python3.10/site-packages/zmq/eventloop/zmqstream.py", line 565, in _log_error
    f.result()
  File "/usr/local/lib/python3.10/site-packages/beaker_kernel/lib/jupyter_kernel_proxy.py", line 253, in handler
    new_data = await callback(self, other_stream, data)
  File "/usr/local/lib/python3.10/site-packages/beaker_kernel/lib/context.py", line 835, in handle_error
    raise ExecutionError(content["ename"], content["evalue"], content["traceback"])
beaker_kernel.lib.utils.ExecutionError: ('UnpicklingError', 'Weights only load failed. This file can still be loaded, to do so you have two options, \x1b[1mdo those steps only if you trust the source of the checkpoint\x1b[0m. \n\t(1) In PyTorch 2.6, we changed the default value of the `weights_only` argument in `torch.load` from `False` to `True`. Re-running `torch.load` with `weights_only` set to `False` will likely succeed, but it can result in arbitrary code execution. Do it only if you got the file from a trusted source.\n\t(2) Alternatively, to load with `weights_only=True` please check the recommended steps in the following error message.\n\tWeightsUnpickler error: Unsupported global: GLOBAL argparse.Namespace was not an allowed global by default. Please use `torch.serialization.add_safe_globals([argparse.Namespace])` or the `torch.serialization.safe_globals([argparse.Namespace])` context manager to allowlist this global if you trust this class/function.\n\nCheck the documentation of torch.load to learn more about types accepted by default with weights_only https://pytorch.org/docs/stable/generated/torch.load.html.', ['\x1b[0;31m---------------------------------------------------------------------------\x1b[0m', '\x1b[0;31mUnpicklingError\x1b[0m                           Traceback (most recent call last)', 'Cell \x1b[0;32mIn[5], line 2\x1b[0m\n\x1b[1;32m      1\x1b[0m \x1b[38;5;28;01mimport\x1b[39;00m\x1b[38;5;250m \x1b[39m\x1b[38;5;21;01mbdikit\x1b[39;00m\x1b[38;5;250m \x1b[39m\x1b[38;5;28;01mas\x1b[39;00m\x1b[38;5;250m \x1b[39m\x1b[38;5;21;01mbdi\x1b[39;00m\n\x1b[0;32m----> 2\x1b[0m column_mappings \x1b[38;5;241m=\x1b[39m \x1b[43mbdi\x1b[49m\x1b[38;5;241;43m.\x1b[39;49m\x1b[43mmatch_schema\x1b[49m\x1b[43m(\x1b[49m\x1b[43mdf_subset\x1b[49m\x1b[43m,\x1b[49m\x1b[43m \x1b[49m\x1b[43mtarget\x1b[49m\x1b[38;5;241;43m=\x1b[39;49m\x1b[38;5;124;43m"\x1b[39;49m\x1b[38;5;124;43mgdc\x1b[39;49m\x1b[38;5;124;43m"\x1b[39;49m\x1b[43m,\x1b[49m\x1b[43m \x1b[49m\x1b[43mmethod\x1b[49m\x1b[38;5;241;43m=\x1b[39;49m\x1b[38;5;124;43m"\x1b[39;49m\x1b[38;5;124;43mct_learning\x1b[39;49m\x1b[38;5;124;43m"\x1b[39;49m\x1b[43m)\x1b[49m\n\x1b[1;32m      3\x1b[0m column_mappings\x1b[38;5;241m.\x1b[39mto_markdown()\n', 'File \x1b[0;32m/usr/local/lib/python3.10/site-packages/bdikit/api.py:75\x1b[0m, in \x1b[0;36mmatch_schema\x1b[0;34m(source, target, method, method_args)\x1b[0m\n\x1b[1;32m     73\x1b[0m     \x1b[38;5;28;01mif\x1b[39;00m method_args \x1b[38;5;129;01mis\x1b[39;00m \x1b[38;5;28;01mNone\x1b[39;00m:\n\x1b[1;32m     74\x1b[0m         method_args \x1b[38;5;241m=\x1b[39m {}\n\x1b[0;32m---> 75\x1b[0m     matcher_instance \x1b[38;5;241m=\x1b[39m \x1b[43mSchemaMatchers\x1b[49m\x1b[38;5;241;43m.\x1b[39;49m\x1b[43mget_matcher\x1b[49m\x1b[43m(\x1b[49m\x1b[43mmethod\x1b[49m\x1b[43m,\x1b[49m\x1b[43m \x1b[49m\x1b[38;5;241;43m*\x1b[39;49m\x1b[38;5;241;43m*\x1b[39;49m\x1b[43mmethod_args\x1b[49m\x1b[43m)\x1b[49m\n\x1b[1;32m     76\x1b[0m \x1b[38;5;28;01melif\x1b[39;00m \x1b[38;5;28misinstance\x1b[39m(method, BaseSchemaMatcher):\n\x1b[1;32m     77\x1b[0m     matcher_instance \x1b[38;5;241m=\x1b[39m method\n', 'File \x1b[0;32m/usr/local/lib/python3.10/site-packages/bdikit/schema_matching/one2one/matcher_factory.py:60\x1b[0m, in \x1b[0;36mSchemaMatchers.get_matcher\x1b[0;34m(matcher_name, **matcher_kwargs)\x1b[0m\n\x1b[1;32m     57\x1b[0m module_path, class_name \x1b[38;5;241m=\x1b[39m matchers[matcher_name]\x1b[38;5;241m.\x1b[39mrsplit(\x1b[38;5;124m"\x1b[39m\x1b[38;5;124m.\x1b[39m\x1b[38;5;124m"\x1b[39m, \x1b[38;5;241m1\x1b[39m)\n\x1b[1;32m     58\x1b[0m module \x1b[38;5;241m=\x1b[39m importlib\x1b[38;5;241m.\x1b[39mimport_module(module_path)\n\x1b[0;32m---> 60\x1b[0m \x1b[38;5;28;01mreturn\x1b[39;00m \x1b[38;5;28;43mgetattr\x1b[39;49m\x1b[43m(\x1b[49m\x1b[43mmodule\x1b[49m\x1b[43m,\x1b[49m\x1b[43m \x1b[49m\x1b[43mclass_name\x1b[49m\x1b[43m)\x1b[49m\x1b[43m(\x1b[49m\x1b[38;5;241;43m*\x1b[39;49m\x1b[38;5;241;43m*\x1b[39;49m\x1b[43mmatcher_kwargs\x1b[49m\x1b[43m)\x1b[49m\n', 'File \x1b[0;32m/usr/local/lib/python3.10/site-packages/bdikit/schema_matching/one2one/contrastivelearning.py:9\x1b[0m, in \x1b[0;36mContrastiveLearningSchemaMatcher.__init__\x1b[0;34m(self, model_name)\x1b[0m\n\x1b[1;32m      8\x1b[0m \x1b[38;5;28;01mdef\x1b[39;00m\x1b[38;5;250m \x1b[39m\x1b[38;5;21m__init__\x1b[39m(\x1b[38;5;28mself\x1b[39m, model_name: \x1b[38;5;28mstr\x1b[39m \x1b[38;5;241m=\x1b[39m DEFAULT_CL_MODEL):\n\x1b[0;32m----> 9\x1b[0m     \x1b[38;5;28mself\x1b[39m\x1b[38;5;241m.\x1b[39mtopk_matcher \x1b[38;5;241m=\x1b[39m \x1b[43mCLTopkSchemaMatcher\x1b[49m\x1b[43m(\x1b[49m\x1b[43mmodel_name\x1b[49m\x1b[38;5;241;43m=\x1b[39;49m\x1b[43mmodel_name\x1b[49m\x1b[43m)\x1b[49m\n', 'File \x1b[0;32m/usr/local/lib/python3.10/site-packages/bdikit/schema_matching/topk/contrastivelearning.py:60\x1b[0m, in \x1b[0;36mCLTopkSchemaMatcher.__init__\x1b[0;34m(self, model_name, metric)\x1b[0m\n\x1b[1;32m     58\x1b[0m \x1b[38;5;28;01mdef\x1b[39;00m\x1b[38;5;250m \x1b[39m\x1b[38;5;21m__init__\x1b[39m(\x1b[38;5;28mself\x1b[39m, model_name: \x1b[38;5;28mstr\x1b[39m \x1b[38;5;241m=\x1b[39m DEFAULT_CL_MODEL, metric: \x1b[38;5;28mstr\x1b[39m \x1b[38;5;241m=\x1b[39m \x1b[38;5;124m"\x1b[39m\x1b[38;5;124mcosine\x1b[39m\x1b[38;5;124m"\x1b[39m):\n\x1b[1;32m     59\x1b[0m     \x1b[38;5;28msuper\x1b[39m()\x1b[38;5;241m.\x1b[39m\x1b[38;5;21m__init__\x1b[39m(\n\x1b[0;32m---> 60\x1b[0m         column_embedder\x1b[38;5;241m=\x1b[39m\x1b[43mContrastiveLearningAPI\x1b[49m\x1b[43m(\x1b[49m\x1b[43mmodel_name\x1b[49m\x1b[38;5;241;43m=\x1b[39;49m\x1b[43mmodel_name\x1b[49m\x1b[43m)\x1b[49m, metric\x1b[38;5;241m=\x1b[39mmetric\n\x1b[1;32m     61\x1b[0m     )\n', 'File \x1b[0;32m/usr/local/lib/python3.10/site-packages/bdikit/models/contrastive_learning/cl_api.py:45\x1b[0m, in \x1b[0;36mContrastiveLearningAPI.__init__\x1b[0;34m(self, model_path, model_name, batch_size)\x1b[0m\n\x1b[1;32m     43\x1b[0m \x1b[38;5;28mself\x1b[39m\x1b[38;5;241m.\x1b[39mbatch_size \x1b[38;5;241m=\x1b[39m batch_size\n\x1b[1;32m     44\x1b[0m \x1b[38;5;28mself\x1b[39m\x1b[38;5;241m.\x1b[39mdevice \x1b[38;5;241m=\x1b[39m get_device()\n\x1b[0;32m---> 45\x1b[0m \x1b[38;5;28mself\x1b[39m\x1b[38;5;241m.\x1b[39mmodel \x1b[38;5;241m=\x1b[39m \x1b[38;5;28;43mself\x1b[39;49m\x1b[38;5;241;43m.\x1b[39;49m\x1b[43mload_checkpoint\x1b[49m\x1b[43m(\x1b[49m\x1b[43m)\x1b[49m\n', 'File \x1b[0;32m/usr/local/lib/python3.10/site-packages/bdikit/models/contrastive_learning/cl_api.py:48\x1b[0m, in \x1b[0;36mContrastiveLearningAPI.load_checkpoint\x1b[0;34m(self, lm)\x1b[0m\n\x1b[1;32m     47\x1b[0m \x1b[38;5;28;01mdef\x1b[39;00m\x1b[38;5;250m \x1b[39m\x1b[38;5;21mload_checkpoint\x1b[39m(\x1b[38;5;28mself\x1b[39m, lm: \x1b[38;5;28mstr\x1b[39m \x1b[38;5;241m=\x1b[39m \x1b[38;5;124m"\x1b[39m\x1b[38;5;124mroberta\x1b[39m\x1b[38;5;124m"\x1b[39m):\n\x1b[0;32m---> 48\x1b[0m     ckpt \x1b[38;5;241m=\x1b[39m \x1b[43mtorch\x1b[49m\x1b[38;5;241;43m.\x1b[39;49m\x1b[43mload\x1b[49m\x1b[43m(\x1b[49m\x1b[38;5;28;43mself\x1b[39;49m\x1b[38;5;241;43m.\x1b[39;49m\x1b[43mmodel_path\x1b[49m\x1b[43m,\x1b[49m\x1b[43m \x1b[49m\x1b[43mmap_location\x1b[49m\x1b[38;5;241;43m=\x1b[39;49m\x1b[43mtorch\x1b[49m\x1b[38;5;241;43m.\x1b[39;49m\x1b[43mdevice\x1b[49m\x1b[43m(\x1b[49m\x1b[38;5;124;43m"\x1b[39;49m\x1b[38;5;124;43mcpu\x1b[39;49m\x1b[38;5;124;43m"\x1b[39;49m\x1b[43m)\x1b[49m\x1b[43m)\x1b[49m\n\x1b[1;32m     49\x1b[0m     scale_loss \x1b[38;5;241m=\x1b[39m \x1b[38;5;241m0.1\x1b[39m\n\x1b[1;32m     50\x1b[0m     lambd \x1b[38;5;241m=\x1b[39m \x1b[38;5;241m3.9\x1b[39m\n', 'File \x1b[0;32m/usr/local/lib/python3.10/site-packages/torch/serialization.py:1529\x1b[0m, in \x1b[0;36mload\x1b[0;34m(f, map_location, pickle_module, weights_only, mmap, **pickle_load_args)\x1b[0m\n\x1b[1;32m   1521\x1b[0m                 \x1b[38;5;28;01mreturn\x1b[39;00m _load(\n\x1b[1;32m   1522\x1b[0m                     opened_zipfile,\n\x1b[1;32m   1523\x1b[0m                     map_location,\n\x1b[0;32m   (...)\x1b[0m\n\x1b[1;32m   1526\x1b[0m                     \x1b[38;5;241m*\x1b[39m\x1b[38;5;241m*\x1b[39mpickle_load_args,\n\x1b[1;32m   1527\x1b[0m                 )\n\x1b[1;32m   1528\x1b[0m             \x1b[38;5;28;01mexcept\x1b[39;00m pickle\x1b[38;5;241m.\x1b[39mUnpicklingError \x1b[38;5;28;01mas\x1b[39;00m e:\n\x1b[0;32m-> 1529\x1b[0m                 \x1b[38;5;28;01mraise\x1b[39;00m pickle\x1b[38;5;241m.\x1b[39mUnpicklingError(_get_wo_message(\x1b[38;5;28mstr\x1b[39m(e))) \x1b[38;5;28;01mfrom\x1b[39;00m\x1b[38;5;250m \x1b[39m\x1b[38;5;28;01mNone\x1b[39;00m\n\x1b[1;32m   1530\x1b[0m         \x1b[38;5;28;01mreturn\x1b[39;00m _load(\n\x1b[1;32m   1531\x1b[0m             opened_zipfile,\n\x1b[1;32m   1532\x1b[0m             map_location,\n\x1b[0;32m   (...)\x1b[0m\n\x1b[1;32m   1535\x1b[0m             \x1b[38;5;241m*\x1b[39m\x1b[38;5;241m*\x1b[39mpickle_load_args,\n\x1b[1;32m   1536\x1b[0m         )\n\x1b[1;32m   1537\x1b[0m \x1b[38;5;28;01mif\x1b[39;00m mmap:\n', '\x1b[0;31mUnpicklingError\x1b[0m: Weights only load failed. This file can still be loaded, to do so you have two options, \x1b[1mdo those steps only if you trust the source of the checkpoint\x1b[0m. \n\t(1) In PyTorch 2.6, we changed the default value of the `weights_only` argument in `torch.load` from `False` to `True`. Re-running `torch.load` with `weights_only` set to `False` will likely succeed, but it can result in arbitrary code execution. Do it only if you got the file from a trusted source.\n\t(2) Alternatively, to load with `weights_only=True` please check the recommended steps in the following error message.\n\tWeightsUnpickler error: Unsupported global: GLOBAL argparse.Namespace was not an allowed global by default. Please use `torch.serialization.add_safe_globals([argparse.Namespace])` or the `torch.serialization.safe_globals([argparse.Namespace])` context manager to allowlist this global if you trust this class/function.\n\nCheck the documentation of torch.load to learn more about types accepted by default with weights_only https://pytorch.org/docs/stable/generated/torch.load.html.'])
Error: UnpicklingError Weights only load failed. This file can still be loaded, to do so you have two options, [1mdo those steps only if you trust the source of the checkpoint[0m. 
	(1) In PyTorch 2.6, we changed the default value of the `weights_only` argument in `torch.load` from `False` to `True`. Re-running `torch.load` with `weights_only` set to `False` will likely succeed, but it can result in arbitrary code execution. Do it only if you got the file from a trusted source.
	(2) Alternatively, to load with `weights_only=True` please check the recommended steps in the following error message.
	WeightsUnpickler error: Unsupported global: GLOBAL argparse.Namespace was not an allowed global by default. Please use `torch.serialization.add_safe_globals([argparse.Namespace])` or the `torch.serialization.safe_globals([argparse.Namespace])` context manager to allowlist this global if you trust this class/function.

Check the documentation of torch.load to learn more about types accepted by default with weights_only https://pytorch.org/docs/stable/generated/torch.load.html.
Traceback:
[0;31m---------------------------------------------------------------------------[0m
[0;31mUnpicklingError[0m                           Traceback (most recent call last)
Cell [0;32mIn[5], line 2[0m
[1;32m      1[0m [38;5;28;01mimport[39;00m[38;5;250m [39m[38;5;21;01mbdikit[39;00m[38;5;250m [39m[38;5;28;01mas[39;00m[38;5;250m [39m[38;5;21;01mbdi[39;00m
[0;32m----> 2[0m top_matches [38;5;241m=[39m [43mbdi[49m[38;5;241;43m.[39;49m[43mtop_matches[49m[43m([49m[43mdf_subset[49m[43m,[49m[43m [49m[43mcolumns[49m[38;5;241;43m=[39;49m[43m[[49m[38;5;124;43m"[39;49m[38;5;124;43mGender[39;49m[38;5;124;43m"[39;49m[43m][49m[43m,[49m[43m [49m[43mtarget[49m[38;5;241;43m=[39;49m[38;5;124;43m"[39;49m[38;5;124;43mgdc[39;49m[38;5;124;43m"[39;49m[43m)[49m
[1;32m      3[0m top_matches[38;5;241m.[39mto_markdown()

File [0;32m/usr/local/lib/python3.10/site-packages/bdikit/api.py:133[0m, in [0;36mtop_matches[0;34m(source, columns, target, top_k, method, method_args)[0m
[1;32m    131[0m     [38;5;28;01mif[39;00m method_args [38;5;129;01mis[39;00m [38;5;28;01mNone[39;00m:
[1;32m    132[0m         method_args [38;5;241m=[39m {}
[0;32m--> 133[0m     topk_matcher [38;5;241m=[39m [43mTopkMatchers[49m[38;5;241;43m.[39;49m[43mget_matcher[49m[43m([49m[43mmethod[49m[43m,[49m[43m [49m[38;5;241;43m*[39;49m[38;5;241;43m*[39;49m[43mmethod_args[49m[43m)[49m
[1;32m    134[0m [38;5;28;01melif[39;00m [38;5;28misinstance[39m(method, BaseTopkSchemaMatcher):
[1;32m    135[0m     topk_matcher [38;5;241m=[39m method

File [0;32m/usr/local/lib/python3.10/site-packages/bdikit/schema_matching/topk/matcher_factory.py:31[0m, in [0;36mTopkMatchers.get_matcher[0;34m(matcher_name, **matcher_kwargs)[0m
[1;32m     28[0m module_path, class_name [38;5;241m=[39m matchers[matcher_name][38;5;241m.[39mrsplit([38;5;124m"[39m[38;5;124m.[39m[38;5;124m"[39m, [38;5;241m1[39m)
[1;32m     29[0m module [38;5;241m=[39m importlib[38;5;241m.[39mimport_module(module_path)
[0;32m---> 31[0m [38;5;28;01mreturn[39;00m [38;5;28;43mgetattr[39;49m[43m([49m[43mmodule[49m[43m,[49m[43m [49m[43mclass_name[49m[43m)[49m[43m([49m[38;5;241;43m*[39;49m[38;5;241;43m*[39;49m[43mmatcher_kwargs[49m[43m)[49m

File [0;32m/usr/local/lib/python3.10/site-packages/bdikit/schema_matching/topk/contrastivelearning.py:60[0m, in [0;36mCLTopkSchemaMatcher.__init__[0;34m(self, model_name, metric)[0m
[1;32m     58[0m [38;5;28;01mdef[39;00m[38;5;250m [39m[38;5;21m__init__[39m([38;5;28mself[39m, model_name: [38;5;28mstr[39m [38;5;241m=[39m DEFAULT_CL_MODEL, metric: [38;5;28mstr[39m [38;5;241m=[39m [38;5;124m"[39m[38;5;124mcosine[39m[38;5;124m"[39m):
[1;32m     59[0m     [38;5;28msuper[39m()[38;5;241m.[39m[38;5;21m__init__[39m(
[0;32m---> 60[0m         column_embedder[38;5;241m=[39m[43mContrastiveLearningAPI[49m[43m([49m[43mmodel_name[49m[38;5;241;43m=[39;49m[43mmodel_name[49m[43m)[49m, metric[38;5;241m=[39mmetric
[1;32m     61[0m     )

File [0;32m/usr/local/lib/python3.10/site-packages/bdikit/models/contrastive_learning/cl_api.py:45[0m, in [0;36mContrastiveLearningAPI.__init__[0;34m(self, model_path, model_name, batch_size)[0m
[1;32m     43[0m [38;5;28mself[39m[38;5;241m.[39mbatch_size [38;5;241m=[39m batch_size
[1;32m     44[0m [38;5;28mself[39m[38;5;241m.[39mdevice [38;5;241m=[39m get_device()
[0;32m---> 45[0m [38;5;28mself[39m[38;5;241m.[39mmodel [38;5;241m=[39m [38;5;28;43mself[39;49m[38;5;241;43m.[39;49m[43mload_checkpoint[49m[43m([49m[43m)[49m

File [0;32m/usr/local/lib/python3.10/site-packages/bdikit/models/contrastive_learning/cl_api.py:48[0m, in [0;36mContrastiveLearningAPI.load_checkpoint[0;34m(self, lm)[0m
[1;32m     47[0m [38;5;28;01mdef[39;00m[38;5;250m [39m[38;5;21mload_checkpoint[39m([38;5;28mself[39m, lm: [38;5;28mstr[39m [38;5;241m=[39m [38;5;124m"[39m[38;5;124mroberta[39m[38;5;124m"[39m):
[0;32m---> 48[0m     ckpt [38;5;241m=[39m [43mtorch[49m[38;5;241;43m.[39;49m[43mload[49m[43m([49m[38;5;28;43mself[39;49m[38;5;241;43m.[39;49m[43mmodel_path[49m[43m,[49m[43m [49m[43mmap_location[49m[38;5;241;43m=[39;49m[43mtorch[49m[38;5;241;43m.[39;49m[43mdevice[49m[43m([49m[38;5;124;43m"[39;49m[38;5;124;43mcpu[39;49m[38;5;124;43m"[39;49m[43m)[49m[43m)[49m
[1;32m     49[0m     scale_loss [38;5;241m=[39m [38;5;241m0.1[39m
[1;32m     50[0m     lambd [38;5;241m=[39m [38;5;241m3.9[39m

File [0;32m/usr/local/lib/python3.10/site-packages/torch/serialization.py:1529[0m, in [0;36mload[0;34m(f, map_location, pickle_module, weights_only, mmap, **pickle_load_args)[0m
[1;32m   1521[0m                 [38;5;28;01mreturn[39;00m _load(
[1;32m   1522[0m                     opened_zipfile,
[1;32m   1523[0m                     map_location,
[0;32m   (...)[0m
[1;32m   1526[0m                     [38;5;241m*[39m[38;5;241m*[39mpickle_load_args,
[1;32m   1527[0m                 )
[1;32m   1528[0m             [38;5;28;01mexcept[39;00m pickle[38;5;241m.[39mUnpicklingError [38;5;28;01mas[39;00m e:
[0;32m-> 1529[0m                 [38;5;28;01mraise[39;00m pickle[38;5;241m.[39mUnpicklingError(_get_wo_message([38;5;28mstr[39m(e))) [38;5;28;01mfrom[39;00m[38;5;250m [39m[38;5;28;01mNone[39;00m
[1;32m   1530[0m         [38;5;28;01mreturn[39;00m _load(
[1;32m   1531[0m             opened_zipfile,
[1;32m   1532[0m             map_location,
[0;32m   (...)[0m
[1;32m   1535[0m             [38;5;241m*[39m[38;5;241m*[39mpickle_load_args,
[1;32m   1536[0m         )
[1;32m   1537[0m [38;5;28;01mif[39;00m mmap:

[0;31mUnpicklingError[0m: Weights only load failed. This file can still be loaded, to do so you have two options, [1mdo those steps only if you trust the source of the checkpoint[0m. 
	(1) In PyTorch 2.6, we changed the default value of the `weights_only` argument in `torch.load` from `False` to `True`. Re-running `torch.load` with `weights_only` set to `False` will likely succeed, but it can result in arbitrary code execution. Do it only if you got the file from a trusted source.
	(2) Alternatively, to load with `weights_only=True` please check the recommended steps in the following error message.
	WeightsUnpickler error: Unsupported global: GLOBAL argparse.Namespace was not an allowed global by default. Please use `torch.serialization.add_safe_globals([argparse.Namespace])` or the `torch.serialization.safe_globals([argparse.Namespace])` context manager to allowlist this global if you trust this class/function.

Check the documentation of torch.load to learn more about types accepted by default with weights_only https://pytorch.org/docs/stable/generated/torch.load.html.
Uncaught exception in ZMQStream callback
Traceback (most recent call last):
  File "/usr/local/lib/python3.10/site-packages/zmq/eventloop/zmqstream.py", line 565, in _log_error
    f.result()
  File "/usr/local/lib/python3.10/site-packages/beaker_kernel/lib/jupyter_kernel_proxy.py", line 253, in handler
    new_data = await callback(self, other_stream, data)
  File "/usr/local/lib/python3.10/site-packages/beaker_kernel/lib/context.py", line 835, in handle_error
    raise ExecutionError(content["ename"], content["evalue"], content["traceback"])
beaker_kernel.lib.utils.ExecutionError: ('UnpicklingError', 'Weights only load failed. This file can still be loaded, to do so you have two options, \x1b[1mdo those steps only if you trust the source of the checkpoint\x1b[0m. \n\t(1) In PyTorch 2.6, we changed the default value of the `weights_only` argument in `torch.load` from `False` to `True`. Re-running `torch.load` with `weights_only` set to `False` will likely succeed, but it can result in arbitrary code execution. Do it only if you got the file from a trusted source.\n\t(2) Alternatively, to load with `weights_only=True` please check the recommended steps in the following error message.\n\tWeightsUnpickler error: Unsupported global: GLOBAL argparse.Namespace was not an allowed global by default. Please use `torch.serialization.add_safe_globals([argparse.Namespace])` or the `torch.serialization.safe_globals([argparse.Namespace])` context manager to allowlist this global if you trust this class/function.\n\nCheck the documentation of torch.load to learn more about types accepted by default with weights_only https://pytorch.org/docs/stable/generated/torch.load.html.', ['\x1b[0;31m---------------------------------------------------------------------------\x1b[0m', '\x1b[0;31mUnpicklingError\x1b[0m                           Traceback (most recent call last)', 'Cell \x1b[0;32mIn[5], line 2\x1b[0m\n\x1b[1;32m      1\x1b[0m \x1b[38;5;28;01mimport\x1b[39;00m\x1b[38;5;250m \x1b[39m\x1b[38;5;21;01mbdikit\x1b[39;00m\x1b[38;5;250m \x1b[39m\x1b[38;5;28;01mas\x1b[39;00m\x1b[38;5;250m \x1b[39m\x1b[38;5;21;01mbdi\x1b[39;00m\n\x1b[0;32m----> 2\x1b[0m top_matches \x1b[38;5;241m=\x1b[39m \x1b[43mbdi\x1b[49m\x1b[38;5;241;43m.\x1b[39;49m\x1b[43mtop_matches\x1b[49m\x1b[43m(\x1b[49m\x1b[43mdf_subset\x1b[49m\x1b[43m,\x1b[49m\x1b[43m \x1b[49m\x1b[43mcolumns\x1b[49m\x1b[38;5;241;43m=\x1b[39;49m\x1b[43m[\x1b[49m\x1b[38;5;124;43m"\x1b[39;49m\x1b[38;5;124;43mGender\x1b[39;49m\x1b[38;5;124;43m"\x1b[39;49m\x1b[43m]\x1b[49m\x1b[43m,\x1b[49m\x1b[43m \x1b[49m\x1b[43mtarget\x1b[49m\x1b[38;5;241;43m=\x1b[39;49m\x1b[38;5;124;43m"\x1b[39;49m\x1b[38;5;124;43mgdc\x1b[39;49m\x1b[38;5;124;43m"\x1b[39;49m\x1b[43m)\x1b[49m\n\x1b[1;32m      3\x1b[0m top_matches\x1b[38;5;241m.\x1b[39mto_markdown()\n', 'File \x1b[0;32m/usr/local/lib/python3.10/site-packages/bdikit/api.py:133\x1b[0m, in \x1b[0;36mtop_matches\x1b[0;34m(source, columns, target, top_k, method, method_args)\x1b[0m\n\x1b[1;32m    131\x1b[0m     \x1b[38;5;28;01mif\x1b[39;00m method_args \x1b[38;5;129;01mis\x1b[39;00m \x1b[38;5;28;01mNone\x1b[39;00m:\n\x1b[1;32m    132\x1b[0m         method_args \x1b[38;5;241m=\x1b[39m {}\n\x1b[0;32m--> 133\x1b[0m     topk_matcher \x1b[38;5;241m=\x1b[39m \x1b[43mTopkMatchers\x1b[49m\x1b[38;5;241;43m.\x1b[39;49m\x1b[43mget_matcher\x1b[49m\x1b[43m(\x1b[49m\x1b[43mmethod\x1b[49m\x1b[43m,\x1b[49m\x1b[43m \x1b[49m\x1b[38;5;241;43m*\x1b[39;49m\x1b[38;5;241;43m*\x1b[39;49m\x1b[43mmethod_args\x1b[49m\x1b[43m)\x1b[49m\n\x1b[1;32m    134\x1b[0m \x1b[38;5;28;01melif\x1b[39;00m \x1b[38;5;28misinstance\x1b[39m(method, BaseTopkSchemaMatcher):\n\x1b[1;32m    135\x1b[0m     topk_matcher \x1b[38;5;241m=\x1b[39m method\n', 'File \x1b[0;32m/usr/local/lib/python3.10/site-packages/bdikit/schema_matching/topk/matcher_factory.py:31\x1b[0m, in \x1b[0;36mTopkMatchers.get_matcher\x1b[0;34m(matcher_name, **matcher_kwargs)\x1b[0m\n\x1b[1;32m     28\x1b[0m module_path, class_name \x1b[38;5;241m=\x1b[39m matchers[matcher_name]\x1b[38;5;241m.\x1b[39mrsplit(\x1b[38;5;124m"\x1b[39m\x1b[38;5;124m.\x1b[39m\x1b[38;5;124m"\x1b[39m, \x1b[38;5;241m1\x1b[39m)\n\x1b[1;32m     29\x1b[0m module \x1b[38;5;241m=\x1b[39m importlib\x1b[38;5;241m.\x1b[39mimport_module(module_path)\n\x1b[0;32m---> 31\x1b[0m \x1b[38;5;28;01mreturn\x1b[39;00m \x1b[38;5;28;43mgetattr\x1b[39;49m\x1b[43m(\x1b[49m\x1b[43mmodule\x1b[49m\x1b[43m,\x1b[49m\x1b[43m \x1b[49m\x1b[43mclass_name\x1b[49m\x1b[43m)\x1b[49m\x1b[43m(\x1b[49m\x1b[38;5;241;43m*\x1b[39;49m\x1b[38;5;241;43m*\x1b[39;49m\x1b[43mmatcher_kwargs\x1b[49m\x1b[43m)\x1b[49m\n', 'File \x1b[0;32m/usr/local/lib/python3.10/site-packages/bdikit/schema_matching/topk/contrastivelearning.py:60\x1b[0m, in \x1b[0;36mCLTopkSchemaMatcher.__init__\x1b[0;34m(self, model_name, metric)\x1b[0m\n\x1b[1;32m     58\x1b[0m \x1b[38;5;28;01mdef\x1b[39;00m\x1b[38;5;250m \x1b[39m\x1b[38;5;21m__init__\x1b[39m(\x1b[38;5;28mself\x1b[39m, model_name: \x1b[38;5;28mstr\x1b[39m \x1b[38;5;241m=\x1b[39m DEFAULT_CL_MODEL, metric: \x1b[38;5;28mstr\x1b[39m \x1b[38;5;241m=\x1b[39m \x1b[38;5;124m"\x1b[39m\x1b[38;5;124mcosine\x1b[39m\x1b[38;5;124m"\x1b[39m):\n\x1b[1;32m     59\x1b[0m     \x1b[38;5;28msuper\x1b[39m()\x1b[38;5;241m.\x1b[39m\x1b[38;5;21m__init__\x1b[39m(\n\x1b[0;32m---> 60\x1b[0m         column_embedder\x1b[38;5;241m=\x1b[39m\x1b[43mContrastiveLearningAPI\x1b[49m\x1b[43m(\x1b[49m\x1b[43mmodel_name\x1b[49m\x1b[38;5;241;43m=\x1b[39;49m\x1b[43mmodel_name\x1b[49m\x1b[43m)\x1b[49m, metric\x1b[38;5;241m=\x1b[39mmetric\n\x1b[1;32m     61\x1b[0m     )\n', 'File \x1b[0;32m/usr/local/lib/python3.10/site-packages/bdikit/models/contrastive_learning/cl_api.py:45\x1b[0m, in \x1b[0;36mContrastiveLearningAPI.__init__\x1b[0;34m(self, model_path, model_name, batch_size)\x1b[0m\n\x1b[1;32m     43\x1b[0m \x1b[38;5;28mself\x1b[39m\x1b[38;5;241m.\x1b[39mbatch_size \x1b[38;5;241m=\x1b[39m batch_size\n\x1b[1;32m     44\x1b[0m \x1b[38;5;28mself\x1b[39m\x1b[38;5;241m.\x1b[39mdevice \x1b[38;5;241m=\x1b[39m get_device()\n\x1b[0;32m---> 45\x1b[0m \x1b[38;5;28mself\x1b[39m\x1b[38;5;241m.\x1b[39mmodel \x1b[38;5;241m=\x1b[39m \x1b[38;5;28;43mself\x1b[39;49m\x1b[38;5;241;43m.\x1b[39;49m\x1b[43mload_checkpoint\x1b[49m\x1b[43m(\x1b[49m\x1b[43m)\x1b[49m\n', 'File \x1b[0;32m/usr/local/lib/python3.10/site-packages/bdikit/models/contrastive_learning/cl_api.py:48\x1b[0m, in \x1b[0;36mContrastiveLearningAPI.load_checkpoint\x1b[0;34m(self, lm)\x1b[0m\n\x1b[1;32m     47\x1b[0m \x1b[38;5;28;01mdef\x1b[39;00m\x1b[38;5;250m \x1b[39m\x1b[38;5;21mload_checkpoint\x1b[39m(\x1b[38;5;28mself\x1b[39m, lm: \x1b[38;5;28mstr\x1b[39m \x1b[38;5;241m=\x1b[39m \x1b[38;5;124m"\x1b[39m\x1b[38;5;124mroberta\x1b[39m\x1b[38;5;124m"\x1b[39m):\n\x1b[0;32m---> 48\x1b[0m     ckpt \x1b[38;5;241m=\x1b[39m \x1b[43mtorch\x1b[49m\x1b[38;5;241;43m.\x1b[39;49m\x1b[43mload\x1b[49m\x1b[43m(\x1b[49m\x1b[38;5;28;43mself\x1b[39;49m\x1b[38;5;241;43m.\x1b[39;49m\x1b[43mmodel_path\x1b[49m\x1b[43m,\x1b[49m\x1b[43m \x1b[49m\x1b[43mmap_location\x1b[49m\x1b[38;5;241;43m=\x1b[39;49m\x1b[43mtorch\x1b[49m\x1b[38;5;241;43m.\x1b[39;49m\x1b[43mdevice\x1b[49m\x1b[43m(\x1b[49m\x1b[38;5;124;43m"\x1b[39;49m\x1b[38;5;124;43mcpu\x1b[39;49m\x1b[38;5;124;43m"\x1b[39;49m\x1b[43m)\x1b[49m\x1b[43m)\x1b[49m\n\x1b[1;32m     49\x1b[0m     scale_loss \x1b[38;5;241m=\x1b[39m \x1b[38;5;241m0.1\x1b[39m\n\x1b[1;32m     50\x1b[0m     lambd \x1b[38;5;241m=\x1b[39m \x1b[38;5;241m3.9\x1b[39m\n', 'File \x1b[0;32m/usr/local/lib/python3.10/site-packages/torch/serialization.py:1529\x1b[0m, in \x1b[0;36mload\x1b[0;34m(f, map_location, pickle_module, weights_only, mmap, **pickle_load_args)\x1b[0m\n\x1b[1;32m   1521\x1b[0m                 \x1b[38;5;28;01mreturn\x1b[39;00m _load(\n\x1b[1;32m   1522\x1b[0m                     opened_zipfile,\n\x1b[1;32m   1523\x1b[0m                     map_location,\n\x1b[0;32m   (...)\x1b[0m\n\x1b[1;32m   1526\x1b[0m                     \x1b[38;5;241m*\x1b[39m\x1b[38;5;241m*\x1b[39mpickle_load_args,\n\x1b[1;32m   1527\x1b[0m                 )\n\x1b[1;32m   1528\x1b[0m             \x1b[38;5;28;01mexcept\x1b[39;00m pickle\x1b[38;5;241m.\x1b[39mUnpicklingError \x1b[38;5;28;01mas\x1b[39;00m e:\n\x1b[0;32m-> 1529\x1b[0m                 \x1b[38;5;28;01mraise\x1b[39;00m pickle\x1b[38;5;241m.\x1b[39mUnpicklingError(_get_wo_message(\x1b[38;5;28mstr\x1b[39m(e))) \x1b[38;5;28;01mfrom\x1b[39;00m\x1b[38;5;250m \x1b[39m\x1b[38;5;28;01mNone\x1b[39;00m\n\x1b[1;32m   1530\x1b[0m         \x1b[38;5;28;01mreturn\x1b[39;00m _load(\n\x1b[1;32m   1531\x1b[0m             opened_zipfile,\n\x1b[1;32m   1532\x1b[0m             map_location,\n\x1b[0;32m   (...)\x1b[0m\n\x1b[1;32m   1535\x1b[0m             \x1b[38;5;241m*\x1b[39m\x1b[38;5;241m*\x1b[39mpickle_load_args,\n\x1b[1;32m   1536\x1b[0m         )\n\x1b[1;32m   1537\x1b[0m \x1b[38;5;28;01mif\x1b[39;00m mmap:\n', '\x1b[0;31mUnpicklingError\x1b[0m: Weights only load failed. This file can still be loaded, to do so you have two options, \x1b[1mdo those steps only if you trust the source of the checkpoint\x1b[0m. \n\t(1) In PyTorch 2.6, we changed the default value of the `weights_only` argument in `torch.load` from `False` to `True`. Re-running `torch.load` with `weights_only` set to `False` will likely succeed, but it can result in arbitrary code execution. Do it only if you got the file from a trusted source.\n\t(2) Alternatively, to load with `weights_only=True` please check the recommended steps in the following error message.\n\tWeightsUnpickler error: Unsupported global: GLOBAL argparse.Namespace was not an allowed global by default. Please use `torch.serialization.add_safe_globals([argparse.Namespace])` or the `torch.serialization.safe_globals([argparse.Namespace])` context manager to allowlist this global if you trust this class/function.\n\nCheck the documentation of torch.load to learn more about types accepted by default with weights_only https://pytorch.org/docs/stable/generated/torch.load.html.'])
Error: UnpicklingError Weights only load failed. This file can still be loaded, to do so you have two options, [1mdo those steps only if you trust the source of the checkpoint[0m. 
	(1) In PyTorch 2.6, we changed the default value of the `weights_only` argument in `torch.load` from `False` to `True`. Re-running `torch.load` with `weights_only` set to `False` will likely succeed, but it can result in arbitrary code execution. Do it only if you got the file from a trusted source.
	(2) Alternatively, to load with `weights_only=True` please check the recommended steps in the following error message.
	WeightsUnpickler error: Unsupported global: GLOBAL argparse.Namespace was not an allowed global by default. Please use `torch.serialization.add_safe_globals([argparse.Namespace])` or the `torch.serialization.safe_globals([argparse.Namespace])` context manager to allowlist this global if you trust this class/function.

Check the documentation of torch.load to learn more about types accepted by default with weights_only https://pytorch.org/docs/stable/generated/torch.load.html.
Traceback:
[0;31m---------------------------------------------------------------------------[0m
[0;31mUnpicklingError[0m                           Traceback (most recent call last)
Cell [0;32mIn[5], line 2[0m
[1;32m      1[0m [38;5;28;01mimport[39;00m[38;5;250m [39m[38;5;21;01mbdikit[39;00m[38;5;250m [39m[38;5;28;01mas[39;00m[38;5;250m [39m[38;5;21;01mbdi[39;00m
[0;32m----> 2[0m top_matches [38;5;241m=[39m [43mbdi[49m[38;5;241;43m.[39;49m[43mtop_matches[49m[43m([49m[43mdf_subset[49m[43m,[49m[43m [49m[43mcolumns[49m[38;5;241;43m=[39;49m[43m[[49m[38;5;124;43m"[39;49m[38;5;124;43mTumor_Site[39;49m[38;5;124;43m"[39;49m[43m][49m[43m,[49m[43m [49m[43mtarget[49m[38;5;241;43m=[39;49m[38;5;124;43m"[39;49m[38;5;124;43mgdc[39;49m[38;5;124;43m"[39;49m[43m)[49m
[1;32m      3[0m top_matches[38;5;241m.[39mto_markdown()

File [0;32m/usr/local/lib/python3.10/site-packages/bdikit/api.py:133[0m, in [0;36mtop_matches[0;34m(source, columns, target, top_k, method, method_args)[0m
[1;32m    131[0m     [38;5;28;01mif[39;00m method_args [38;5;129;01mis[39;00m [38;5;28;01mNone[39;00m:
[1;32m    132[0m         method_args [38;5;241m=[39m {}
[0;32m--> 133[0m     topk_matcher [38;5;241m=[39m [43mTopkMatchers[49m[38;5;241;43m.[39;49m[43mget_matcher[49m[43m([49m[43mmethod[49m[43m,[49m[43m [49m[38;5;241;43m*[39;49m[38;5;241;43m*[39;49m[43mmethod_args[49m[43m)[49m
[1;32m    134[0m [38;5;28;01melif[39;00m [38;5;28misinstance[39m(method, BaseTopkSchemaMatcher):
[1;32m    135[0m     topk_matcher [38;5;241m=[39m method

File [0;32m/usr/local/lib/python3.10/site-packages/bdikit/schema_matching/topk/matcher_factory.py:31[0m, in [0;36mTopkMatchers.get_matcher[0;34m(matcher_name, **matcher_kwargs)[0m
[1;32m     28[0m module_path, class_name [38;5;241m=[39m matchers[matcher_name][38;5;241m.[39mrsplit([38;5;124m"[39m[38;5;124m.[39m[38;5;124m"[39m, [38;5;241m1[39m)
[1;32m     29[0m module [38;5;241m=[39m importlib[38;5;241m.[39mimport_module(module_path)
[0;32m---> 31[0m [38;5;28;01mreturn[39;00m [38;5;28;43mgetattr[39;49m[43m([49m[43mmodule[49m[43m,[49m[43m [49m[43mclass_name[49m[43m)[49m[43m([49m[38;5;241;43m*[39;49m[38;5;241;43m*[39;49m[43mmatcher_kwargs[49m[43m)[49m

File [0;32m/usr/local/lib/python3.10/site-packages/bdikit/schema_matching/topk/contrastivelearning.py:60[0m, in [0;36mCLTopkSchemaMatcher.__init__[0;34m(self, model_name, metric)[0m
[1;32m     58[0m [38;5;28;01mdef[39;00m[38;5;250m [39m[38;5;21m__init__[39m([38;5;28mself[39m, model_name: [38;5;28mstr[39m [38;5;241m=[39m DEFAULT_CL_MODEL, metric: [38;5;28mstr[39m [38;5;241m=[39m [38;5;124m"[39m[38;5;124mcosine[39m[38;5;124m"[39m):
[1;32m     59[0m     [38;5;28msuper[39m()[38;5;241m.[39m[38;5;21m__init__[39m(
[0;32m---> 60[0m         column_embedder[38;5;241m=[39m[43mContrastiveLearningAPI[49m[43m([49m[43mmodel_name[49m[38;5;241;43m=[39;49m[43mmodel_name[49m[43m)[49m, metric[38;5;241m=[39mmetric
[1;32m     61[0m     )

File [0;32m/usr/local/lib/python3.10/site-packages/bdikit/models/contrastive_learning/cl_api.py:45[0m, in [0;36mContrastiveLearningAPI.__init__[0;34m(self, model_path, model_name, batch_size)[0m
[1;32m     43[0m [38;5;28mself[39m[38;5;241m.[39mbatch_size [38;5;241m=[39m batch_size
[1;32m     44[0m [38;5;28mself[39m[38;5;241m.[39mdevice [38;5;241m=[39m get_device()
[0;32m---> 45[0m [38;5;28mself[39m[38;5;241m.[39mmodel [38;5;241m=[39m [38;5;28;43mself[39;49m[38;5;241;43m.[39;49m[43mload_checkpoint[49m[43m([49m[43m)[49m

File [0;32m/usr/local/lib/python3.10/site-packages/bdikit/models/contrastive_learning/cl_api.py:48[0m, in [0;36mContrastiveLearningAPI.load_checkpoint[0;34m(self, lm)[0m
[1;32m     47[0m [38;5;28;01mdef[39;00m[38;5;250m [39m[38;5;21mload_checkpoint[39m([38;5;28mself[39m, lm: [38;5;28mstr[39m [38;5;241m=[39m [38;5;124m"[39m[38;5;124mroberta[39m[38;5;124m"[39m):
[0;32m---> 48[0m     ckpt [38;5;241m=[39m [43mtorch[49m[38;5;241;43m.[39;49m[43mload[49m[43m([49m[38;5;28;43mself[39;49m[38;5;241;43m.[39;49m[43mmodel_path[49m[43m,[49m[43m [49m[43mmap_location[49m[38;5;241;43m=[39;49m[43mtorch[49m[38;5;241;43m.[39;49m[43mdevice[49m[43m([49m[38;5;124;43m"[39;49m[38;5;124;43mcpu[39;49m[38;5;124;43m"[39;49m[43m)[49m[43m)[49m
[1;32m     49[0m     scale_loss [38;5;241m=[39m [38;5;241m0.1[39m
[1;32m     50[0m     lambd [38;5;241m=[39m [38;5;241m3.9[39m

File [0;32m/usr/local/lib/python3.10/site-packages/torch/serialization.py:1529[0m, in [0;36mload[0;34m(f, map_location, pickle_module, weights_only, mmap, **pickle_load_args)[0m
[1;32m   1521[0m                 [38;5;28;01mreturn[39;00m _load(
[1;32m   1522[0m                     opened_zipfile,
[1;32m   1523[0m                     map_location,
[0;32m   (...)[0m
[1;32m   1526[0m                     [38;5;241m*[39m[38;5;241m*[39mpickle_load_args,
[1;32m   1527[0m                 )
[1;32m   1528[0m             [38;5;28;01mexcept[39;00m pickle[38;5;241m.[39mUnpicklingError [38;5;28;01mas[39;00m e:
[0;32m-> 1529[0m                 [38;5;28;01mraise[39;00m pickle[38;5;241m.[39mUnpicklingError(_get_wo_message([38;5;28mstr[39m(e))) [38;5;28;01mfrom[39;00m[38;5;250m [39m[38;5;28;01mNone[39;00m
[1;32m   1530[0m         [38;5;28;01mreturn[39;00m _load(
[1;32m   1531[0m             opened_zipfile,
[1;32m   1532[0m             map_location,
[0;32m   (...)[0m
[1;32m   1535[0m             [38;5;241m*[39m[38;5;241m*[39mpickle_load_args,
[1;32m   1536[0m         )
[1;32m   1537[0m [38;5;28;01mif[39;00m mmap:

[0;31mUnpicklingError[0m: Weights only load failed. This file can still be loaded, to do so you have two options, [1mdo those steps only if you trust the source of the checkpoint[0m. 
	(1) In PyTorch 2.6, we changed the default value of the `weights_only` argument in `torch.load` from `False` to `True`. Re-running `torch.load` with `weights_only` set to `False` will likely succeed, but it can result in arbitrary code execution. Do it only if you got the file from a trusted source.
	(2) Alternatively, to load with `weights_only=True` please check the recommended steps in the following error message.
	WeightsUnpickler error: Unsupported global: GLOBAL argparse.Namespace was not an allowed global by default. Please use `torch.serialization.add_safe_globals([argparse.Namespace])` or the `torch.serialization.safe_globals([argparse.Namespace])` context manager to allowlist this global if you trust this class/function.

Check the documentation of torch.load to learn more about types accepted by default with weights_only https://pytorch.org/docs/stable/generated/torch.load.html.
Uncaught exception in ZMQStream callback
Traceback (most recent call last):
  File "/usr/local/lib/python3.10/site-packages/zmq/eventloop/zmqstream.py", line 565, in _log_error
    f.result()
  File "/usr/local/lib/python3.10/site-packages/beaker_kernel/lib/jupyter_kernel_proxy.py", line 253, in handler
    new_data = await callback(self, other_stream, data)
  File "/usr/local/lib/python3.10/site-packages/beaker_kernel/lib/context.py", line 835, in handle_error
    raise ExecutionError(content["ename"], content["evalue"], content["traceback"])
beaker_kernel.lib.utils.ExecutionError: ('UnpicklingError', 'Weights only load failed. This file can still be loaded, to do so you have two options, \x1b[1mdo those steps only if you trust the source of the checkpoint\x1b[0m. \n\t(1) In PyTorch 2.6, we changed the default value of the `weights_only` argument in `torch.load` from `False` to `True`. Re-running `torch.load` with `weights_only` set to `False` will likely succeed, but it can result in arbitrary code execution. Do it only if you got the file from a trusted source.\n\t(2) Alternatively, to load with `weights_only=True` please check the recommended steps in the following error message.\n\tWeightsUnpickler error: Unsupported global: GLOBAL argparse.Namespace was not an allowed global by default. Please use `torch.serialization.add_safe_globals([argparse.Namespace])` or the `torch.serialization.safe_globals([argparse.Namespace])` context manager to allowlist this global if you trust this class/function.\n\nCheck the documentation of torch.load to learn more about types accepted by default with weights_only https://pytorch.org/docs/stable/generated/torch.load.html.', ['\x1b[0;31m---------------------------------------------------------------------------\x1b[0m', '\x1b[0;31mUnpicklingError\x1b[0m                           Traceback (most recent call last)', 'Cell \x1b[0;32mIn[5], line 2\x1b[0m\n\x1b[1;32m      1\x1b[0m \x1b[38;5;28;01mimport\x1b[39;00m\x1b[38;5;250m \x1b[39m\x1b[38;5;21;01mbdikit\x1b[39;00m\x1b[38;5;250m \x1b[39m\x1b[38;5;28;01mas\x1b[39;00m\x1b[38;5;250m \x1b[39m\x1b[38;5;21;01mbdi\x1b[39;00m\n\x1b[0;32m----> 2\x1b[0m top_matches \x1b[38;5;241m=\x1b[39m \x1b[43mbdi\x1b[49m\x1b[38;5;241;43m.\x1b[39;49m\x1b[43mtop_matches\x1b[49m\x1b[43m(\x1b[49m\x1b[43mdf_subset\x1b[49m\x1b[43m,\x1b[49m\x1b[43m \x1b[49m\x1b[43mcolumns\x1b[49m\x1b[38;5;241;43m=\x1b[39;49m\x1b[43m[\x1b[49m\x1b[38;5;124;43m"\x1b[39;49m\x1b[38;5;124;43mTumor_Site\x1b[39;49m\x1b[38;5;124;43m"\x1b[39;49m\x1b[43m]\x1b[49m\x1b[43m,\x1b[49m\x1b[43m \x1b[49m\x1b[43mtarget\x1b[49m\x1b[38;5;241;43m=\x1b[39;49m\x1b[38;5;124;43m"\x1b[39;49m\x1b[38;5;124;43mgdc\x1b[39;49m\x1b[38;5;124;43m"\x1b[39;49m\x1b[43m)\x1b[49m\n\x1b[1;32m      3\x1b[0m top_matches\x1b[38;5;241m.\x1b[39mto_markdown()\n', 'File \x1b[0;32m/usr/local/lib/python3.10/site-packages/bdikit/api.py:133\x1b[0m, in \x1b[0;36mtop_matches\x1b[0;34m(source, columns, target, top_k, method, method_args)\x1b[0m\n\x1b[1;32m    131\x1b[0m     \x1b[38;5;28;01mif\x1b[39;00m method_args \x1b[38;5;129;01mis\x1b[39;00m \x1b[38;5;28;01mNone\x1b[39;00m:\n\x1b[1;32m    132\x1b[0m         method_args \x1b[38;5;241m=\x1b[39m {}\n\x1b[0;32m--> 133\x1b[0m     topk_matcher \x1b[38;5;241m=\x1b[39m \x1b[43mTopkMatchers\x1b[49m\x1b[38;5;241;43m.\x1b[39;49m\x1b[43mget_matcher\x1b[49m\x1b[43m(\x1b[49m\x1b[43mmethod\x1b[49m\x1b[43m,\x1b[49m\x1b[43m \x1b[49m\x1b[38;5;241;43m*\x1b[39;49m\x1b[38;5;241;43m*\x1b[39;49m\x1b[43mmethod_args\x1b[49m\x1b[43m)\x1b[49m\n\x1b[1;32m    134\x1b[0m \x1b[38;5;28;01melif\x1b[39;00m \x1b[38;5;28misinstance\x1b[39m(method, BaseTopkSchemaMatcher):\n\x1b[1;32m    135\x1b[0m     topk_matcher \x1b[38;5;241m=\x1b[39m method\n', 'File \x1b[0;32m/usr/local/lib/python3.10/site-packages/bdikit/schema_matching/topk/matcher_factory.py:31\x1b[0m, in \x1b[0;36mTopkMatchers.get_matcher\x1b[0;34m(matcher_name, **matcher_kwargs)\x1b[0m\n\x1b[1;32m     28\x1b[0m module_path, class_name \x1b[38;5;241m=\x1b[39m matchers[matcher_name]\x1b[38;5;241m.\x1b[39mrsplit(\x1b[38;5;124m"\x1b[39m\x1b[38;5;124m.\x1b[39m\x1b[38;5;124m"\x1b[39m, \x1b[38;5;241m1\x1b[39m)\n\x1b[1;32m     29\x1b[0m module \x1b[38;5;241m=\x1b[39m importlib\x1b[38;5;241m.\x1b[39mimport_module(module_path)\n\x1b[0;32m---> 31\x1b[0m \x1b[38;5;28;01mreturn\x1b[39;00m \x1b[38;5;28;43mgetattr\x1b[39;49m\x1b[43m(\x1b[49m\x1b[43mmodule\x1b[49m\x1b[43m,\x1b[49m\x1b[43m \x1b[49m\x1b[43mclass_name\x1b[49m\x1b[43m)\x1b[49m\x1b[43m(\x1b[49m\x1b[38;5;241;43m*\x1b[39;49m\x1b[38;5;241;43m*\x1b[39;49m\x1b[43mmatcher_kwargs\x1b[49m\x1b[43m)\x1b[49m\n', 'File \x1b[0;32m/usr/local/lib/python3.10/site-packages/bdikit/schema_matching/topk/contrastivelearning.py:60\x1b[0m, in \x1b[0;36mCLTopkSchemaMatcher.__init__\x1b[0;34m(self, model_name, metric)\x1b[0m\n\x1b[1;32m     58\x1b[0m \x1b[38;5;28;01mdef\x1b[39;00m\x1b[38;5;250m \x1b[39m\x1b[38;5;21m__init__\x1b[39m(\x1b[38;5;28mself\x1b[39m, model_name: \x1b[38;5;28mstr\x1b[39m \x1b[38;5;241m=\x1b[39m DEFAULT_CL_MODEL, metric: \x1b[38;5;28mstr\x1b[39m \x1b[38;5;241m=\x1b[39m \x1b[38;5;124m"\x1b[39m\x1b[38;5;124mcosine\x1b[39m\x1b[38;5;124m"\x1b[39m):\n\x1b[1;32m     59\x1b[0m     \x1b[38;5;28msuper\x1b[39m()\x1b[38;5;241m.\x1b[39m\x1b[38;5;21m__init__\x1b[39m(\n\x1b[0;32m---> 60\x1b[0m         column_embedder\x1b[38;5;241m=\x1b[39m\x1b[43mContrastiveLearningAPI\x1b[49m\x1b[43m(\x1b[49m\x1b[43mmodel_name\x1b[49m\x1b[38;5;241;43m=\x1b[39;49m\x1b[43mmodel_name\x1b[49m\x1b[43m)\x1b[49m, metric\x1b[38;5;241m=\x1b[39mmetric\n\x1b[1;32m     61\x1b[0m     )\n', 'File \x1b[0;32m/usr/local/lib/python3.10/site-packages/bdikit/models/contrastive_learning/cl_api.py:45\x1b[0m, in \x1b[0;36mContrastiveLearningAPI.__init__\x1b[0;34m(self, model_path, model_name, batch_size)\x1b[0m\n\x1b[1;32m     43\x1b[0m \x1b[38;5;28mself\x1b[39m\x1b[38;5;241m.\x1b[39mbatch_size \x1b[38;5;241m=\x1b[39m batch_size\n\x1b[1;32m     44\x1b[0m \x1b[38;5;28mself\x1b[39m\x1b[38;5;241m.\x1b[39mdevice \x1b[38;5;241m=\x1b[39m get_device()\n\x1b[0;32m---> 45\x1b[0m \x1b[38;5;28mself\x1b[39m\x1b[38;5;241m.\x1b[39mmodel \x1b[38;5;241m=\x1b[39m \x1b[38;5;28;43mself\x1b[39;49m\x1b[38;5;241;43m.\x1b[39;49m\x1b[43mload_checkpoint\x1b[49m\x1b[43m(\x1b[49m\x1b[43m)\x1b[49m\n', 'File \x1b[0;32m/usr/local/lib/python3.10/site-packages/bdikit/models/contrastive_learning/cl_api.py:48\x1b[0m, in \x1b[0;36mContrastiveLearningAPI.load_checkpoint\x1b[0;34m(self, lm)\x1b[0m\n\x1b[1;32m     47\x1b[0m \x1b[38;5;28;01mdef\x1b[39;00m\x1b[38;5;250m \x1b[39m\x1b[38;5;21mload_checkpoint\x1b[39m(\x1b[38;5;28mself\x1b[39m, lm: \x1b[38;5;28mstr\x1b[39m \x1b[38;5;241m=\x1b[39m \x1b[38;5;124m"\x1b[39m\x1b[38;5;124mroberta\x1b[39m\x1b[38;5;124m"\x1b[39m):\n\x1b[0;32m---> 48\x1b[0m     ckpt \x1b[38;5;241m=\x1b[39m \x1b[43mtorch\x1b[49m\x1b[38;5;241;43m.\x1b[39;49m\x1b[43mload\x1b[49m\x1b[43m(\x1b[49m\x1b[38;5;28;43mself\x1b[39;49m\x1b[38;5;241;43m.\x1b[39;49m\x1b[43mmodel_path\x1b[49m\x1b[43m,\x1b[49m\x1b[43m \x1b[49m\x1b[43mmap_location\x1b[49m\x1b[38;5;241;43m=\x1b[39;49m\x1b[43mtorch\x1b[49m\x1b[38;5;241;43m.\x1b[39;49m\x1b[43mdevice\x1b[49m\x1b[43m(\x1b[49m\x1b[38;5;124;43m"\x1b[39;49m\x1b[38;5;124;43mcpu\x1b[39;49m\x1b[38;5;124;43m"\x1b[39;49m\x1b[43m)\x1b[49m\x1b[43m)\x1b[49m\n\x1b[1;32m     49\x1b[0m     scale_loss \x1b[38;5;241m=\x1b[39m \x1b[38;5;241m0.1\x1b[39m\n\x1b[1;32m     50\x1b[0m     lambd \x1b[38;5;241m=\x1b[39m \x1b[38;5;241m3.9\x1b[39m\n', 'File \x1b[0;32m/usr/local/lib/python3.10/site-packages/torch/serialization.py:1529\x1b[0m, in \x1b[0;36mload\x1b[0;34m(f, map_location, pickle_module, weights_only, mmap, **pickle_load_args)\x1b[0m\n\x1b[1;32m   1521\x1b[0m                 \x1b[38;5;28;01mreturn\x1b[39;00m _load(\n\x1b[1;32m   1522\x1b[0m                     opened_zipfile,\n\x1b[1;32m   1523\x1b[0m                     map_location,\n\x1b[0;32m   (...)\x1b[0m\n\x1b[1;32m   1526\x1b[0m                     \x1b[38;5;241m*\x1b[39m\x1b[38;5;241m*\x1b[39mpickle_load_args,\n\x1b[1;32m   1527\x1b[0m                 )\n\x1b[1;32m   1528\x1b[0m             \x1b[38;5;28;01mexcept\x1b[39;00m pickle\x1b[38;5;241m.\x1b[39mUnpicklingError \x1b[38;5;28;01mas\x1b[39;00m e:\n\x1b[0;32m-> 1529\x1b[0m                 \x1b[38;5;28;01mraise\x1b[39;00m pickle\x1b[38;5;241m.\x1b[39mUnpicklingError(_get_wo_message(\x1b[38;5;28mstr\x1b[39m(e))) \x1b[38;5;28;01mfrom\x1b[39;00m\x1b[38;5;250m \x1b[39m\x1b[38;5;28;01mNone\x1b[39;00m\n\x1b[1;32m   1530\x1b[0m         \x1b[38;5;28;01mreturn\x1b[39;00m _load(\n\x1b[1;32m   1531\x1b[0m             opened_zipfile,\n\x1b[1;32m   1532\x1b[0m             map_location,\n\x1b[0;32m   (...)\x1b[0m\n\x1b[1;32m   1535\x1b[0m             \x1b[38;5;241m*\x1b[39m\x1b[38;5;241m*\x1b[39mpickle_load_args,\n\x1b[1;32m   1536\x1b[0m         )\n\x1b[1;32m   1537\x1b[0m \x1b[38;5;28;01mif\x1b[39;00m mmap:\n', '\x1b[0;31mUnpicklingError\x1b[0m: Weights only load failed. This file can still be loaded, to do so you have two options, \x1b[1mdo those steps only if you trust the source of the checkpoint\x1b[0m. \n\t(1) In PyTorch 2.6, we changed the default value of the `weights_only` argument in `torch.load` from `False` to `True`. Re-running `torch.load` with `weights_only` set to `False` will likely succeed, but it can result in arbitrary code execution. Do it only if you got the file from a trusted source.\n\t(2) Alternatively, to load with `weights_only=True` please check the recommended steps in the following error message.\n\tWeightsUnpickler error: Unsupported global: GLOBAL argparse.Namespace was not an allowed global by default. Please use `torch.serialization.add_safe_globals([argparse.Namespace])` or the `torch.serialization.safe_globals([argparse.Namespace])` context manager to allowlist this global if you trust this class/function.\n\nCheck the documentation of torch.load to learn more about types accepted by default with weights_only https://pytorch.org/docs/stable/generated/torch.load.html.'])
Error: UnpicklingError Weights only load failed. This file can still be loaded, to do so you have two options, [1mdo those steps only if you trust the source of the checkpoint[0m. 
	(1) In PyTorch 2.6, we changed the default value of the `weights_only` argument in `torch.load` from `False` to `True`. Re-running `torch.load` with `weights_only` set to `False` will likely succeed, but it can result in arbitrary code execution. Do it only if you got the file from a trusted source.
	(2) Alternatively, to load with `weights_only=True` please check the recommended steps in the following error message.
	WeightsUnpickler error: Unsupported global: GLOBAL argparse.Namespace was not an allowed global by default. Please use `torch.serialization.add_safe_globals([argparse.Namespace])` or the `torch.serialization.safe_globals([argparse.Namespace])` context manager to allowlist this global if you trust this class/function.

Check the documentation of torch.load to learn more about types accepted by default with weights_only https://pytorch.org/docs/stable/generated/torch.load.html.
Traceback:
[0;31m---------------------------------------------------------------------------[0m
[0;31mUnpicklingError[0m                           Traceback (most recent call last)
Cell [0;32mIn[5], line 2[0m
[1;32m      1[0m [38;5;28;01mimport[39;00m[38;5;250m [39m[38;5;21;01mbdikit[39;00m[38;5;250m [39m[38;5;28;01mas[39;00m[38;5;250m [39m[38;5;21;01mbdi[39;00m
[0;32m----> 2[0m top_matches [38;5;241m=[39m [43mbdi[49m[38;5;241;43m.[39;49m[43mtop_matches[49m[43m([49m[43mdf_subset[49m[43m,[49m[43m [49m[43mcolumns[49m[38;5;241;43m=[39;49m[43m[[49m[38;5;124;43m"[39;49m[38;5;124;43mHistologic_type[39;49m[38;5;124;43m"[39;49m[43m][49m[43m,[49m[43m [49m[43mtarget[49m[38;5;241;43m=[39;49m[38;5;124;43m"[39;49m[38;5;124;43mgdc[39;49m[38;5;124;43m"[39;49m[43m)[49m
[1;32m      3[0m top_matches[38;5;241m.[39mto_markdown()

File [0;32m/usr/local/lib/python3.10/site-packages/bdikit/api.py:133[0m, in [0;36mtop_matches[0;34m(source, columns, target, top_k, method, method_args)[0m
[1;32m    131[0m     [38;5;28;01mif[39;00m method_args [38;5;129;01mis[39;00m [38;5;28;01mNone[39;00m:
[1;32m    132[0m         method_args [38;5;241m=[39m {}
[0;32m--> 133[0m     topk_matcher [38;5;241m=[39m [43mTopkMatchers[49m[38;5;241;43m.[39;49m[43mget_matcher[49m[43m([49m[43mmethod[49m[43m,[49m[43m [49m[38;5;241;43m*[39;49m[38;5;241;43m*[39;49m[43mmethod_args[49m[43m)[49m
[1;32m    134[0m [38;5;28;01melif[39;00m [38;5;28misinstance[39m(method, BaseTopkSchemaMatcher):
[1;32m    135[0m     topk_matcher [38;5;241m=[39m method

File [0;32m/usr/local/lib/python3.10/site-packages/bdikit/schema_matching/topk/matcher_factory.py:31[0m, in [0;36mTopkMatchers.get_matcher[0;34m(matcher_name, **matcher_kwargs)[0m
[1;32m     28[0m module_path, class_name [38;5;241m=[39m matchers[matcher_name][38;5;241m.[39mrsplit([38;5;124m"[39m[38;5;124m.[39m[38;5;124m"[39m, [38;5;241m1[39m)
[1;32m     29[0m module [38;5;241m=[39m importlib[38;5;241m.[39mimport_module(module_path)
[0;32m---> 31[0m [38;5;28;01mreturn[39;00m [38;5;28;43mgetattr[39;49m[43m([49m[43mmodule[49m[43m,[49m[43m [49m[43mclass_name[49m[43m)[49m[43m([49m[38;5;241;43m*[39;49m[38;5;241;43m*[39;49m[43mmatcher_kwargs[49m[43m)[49m

File [0;32m/usr/local/lib/python3.10/site-packages/bdikit/schema_matching/topk/contrastivelearning.py:60[0m, in [0;36mCLTopkSchemaMatcher.__init__[0;34m(self, model_name, metric)[0m
[1;32m     58[0m [38;5;28;01mdef[39;00m[38;5;250m [39m[38;5;21m__init__[39m([38;5;28mself[39m, model_name: [38;5;28mstr[39m [38;5;241m=[39m DEFAULT_CL_MODEL, metric: [38;5;28mstr[39m [38;5;241m=[39m [38;5;124m"[39m[38;5;124mcosine[39m[38;5;124m"[39m):
[1;32m     59[0m     [38;5;28msuper[39m()[38;5;241m.[39m[38;5;21m__init__[39m(
[0;32m---> 60[0m         column_embedder[38;5;241m=[39m[43mContrastiveLearningAPI[49m[43m([49m[43mmodel_name[49m[38;5;241;43m=[39;49m[43mmodel_name[49m[43m)[49m, metric[38;5;241m=[39mmetric
[1;32m     61[0m     )

File [0;32m/usr/local/lib/python3.10/site-packages/bdikit/models/contrastive_learning/cl_api.py:45[0m, in [0;36mContrastiveLearningAPI.__init__[0;34m(self, model_path, model_name, batch_size)[0m
[1;32m     43[0m [38;5;28mself[39m[38;5;241m.[39mbatch_size [38;5;241m=[39m batch_size
[1;32m     44[0m [38;5;28mself[39m[38;5;241m.[39mdevice [38;5;241m=[39m get_device()
[0;32m---> 45[0m [38;5;28mself[39m[38;5;241m.[39mmodel [38;5;241m=[39m [38;5;28;43mself[39;49m[38;5;241;43m.[39;49m[43mload_checkpoint[49m[43m([49m[43m)[49m

File [0;32m/usr/local/lib/python3.10/site-packages/bdikit/models/contrastive_learning/cl_api.py:48[0m, in [0;36mContrastiveLearningAPI.load_checkpoint[0;34m(self, lm)[0m
[1;32m     47[0m [38;5;28;01mdef[39;00m[38;5;250m [39m[38;5;21mload_checkpoint[39m([38;5;28mself[39m, lm: [38;5;28mstr[39m [38;5;241m=[39m [38;5;124m"[39m[38;5;124mroberta[39m[38;5;124m"[39m):
[0;32m---> 48[0m     ckpt [38;5;241m=[39m [43mtorch[49m[38;5;241;43m.[39;49m[43mload[49m[43m([49m[38;5;28;43mself[39;49m[38;5;241;43m.[39;49m[43mmodel_path[49m[43m,[49m[43m [49m[43mmap_location[49m[38;5;241;43m=[39;49m[43mtorch[49m[38;5;241;43m.[39;49m[43mdevice[49m[43m([49m[38;5;124;43m"[39;49m[38;5;124;43mcpu[39;49m[38;5;124;43m"[39;49m[43m)[49m[43m)[49m
[1;32m     49[0m     scale_loss [38;5;241m=[39m [38;5;241m0.1[39m
[1;32m     50[0m     lambd [38;5;241m=[39m [38;5;241m3.9[39m

File [0;32m/usr/local/lib/python3.10/site-packages/torch/serialization.py:1529[0m, in [0;36mload[0;34m(f, map_location, pickle_module, weights_only, mmap, **pickle_load_args)[0m
[1;32m   1521[0m                 [38;5;28;01mreturn[39;00m _load(
[1;32m   1522[0m                     opened_zipfile,
[1;32m   1523[0m                     map_location,
[0;32m   (...)[0m
[1;32m   1526[0m                     [38;5;241m*[39m[38;5;241m*[39mpickle_load_args,
[1;32m   1527[0m                 )
[1;32m   1528[0m             [38;5;28;01mexcept[39;00m pickle[38;5;241m.[39mUnpicklingError [38;5;28;01mas[39;00m e:
[0;32m-> 1529[0m                 [38;5;28;01mraise[39;00m pickle[38;5;241m.[39mUnpicklingError(_get_wo_message([38;5;28mstr[39m(e))) [38;5;28;01mfrom[39;00m[38;5;250m [39m[38;5;28;01mNone[39;00m
[1;32m   1530[0m         [38;5;28;01mreturn[39;00m _load(
[1;32m   1531[0m             opened_zipfile,
[1;32m   1532[0m             map_location,
[0;32m   (...)[0m
[1;32m   1535[0m             [38;5;241m*[39m[38;5;241m*[39mpickle_load_args,
[1;32m   1536[0m         )
[1;32m   1537[0m [38;5;28;01mif[39;00m mmap:

[0;31mUnpicklingError[0m: Weights only load failed. This file can still be loaded, to do so you have two options, [1mdo those steps only if you trust the source of the checkpoint[0m. 
	(1) In PyTorch 2.6, we changed the default value of the `weights_only` argument in `torch.load` from `False` to `True`. Re-running `torch.load` with `weights_only` set to `False` will likely succeed, but it can result in arbitrary code execution. Do it only if you got the file from a trusted source.
	(2) Alternatively, to load with `weights_only=True` please check the recommended steps in the following error message.
	WeightsUnpickler error: Unsupported global: GLOBAL argparse.Namespace was not an allowed global by default. Please use `torch.serialization.add_safe_globals([argparse.Namespace])` or the `torch.serialization.safe_globals([argparse.Namespace])` context manager to allowlist this global if you trust this class/function.

Check the documentation of torch.load to learn more about types accepted by default with weights_only https://pytorch.org/docs/stable/generated/torch.load.html.
Uncaught exception in ZMQStream callback
Traceback (most recent call last):
  File "/usr/local/lib/python3.10/site-packages/zmq/eventloop/zmqstream.py", line 565, in _log_error
    f.result()
  File "/usr/local/lib/python3.10/site-packages/beaker_kernel/lib/jupyter_kernel_proxy.py", line 253, in handler
    new_data = await callback(self, other_stream, data)
  File "/usr/local/lib/python3.10/site-packages/beaker_kernel/lib/context.py", line 835, in handle_error
    raise ExecutionError(content["ename"], content["evalue"], content["traceback"])
beaker_kernel.lib.utils.ExecutionError: ('UnpicklingError', 'Weights only load failed. This file can still be loaded, to do so you have two options, \x1b[1mdo those steps only if you trust the source of the checkpoint\x1b[0m. \n\t(1) In PyTorch 2.6, we changed the default value of the `weights_only` argument in `torch.load` from `False` to `True`. Re-running `torch.load` with `weights_only` set to `False` will likely succeed, but it can result in arbitrary code execution. Do it only if you got the file from a trusted source.\n\t(2) Alternatively, to load with `weights_only=True` please check the recommended steps in the following error message.\n\tWeightsUnpickler error: Unsupported global: GLOBAL argparse.Namespace was not an allowed global by default. Please use `torch.serialization.add_safe_globals([argparse.Namespace])` or the `torch.serialization.safe_globals([argparse.Namespace])` context manager to allowlist this global if you trust this class/function.\n\nCheck the documentation of torch.load to learn more about types accepted by default with weights_only https://pytorch.org/docs/stable/generated/torch.load.html.', ['\x1b[0;31m---------------------------------------------------------------------------\x1b[0m', '\x1b[0;31mUnpicklingError\x1b[0m                           Traceback (most recent call last)', 'Cell \x1b[0;32mIn[5], line 2\x1b[0m\n\x1b[1;32m      1\x1b[0m \x1b[38;5;28;01mimport\x1b[39;00m\x1b[38;5;250m \x1b[39m\x1b[38;5;21;01mbdikit\x1b[39;00m\x1b[38;5;250m \x1b[39m\x1b[38;5;28;01mas\x1b[39;00m\x1b[38;5;250m \x1b[39m\x1b[38;5;21;01mbdi\x1b[39;00m\n\x1b[0;32m----> 2\x1b[0m top_matches \x1b[38;5;241m=\x1b[39m \x1b[43mbdi\x1b[49m\x1b[38;5;241;43m.\x1b[39;49m\x1b[43mtop_matches\x1b[49m\x1b[43m(\x1b[49m\x1b[43mdf_subset\x1b[49m\x1b[43m,\x1b[49m\x1b[43m \x1b[49m\x1b[43mcolumns\x1b[49m\x1b[38;5;241;43m=\x1b[39;49m\x1b[43m[\x1b[49m\x1b[38;5;124;43m"\x1b[39;49m\x1b[38;5;124;43mHistologic_type\x1b[39;49m\x1b[38;5;124;43m"\x1b[39;49m\x1b[43m]\x1b[49m\x1b[43m,\x1b[49m\x1b[43m \x1b[49m\x1b[43mtarget\x1b[49m\x1b[38;5;241;43m=\x1b[39;49m\x1b[38;5;124;43m"\x1b[39;49m\x1b[38;5;124;43mgdc\x1b[39;49m\x1b[38;5;124;43m"\x1b[39;49m\x1b[43m)\x1b[49m\n\x1b[1;32m      3\x1b[0m top_matches\x1b[38;5;241m.\x1b[39mto_markdown()\n', 'File \x1b[0;32m/usr/local/lib/python3.10/site-packages/bdikit/api.py:133\x1b[0m, in \x1b[0;36mtop_matches\x1b[0;34m(source, columns, target, top_k, method, method_args)\x1b[0m\n\x1b[1;32m    131\x1b[0m     \x1b[38;5;28;01mif\x1b[39;00m method_args \x1b[38;5;129;01mis\x1b[39;00m \x1b[38;5;28;01mNone\x1b[39;00m:\n\x1b[1;32m    132\x1b[0m         method_args \x1b[38;5;241m=\x1b[39m {}\n\x1b[0;32m--> 133\x1b[0m     topk_matcher \x1b[38;5;241m=\x1b[39m \x1b[43mTopkMatchers\x1b[49m\x1b[38;5;241;43m.\x1b[39;49m\x1b[43mget_matcher\x1b[49m\x1b[43m(\x1b[49m\x1b[43mmethod\x1b[49m\x1b[43m,\x1b[49m\x1b[43m \x1b[49m\x1b[38;5;241;43m*\x1b[39;49m\x1b[38;5;241;43m*\x1b[39;49m\x1b[43mmethod_args\x1b[49m\x1b[43m)\x1b[49m\n\x1b[1;32m    134\x1b[0m \x1b[38;5;28;01melif\x1b[39;00m \x1b[38;5;28misinstance\x1b[39m(method, BaseTopkSchemaMatcher):\n\x1b[1;32m    135\x1b[0m     topk_matcher \x1b[38;5;241m=\x1b[39m method\n', 'File \x1b[0;32m/usr/local/lib/python3.10/site-packages/bdikit/schema_matching/topk/matcher_factory.py:31\x1b[0m, in \x1b[0;36mTopkMatchers.get_matcher\x1b[0;34m(matcher_name, **matcher_kwargs)\x1b[0m\n\x1b[1;32m     28\x1b[0m module_path, class_name \x1b[38;5;241m=\x1b[39m matchers[matcher_name]\x1b[38;5;241m.\x1b[39mrsplit(\x1b[38;5;124m"\x1b[39m\x1b[38;5;124m.\x1b[39m\x1b[38;5;124m"\x1b[39m, \x1b[38;5;241m1\x1b[39m)\n\x1b[1;32m     29\x1b[0m module \x1b[38;5;241m=\x1b[39m importlib\x1b[38;5;241m.\x1b[39mimport_module(module_path)\n\x1b[0;32m---> 31\x1b[0m \x1b[38;5;28;01mreturn\x1b[39;00m \x1b[38;5;28;43mgetattr\x1b[39;49m\x1b[43m(\x1b[49m\x1b[43mmodule\x1b[49m\x1b[43m,\x1b[49m\x1b[43m \x1b[49m\x1b[43mclass_name\x1b[49m\x1b[43m)\x1b[49m\x1b[43m(\x1b[49m\x1b[38;5;241;43m*\x1b[39;49m\x1b[38;5;241;43m*\x1b[39;49m\x1b[43mmatcher_kwargs\x1b[49m\x1b[43m)\x1b[49m\n', 'File \x1b[0;32m/usr/local/lib/python3.10/site-packages/bdikit/schema_matching/topk/contrastivelearning.py:60\x1b[0m, in \x1b[0;36mCLTopkSchemaMatcher.__init__\x1b[0;34m(self, model_name, metric)\x1b[0m\n\x1b[1;32m     58\x1b[0m \x1b[38;5;28;01mdef\x1b[39;00m\x1b[38;5;250m \x1b[39m\x1b[38;5;21m__init__\x1b[39m(\x1b[38;5;28mself\x1b[39m, model_name: \x1b[38;5;28mstr\x1b[39m \x1b[38;5;241m=\x1b[39m DEFAULT_CL_MODEL, metric: \x1b[38;5;28mstr\x1b[39m \x1b[38;5;241m=\x1b[39m \x1b[38;5;124m"\x1b[39m\x1b[38;5;124mcosine\x1b[39m\x1b[38;5;124m"\x1b[39m):\n\x1b[1;32m     59\x1b[0m     \x1b[38;5;28msuper\x1b[39m()\x1b[38;5;241m.\x1b[39m\x1b[38;5;21m__init__\x1b[39m(\n\x1b[0;32m---> 60\x1b[0m         column_embedder\x1b[38;5;241m=\x1b[39m\x1b[43mContrastiveLearningAPI\x1b[49m\x1b[43m(\x1b[49m\x1b[43mmodel_name\x1b[49m\x1b[38;5;241;43m=\x1b[39;49m\x1b[43mmodel_name\x1b[49m\x1b[43m)\x1b[49m, metric\x1b[38;5;241m=\x1b[39mmetric\n\x1b[1;32m     61\x1b[0m     )\n', 'File \x1b[0;32m/usr/local/lib/python3.10/site-packages/bdikit/models/contrastive_learning/cl_api.py:45\x1b[0m, in \x1b[0;36mContrastiveLearningAPI.__init__\x1b[0;34m(self, model_path, model_name, batch_size)\x1b[0m\n\x1b[1;32m     43\x1b[0m \x1b[38;5;28mself\x1b[39m\x1b[38;5;241m.\x1b[39mbatch_size \x1b[38;5;241m=\x1b[39m batch_size\n\x1b[1;32m     44\x1b[0m \x1b[38;5;28mself\x1b[39m\x1b[38;5;241m.\x1b[39mdevice \x1b[38;5;241m=\x1b[39m get_device()\n\x1b[0;32m---> 45\x1b[0m \x1b[38;5;28mself\x1b[39m\x1b[38;5;241m.\x1b[39mmodel \x1b[38;5;241m=\x1b[39m \x1b[38;5;28;43mself\x1b[39;49m\x1b[38;5;241;43m.\x1b[39;49m\x1b[43mload_checkpoint\x1b[49m\x1b[43m(\x1b[49m\x1b[43m)\x1b[49m\n', 'File \x1b[0;32m/usr/local/lib/python3.10/site-packages/bdikit/models/contrastive_learning/cl_api.py:48\x1b[0m, in \x1b[0;36mContrastiveLearningAPI.load_checkpoint\x1b[0;34m(self, lm)\x1b[0m\n\x1b[1;32m     47\x1b[0m \x1b[38;5;28;01mdef\x1b[39;00m\x1b[38;5;250m \x1b[39m\x1b[38;5;21mload_checkpoint\x1b[39m(\x1b[38;5;28mself\x1b[39m, lm: \x1b[38;5;28mstr\x1b[39m \x1b[38;5;241m=\x1b[39m \x1b[38;5;124m"\x1b[39m\x1b[38;5;124mroberta\x1b[39m\x1b[38;5;124m"\x1b[39m):\n\x1b[0;32m---> 48\x1b[0m     ckpt \x1b[38;5;241m=\x1b[39m \x1b[43mtorch\x1b[49m\x1b[38;5;241;43m.\x1b[39;49m\x1b[43mload\x1b[49m\x1b[43m(\x1b[49m\x1b[38;5;28;43mself\x1b[39;49m\x1b[38;5;241;43m.\x1b[39;49m\x1b[43mmodel_path\x1b[49m\x1b[43m,\x1b[49m\x1b[43m \x1b[49m\x1b[43mmap_location\x1b[49m\x1b[38;5;241;43m=\x1b[39;49m\x1b[43mtorch\x1b[49m\x1b[38;5;241;43m.\x1b[39;49m\x1b[43mdevice\x1b[49m\x1b[43m(\x1b[49m\x1b[38;5;124;43m"\x1b[39;49m\x1b[38;5;124;43mcpu\x1b[39;49m\x1b[38;5;124;43m"\x1b[39;49m\x1b[43m)\x1b[49m\x1b[43m)\x1b[49m\n\x1b[1;32m     49\x1b[0m     scale_loss \x1b[38;5;241m=\x1b[39m \x1b[38;5;241m0.1\x1b[39m\n\x1b[1;32m     50\x1b[0m     lambd \x1b[38;5;241m=\x1b[39m \x1b[38;5;241m3.9\x1b[39m\n', 'File \x1b[0;32m/usr/local/lib/python3.10/site-packages/torch/serialization.py:1529\x1b[0m, in \x1b[0;36mload\x1b[0;34m(f, map_location, pickle_module, weights_only, mmap, **pickle_load_args)\x1b[0m\n\x1b[1;32m   1521\x1b[0m                 \x1b[38;5;28;01mreturn\x1b[39;00m _load(\n\x1b[1;32m   1522\x1b[0m                     opened_zipfile,\n\x1b[1;32m   1523\x1b[0m                     map_location,\n\x1b[0;32m   (...)\x1b[0m\n\x1b[1;32m   1526\x1b[0m                     \x1b[38;5;241m*\x1b[39m\x1b[38;5;241m*\x1b[39mpickle_load_args,\n\x1b[1;32m   1527\x1b[0m                 )\n\x1b[1;32m   1528\x1b[0m             \x1b[38;5;28;01mexcept\x1b[39;00m pickle\x1b[38;5;241m.\x1b[39mUnpicklingError \x1b[38;5;28;01mas\x1b[39;00m e:\n\x1b[0;32m-> 1529\x1b[0m                 \x1b[38;5;28;01mraise\x1b[39;00m pickle\x1b[38;5;241m.\x1b[39mUnpicklingError(_get_wo_message(\x1b[38;5;28mstr\x1b[39m(e))) \x1b[38;5;28;01mfrom\x1b[39;00m\x1b[38;5;250m \x1b[39m\x1b[38;5;28;01mNone\x1b[39;00m\n\x1b[1;32m   1530\x1b[0m         \x1b[38;5;28;01mreturn\x1b[39;00m _load(\n\x1b[1;32m   1531\x1b[0m             opened_zipfile,\n\x1b[1;32m   1532\x1b[0m             map_location,\n\x1b[0;32m   (...)\x1b[0m\n\x1b[1;32m   1535\x1b[0m             \x1b[38;5;241m*\x1b[39m\x1b[38;5;241m*\x1b[39mpickle_load_args,\n\x1b[1;32m   1536\x1b[0m         )\n\x1b[1;32m   1537\x1b[0m \x1b[38;5;28;01mif\x1b[39;00m mmap:\n', '\x1b[0;31mUnpicklingError\x1b[0m: Weights only load failed. This file can still be loaded, to do so you have two options, \x1b[1mdo those steps only if you trust the source of the checkpoint\x1b[0m. \n\t(1) In PyTorch 2.6, we changed the default value of the `weights_only` argument in `torch.load` from `False` to `True`. Re-running `torch.load` with `weights_only` set to `False` will likely succeed, but it can result in arbitrary code execution. Do it only if you got the file from a trusted source.\n\t(2) Alternatively, to load with `weights_only=True` please check the recommended steps in the following error message.\n\tWeightsUnpickler error: Unsupported global: GLOBAL argparse.Namespace was not an allowed global by default. Please use `torch.serialization.add_safe_globals([argparse.Namespace])` or the `torch.serialization.safe_globals([argparse.Namespace])` context manager to allowlist this global if you trust this class/function.\n\nCheck the documentation of torch.load to learn more about types accepted by default with weights_only https://pytorch.org/docs/stable/generated/torch.load.html.'])
Error: UnpicklingError Weights only load failed. This file can still be loaded, to do so you have two options, [1mdo those steps only if you trust the source of the checkpoint[0m. 
	(1) In PyTorch 2.6, we changed the default value of the `weights_only` argument in `torch.load` from `False` to `True`. Re-running `torch.load` with `weights_only` set to `False` will likely succeed, but it can result in arbitrary code execution. Do it only if you got the file from a trusted source.
	(2) Alternatively, to load with `weights_only=True` please check the recommended steps in the following error message.
	WeightsUnpickler error: Unsupported global: GLOBAL argparse.Namespace was not an allowed global by default. Please use `torch.serialization.add_safe_globals([argparse.Namespace])` or the `torch.serialization.safe_globals([argparse.Namespace])` context manager to allowlist this global if you trust this class/function.

Check the documentation of torch.load to learn more about types accepted by default with weights_only https://pytorch.org/docs/stable/generated/torch.load.html.
Traceback:
[0;31m---------------------------------------------------------------------------[0m
[0;31mUnpicklingError[0m                           Traceback (most recent call last)
Cell [0;32mIn[5], line 2[0m
[1;32m      1[0m [38;5;28;01mimport[39;00m[38;5;250m [39m[38;5;21;01mbdikit[39;00m[38;5;250m [39m[38;5;28;01mas[39;00m[38;5;250m [39m[38;5;21;01mbdi[39;00m
[0;32m----> 2[0m top_matches [38;5;241m=[39m [43mbdi[49m[38;5;241;43m.[39;49m[43mtop_matches[49m[43m([49m[43mdf_subset[49m[43m,[49m[43m [49m[43mcolumns[49m[38;5;241;43m=[39;49m[43m[[49m[38;5;124;43m"[39;49m[38;5;124;43mHistologic_Grade_FIGO[39;49m[38;5;124;43m"[39;49m[43m][49m[43m,[49m[43m [49m[43mtarget[49m[38;5;241;43m=[39;49m[38;5;124;43m"[39;49m[38;5;124;43mgdc[39;49m[38;5;124;43m"[39;49m[43m)[49m
[1;32m      3[0m top_matches[38;5;241m.[39mto_markdown()

File [0;32m/usr/local/lib/python3.10/site-packages/bdikit/api.py:133[0m, in [0;36mtop_matches[0;34m(source, columns, target, top_k, method, method_args)[0m
[1;32m    131[0m     [38;5;28;01mif[39;00m method_args [38;5;129;01mis[39;00m [38;5;28;01mNone[39;00m:
[1;32m    132[0m         method_args [38;5;241m=[39m {}
[0;32m--> 133[0m     topk_matcher [38;5;241m=[39m [43mTopkMatchers[49m[38;5;241;43m.[39;49m[43mget_matcher[49m[43m([49m[43mmethod[49m[43m,[49m[43m [49m[38;5;241;43m*[39;49m[38;5;241;43m*[39;49m[43mmethod_args[49m[43m)[49m
[1;32m    134[0m [38;5;28;01melif[39;00m [38;5;28misinstance[39m(method, BaseTopkSchemaMatcher):
[1;32m    135[0m     topk_matcher [38;5;241m=[39m method

File [0;32m/usr/local/lib/python3.10/site-packages/bdikit/schema_matching/topk/matcher_factory.py:31[0m, in [0;36mTopkMatchers.get_matcher[0;34m(matcher_name, **matcher_kwargs)[0m
[1;32m     28[0m module_path, class_name [38;5;241m=[39m matchers[matcher_name][38;5;241m.[39mrsplit([38;5;124m"[39m[38;5;124m.[39m[38;5;124m"[39m, [38;5;241m1[39m)
[1;32m     29[0m module [38;5;241m=[39m importlib[38;5;241m.[39mimport_module(module_path)
[0;32m---> 31[0m [38;5;28;01mreturn[39;00m [38;5;28;43mgetattr[39;49m[43m([49m[43mmodule[49m[43m,[49m[43m [49m[43mclass_name[49m[43m)[49m[43m([49m[38;5;241;43m*[39;49m[38;5;241;43m*[39;49m[43mmatcher_kwargs[49m[43m)[49m

File [0;32m/usr/local/lib/python3.10/site-packages/bdikit/schema_matching/topk/contrastivelearning.py:60[0m, in [0;36mCLTopkSchemaMatcher.__init__[0;34m(self, model_name, metric)[0m
[1;32m     58[0m [38;5;28;01mdef[39;00m[38;5;250m [39m[38;5;21m__init__[39m([38;5;28mself[39m, model_name: [38;5;28mstr[39m [38;5;241m=[39m DEFAULT_CL_MODEL, metric: [38;5;28mstr[39m [38;5;241m=[39m [38;5;124m"[39m[38;5;124mcosine[39m[38;5;124m"[39m):
[1;32m     59[0m     [38;5;28msuper[39m()[38;5;241m.[39m[38;5;21m__init__[39m(
[0;32m---> 60[0m         column_embedder[38;5;241m=[39m[43mContrastiveLearningAPI[49m[43m([49m[43mmodel_name[49m[38;5;241;43m=[39;49m[43mmodel_name[49m[43m)[49m, metric[38;5;241m=[39mmetric
[1;32m     61[0m     )

File [0;32m/usr/local/lib/python3.10/site-packages/bdikit/models/contrastive_learning/cl_api.py:45[0m, in [0;36mContrastiveLearningAPI.__init__[0;34m(self, model_path, model_name, batch_size)[0m
[1;32m     43[0m [38;5;28mself[39m[38;5;241m.[39mbatch_size [38;5;241m=[39m batch_size
[1;32m     44[0m [38;5;28mself[39m[38;5;241m.[39mdevice [38;5;241m=[39m get_device()
[0;32m---> 45[0m [38;5;28mself[39m[38;5;241m.[39mmodel [38;5;241m=[39m [38;5;28;43mself[39;49m[38;5;241;43m.[39;49m[43mload_checkpoint[49m[43m([49m[43m)[49m

File [0;32m/usr/local/lib/python3.10/site-packages/bdikit/models/contrastive_learning/cl_api.py:48[0m, in [0;36mContrastiveLearningAPI.load_checkpoint[0;34m(self, lm)[0m
[1;32m     47[0m [38;5;28;01mdef[39;00m[38;5;250m [39m[38;5;21mload_checkpoint[39m([38;5;28mself[39m, lm: [38;5;28mstr[39m [38;5;241m=[39m [38;5;124m"[39m[38;5;124mroberta[39m[38;5;124m"[39m):
[0;32m---> 48[0m     ckpt [38;5;241m=[39m [43mtorch[49m[38;5;241;43m.[39;49m[43mload[49m[43m([49m[38;5;28;43mself[39;49m[38;5;241;43m.[39;49m[43mmodel_path[49m[43m,[49m[43m [49m[43mmap_location[49m[38;5;241;43m=[39;49m[43mtorch[49m[38;5;241;43m.[39;49m[43mdevice[49m[43m([49m[38;5;124;43m"[39;49m[38;5;124;43mcpu[39;49m[38;5;124;43m"[39;49m[43m)[49m[43m)[49m
[1;32m     49[0m     scale_loss [38;5;241m=[39m [38;5;241m0.1[39m
[1;32m     50[0m     lambd [38;5;241m=[39m [38;5;241m3.9[39m

File [0;32m/usr/local/lib/python3.10/site-packages/torch/serialization.py:1529[0m, in [0;36mload[0;34m(f, map_location, pickle_module, weights_only, mmap, **pickle_load_args)[0m
[1;32m   1521[0m                 [38;5;28;01mreturn[39;00m _load(
[1;32m   1522[0m                     opened_zipfile,
[1;32m   1523[0m                     map_location,
[0;32m   (...)[0m
[1;32m   1526[0m                     [38;5;241m*[39m[38;5;241m*[39mpickle_load_args,
[1;32m   1527[0m                 )
[1;32m   1528[0m             [38;5;28;01mexcept[39;00m pickle[38;5;241m.[39mUnpicklingError [38;5;28;01mas[39;00m e:
[0;32m-> 1529[0m                 [38;5;28;01mraise[39;00m pickle[38;5;241m.[39mUnpicklingError(_get_wo_message([38;5;28mstr[39m(e))) [38;5;28;01mfrom[39;00m[38;5;250m [39m[38;5;28;01mNone[39;00m
[1;32m   1530[0m         [38;5;28;01mreturn[39;00m _load(
[1;32m   1531[0m             opened_zipfile,
[1;32m   1532[0m             map_location,
[0;32m   (...)[0m
[1;32m   1535[0m             [38;5;241m*[39m[38;5;241m*[39mpickle_load_args,
[1;32m   1536[0m         )
[1;32m   1537[0m [38;5;28;01mif[39;00m mmap:

[0;31mUnpicklingError[0m: Weights only load failed. This file can still be loaded, to do so you have two options, [1mdo those steps only if you trust the source of the checkpoint[0m. 
	(1) In PyTorch 2.6, we changed the default value of the `weights_only` argument in `torch.load` from `False` to `True`. Re-running `torch.load` with `weights_only` set to `False` will likely succeed, but it can result in arbitrary code execution. Do it only if you got the file from a trusted source.
	(2) Alternatively, to load with `weights_only=True` please check the recommended steps in the following error message.
	WeightsUnpickler error: Unsupported global: GLOBAL argparse.Namespace was not an allowed global by default. Please use `torch.serialization.add_safe_globals([argparse.Namespace])` or the `torch.serialization.safe_globals([argparse.Namespace])` context manager to allowlist this global if you trust this class/function.

Check the documentation of torch.load to learn more about types accepted by default with weights_only https://pytorch.org/docs/stable/generated/torch.load.html.
Uncaught exception in ZMQStream callback
Traceback (most recent call last):
  File "/usr/local/lib/python3.10/site-packages/zmq/eventloop/zmqstream.py", line 565, in _log_error
    f.result()
  File "/usr/local/lib/python3.10/site-packages/beaker_kernel/lib/jupyter_kernel_proxy.py", line 253, in handler
    new_data = await callback(self, other_stream, data)
  File "/usr/local/lib/python3.10/site-packages/beaker_kernel/lib/context.py", line 835, in handle_error
    raise ExecutionError(content["ename"], content["evalue"], content["traceback"])
beaker_kernel.lib.utils.ExecutionError: ('UnpicklingError', 'Weights only load failed. This file can still be loaded, to do so you have two options, \x1b[1mdo those steps only if you trust the source of the checkpoint\x1b[0m. \n\t(1) In PyTorch 2.6, we changed the default value of the `weights_only` argument in `torch.load` from `False` to `True`. Re-running `torch.load` with `weights_only` set to `False` will likely succeed, but it can result in arbitrary code execution. Do it only if you got the file from a trusted source.\n\t(2) Alternatively, to load with `weights_only=True` please check the recommended steps in the following error message.\n\tWeightsUnpickler error: Unsupported global: GLOBAL argparse.Namespace was not an allowed global by default. Please use `torch.serialization.add_safe_globals([argparse.Namespace])` or the `torch.serialization.safe_globals([argparse.Namespace])` context manager to allowlist this global if you trust this class/function.\n\nCheck the documentation of torch.load to learn more about types accepted by default with weights_only https://pytorch.org/docs/stable/generated/torch.load.html.', ['\x1b[0;31m---------------------------------------------------------------------------\x1b[0m', '\x1b[0;31mUnpicklingError\x1b[0m                           Traceback (most recent call last)', 'Cell \x1b[0;32mIn[5], line 2\x1b[0m\n\x1b[1;32m      1\x1b[0m \x1b[38;5;28;01mimport\x1b[39;00m\x1b[38;5;250m \x1b[39m\x1b[38;5;21;01mbdikit\x1b[39;00m\x1b[38;5;250m \x1b[39m\x1b[38;5;28;01mas\x1b[39;00m\x1b[38;5;250m \x1b[39m\x1b[38;5;21;01mbdi\x1b[39;00m\n\x1b[0;32m----> 2\x1b[0m top_matches \x1b[38;5;241m=\x1b[39m \x1b[43mbdi\x1b[49m\x1b[38;5;241;43m.\x1b[39;49m\x1b[43mtop_matches\x1b[49m\x1b[43m(\x1b[49m\x1b[43mdf_subset\x1b[49m\x1b[43m,\x1b[49m\x1b[43m \x1b[49m\x1b[43mcolumns\x1b[49m\x1b[38;5;241;43m=\x1b[39;49m\x1b[43m[\x1b[49m\x1b[38;5;124;43m"\x1b[39;49m\x1b[38;5;124;43mHistologic_Grade_FIGO\x1b[39;49m\x1b[38;5;124;43m"\x1b[39;49m\x1b[43m]\x1b[49m\x1b[43m,\x1b[49m\x1b[43m \x1b[49m\x1b[43mtarget\x1b[49m\x1b[38;5;241;43m=\x1b[39;49m\x1b[38;5;124;43m"\x1b[39;49m\x1b[38;5;124;43mgdc\x1b[39;49m\x1b[38;5;124;43m"\x1b[39;49m\x1b[43m)\x1b[49m\n\x1b[1;32m      3\x1b[0m top_matches\x1b[38;5;241m.\x1b[39mto_markdown()\n', 'File \x1b[0;32m/usr/local/lib/python3.10/site-packages/bdikit/api.py:133\x1b[0m, in \x1b[0;36mtop_matches\x1b[0;34m(source, columns, target, top_k, method, method_args)\x1b[0m\n\x1b[1;32m    131\x1b[0m     \x1b[38;5;28;01mif\x1b[39;00m method_args \x1b[38;5;129;01mis\x1b[39;00m \x1b[38;5;28;01mNone\x1b[39;00m:\n\x1b[1;32m    132\x1b[0m         method_args \x1b[38;5;241m=\x1b[39m {}\n\x1b[0;32m--> 133\x1b[0m     topk_matcher \x1b[38;5;241m=\x1b[39m \x1b[43mTopkMatchers\x1b[49m\x1b[38;5;241;43m.\x1b[39;49m\x1b[43mget_matcher\x1b[49m\x1b[43m(\x1b[49m\x1b[43mmethod\x1b[49m\x1b[43m,\x1b[49m\x1b[43m \x1b[49m\x1b[38;5;241;43m*\x1b[39;49m\x1b[38;5;241;43m*\x1b[39;49m\x1b[43mmethod_args\x1b[49m\x1b[43m)\x1b[49m\n\x1b[1;32m    134\x1b[0m \x1b[38;5;28;01melif\x1b[39;00m \x1b[38;5;28misinstance\x1b[39m(method, BaseTopkSchemaMatcher):\n\x1b[1;32m    135\x1b[0m     topk_matcher \x1b[38;5;241m=\x1b[39m method\n', 'File \x1b[0;32m/usr/local/lib/python3.10/site-packages/bdikit/schema_matching/topk/matcher_factory.py:31\x1b[0m, in \x1b[0;36mTopkMatchers.get_matcher\x1b[0;34m(matcher_name, **matcher_kwargs)\x1b[0m\n\x1b[1;32m     28\x1b[0m module_path, class_name \x1b[38;5;241m=\x1b[39m matchers[matcher_name]\x1b[38;5;241m.\x1b[39mrsplit(\x1b[38;5;124m"\x1b[39m\x1b[38;5;124m.\x1b[39m\x1b[38;5;124m"\x1b[39m, \x1b[38;5;241m1\x1b[39m)\n\x1b[1;32m     29\x1b[0m module \x1b[38;5;241m=\x1b[39m importlib\x1b[38;5;241m.\x1b[39mimport_module(module_path)\n\x1b[0;32m---> 31\x1b[0m \x1b[38;5;28;01mreturn\x1b[39;00m \x1b[38;5;28;43mgetattr\x1b[39;49m\x1b[43m(\x1b[49m\x1b[43mmodule\x1b[49m\x1b[43m,\x1b[49m\x1b[43m \x1b[49m\x1b[43mclass_name\x1b[49m\x1b[43m)\x1b[49m\x1b[43m(\x1b[49m\x1b[38;5;241;43m*\x1b[39;49m\x1b[38;5;241;43m*\x1b[39;49m\x1b[43mmatcher_kwargs\x1b[49m\x1b[43m)\x1b[49m\n', 'File \x1b[0;32m/usr/local/lib/python3.10/site-packages/bdikit/schema_matching/topk/contrastivelearning.py:60\x1b[0m, in \x1b[0;36mCLTopkSchemaMatcher.__init__\x1b[0;34m(self, model_name, metric)\x1b[0m\n\x1b[1;32m     58\x1b[0m \x1b[38;5;28;01mdef\x1b[39;00m\x1b[38;5;250m \x1b[39m\x1b[38;5;21m__init__\x1b[39m(\x1b[38;5;28mself\x1b[39m, model_name: \x1b[38;5;28mstr\x1b[39m \x1b[38;5;241m=\x1b[39m DEFAULT_CL_MODEL, metric: \x1b[38;5;28mstr\x1b[39m \x1b[38;5;241m=\x1b[39m \x1b[38;5;124m"\x1b[39m\x1b[38;5;124mcosine\x1b[39m\x1b[38;5;124m"\x1b[39m):\n\x1b[1;32m     59\x1b[0m     \x1b[38;5;28msuper\x1b[39m()\x1b[38;5;241m.\x1b[39m\x1b[38;5;21m__init__\x1b[39m(\n\x1b[0;32m---> 60\x1b[0m         column_embedder\x1b[38;5;241m=\x1b[39m\x1b[43mContrastiveLearningAPI\x1b[49m\x1b[43m(\x1b[49m\x1b[43mmodel_name\x1b[49m\x1b[38;5;241;43m=\x1b[39;49m\x1b[43mmodel_name\x1b[49m\x1b[43m)\x1b[49m, metric\x1b[38;5;241m=\x1b[39mmetric\n\x1b[1;32m     61\x1b[0m     )\n', 'File \x1b[0;32m/usr/local/lib/python3.10/site-packages/bdikit/models/contrastive_learning/cl_api.py:45\x1b[0m, in \x1b[0;36mContrastiveLearningAPI.__init__\x1b[0;34m(self, model_path, model_name, batch_size)\x1b[0m\n\x1b[1;32m     43\x1b[0m \x1b[38;5;28mself\x1b[39m\x1b[38;5;241m.\x1b[39mbatch_size \x1b[38;5;241m=\x1b[39m batch_size\n\x1b[1;32m     44\x1b[0m \x1b[38;5;28mself\x1b[39m\x1b[38;5;241m.\x1b[39mdevice \x1b[38;5;241m=\x1b[39m get_device()\n\x1b[0;32m---> 45\x1b[0m \x1b[38;5;28mself\x1b[39m\x1b[38;5;241m.\x1b[39mmodel \x1b[38;5;241m=\x1b[39m \x1b[38;5;28;43mself\x1b[39;49m\x1b[38;5;241;43m.\x1b[39;49m\x1b[43mload_checkpoint\x1b[49m\x1b[43m(\x1b[49m\x1b[43m)\x1b[49m\n', 'File \x1b[0;32m/usr/local/lib/python3.10/site-packages/bdikit/models/contrastive_learning/cl_api.py:48\x1b[0m, in \x1b[0;36mContrastiveLearningAPI.load_checkpoint\x1b[0;34m(self, lm)\x1b[0m\n\x1b[1;32m     47\x1b[0m \x1b[38;5;28;01mdef\x1b[39;00m\x1b[38;5;250m \x1b[39m\x1b[38;5;21mload_checkpoint\x1b[39m(\x1b[38;5;28mself\x1b[39m, lm: \x1b[38;5;28mstr\x1b[39m \x1b[38;5;241m=\x1b[39m \x1b[38;5;124m"\x1b[39m\x1b[38;5;124mroberta\x1b[39m\x1b[38;5;124m"\x1b[39m):\n\x1b[0;32m---> 48\x1b[0m     ckpt \x1b[38;5;241m=\x1b[39m \x1b[43mtorch\x1b[49m\x1b[38;5;241;43m.\x1b[39;49m\x1b[43mload\x1b[49m\x1b[43m(\x1b[49m\x1b[38;5;28;43mself\x1b[39;49m\x1b[38;5;241;43m.\x1b[39;49m\x1b[43mmodel_path\x1b[49m\x1b[43m,\x1b[49m\x1b[43m \x1b[49m\x1b[43mmap_location\x1b[49m\x1b[38;5;241;43m=\x1b[39;49m\x1b[43mtorch\x1b[49m\x1b[38;5;241;43m.\x1b[39;49m\x1b[43mdevice\x1b[49m\x1b[43m(\x1b[49m\x1b[38;5;124;43m"\x1b[39;49m\x1b[38;5;124;43mcpu\x1b[39;49m\x1b[38;5;124;43m"\x1b[39;49m\x1b[43m)\x1b[49m\x1b[43m)\x1b[49m\n\x1b[1;32m     49\x1b[0m     scale_loss \x1b[38;5;241m=\x1b[39m \x1b[38;5;241m0.1\x1b[39m\n\x1b[1;32m     50\x1b[0m     lambd \x1b[38;5;241m=\x1b[39m \x1b[38;5;241m3.9\x1b[39m\n', 'File \x1b[0;32m/usr/local/lib/python3.10/site-packages/torch/serialization.py:1529\x1b[0m, in \x1b[0;36mload\x1b[0;34m(f, map_location, pickle_module, weights_only, mmap, **pickle_load_args)\x1b[0m\n\x1b[1;32m   1521\x1b[0m                 \x1b[38;5;28;01mreturn\x1b[39;00m _load(\n\x1b[1;32m   1522\x1b[0m                     opened_zipfile,\n\x1b[1;32m   1523\x1b[0m                     map_location,\n\x1b[0;32m   (...)\x1b[0m\n\x1b[1;32m   1526\x1b[0m                     \x1b[38;5;241m*\x1b[39m\x1b[38;5;241m*\x1b[39mpickle_load_args,\n\x1b[1;32m   1527\x1b[0m                 )\n\x1b[1;32m   1528\x1b[0m             \x1b[38;5;28;01mexcept\x1b[39;00m pickle\x1b[38;5;241m.\x1b[39mUnpicklingError \x1b[38;5;28;01mas\x1b[39;00m e:\n\x1b[0;32m-> 1529\x1b[0m                 \x1b[38;5;28;01mraise\x1b[39;00m pickle\x1b[38;5;241m.\x1b[39mUnpicklingError(_get_wo_message(\x1b[38;5;28mstr\x1b[39m(e))) \x1b[38;5;28;01mfrom\x1b[39;00m\x1b[38;5;250m \x1b[39m\x1b[38;5;28;01mNone\x1b[39;00m\n\x1b[1;32m   1530\x1b[0m         \x1b[38;5;28;01mreturn\x1b[39;00m _load(\n\x1b[1;32m   1531\x1b[0m             opened_zipfile,\n\x1b[1;32m   1532\x1b[0m             map_location,\n\x1b[0;32m   (...)\x1b[0m\n\x1b[1;32m   1535\x1b[0m             \x1b[38;5;241m*\x1b[39m\x1b[38;5;241m*\x1b[39mpickle_load_args,\n\x1b[1;32m   1536\x1b[0m         )\n\x1b[1;32m   1537\x1b[0m \x1b[38;5;28;01mif\x1b[39;00m mmap:\n', '\x1b[0;31mUnpicklingError\x1b[0m: Weights only load failed. This file can still be loaded, to do so you have two options, \x1b[1mdo those steps only if you trust the source of the checkpoint\x1b[0m. \n\t(1) In PyTorch 2.6, we changed the default value of the `weights_only` argument in `torch.load` from `False` to `True`. Re-running `torch.load` with `weights_only` set to `False` will likely succeed, but it can result in arbitrary code execution. Do it only if you got the file from a trusted source.\n\t(2) Alternatively, to load with `weights_only=True` please check the recommended steps in the following error message.\n\tWeightsUnpickler error: Unsupported global: GLOBAL argparse.Namespace was not an allowed global by default. Please use `torch.serialization.add_safe_globals([argparse.Namespace])` or the `torch.serialization.safe_globals([argparse.Namespace])` context manager to allowlist this global if you trust this class/function.\n\nCheck the documentation of torch.load to learn more about types accepted by default with weights_only https://pytorch.org/docs/stable/generated/torch.load.html.'])
Successfully ran code, but failed to fetch preview: 'NoneType' object is not callable
Error: UnpicklingError Weights only load failed. This file can still be loaded, to do so you have two options, [1mdo those steps only if you trust the source of the checkpoint[0m. 
	(1) In PyTorch 2.6, we changed the default value of the `weights_only` argument in `torch.load` from `False` to `True`. Re-running `torch.load` with `weights_only` set to `False` will likely succeed, but it can result in arbitrary code execution. Do it only if you got the file from a trusted source.
	(2) Alternatively, to load with `weights_only=True` please check the recommended steps in the following error message.
	WeightsUnpickler error: Unsupported global: GLOBAL argparse.Namespace was not an allowed global by default. Please use `torch.serialization.add_safe_globals([argparse.Namespace])` or the `torch.serialization.safe_globals([argparse.Namespace])` context manager to allowlist this global if you trust this class/function.

Check the documentation of torch.load to learn more about types accepted by default with weights_only https://pytorch.org/docs/stable/generated/torch.load.html.
Traceback:
[0;31m---------------------------------------------------------------------------[0m
[0;31mUnpicklingError[0m                           Traceback (most recent call last)
Cell [0;32mIn[6], line 2[0m
[1;32m      1[0m [38;5;28;01mimport[39;00m[38;5;250m [39m[38;5;21;01mbdikit[39;00m[38;5;250m [39m[38;5;28;01mas[39;00m[38;5;250m [39m[38;5;21;01mbdi[39;00m
[0;32m----> 2[0m top_matches [38;5;241m=[39m [43mbdi[49m[38;5;241;43m.[39;49m[43mtop_matches[49m[43m([49m[43mdf_subset[49m[43m,[49m[43m [49m[43mcolumns[49m[38;5;241;43m=[39;49m[43m[[49m[38;5;124;43m"[39;49m[38;5;124;43mGender[39;49m[38;5;124;43m"[39;49m[43m][49m[43m,[49m[43m [49m[43mtarget[49m[38;5;241;43m=[39;49m[38;5;124;43m"[39;49m[38;5;124;43mgdc[39;49m[38;5;124;43m"[39;49m[43m)[49m
[1;32m      3[0m top_matches[38;5;241m.[39mto_markdown()

File [0;32m/usr/local/lib/python3.10/site-packages/bdikit/api.py:133[0m, in [0;36mtop_matches[0;34m(source, columns, target, top_k, method, method_args)[0m
[1;32m    131[0m     [38;5;28;01mif[39;00m method_args [38;5;129;01mis[39;00m [38;5;28;01mNone[39;00m:
[1;32m    132[0m         method_args [38;5;241m=[39m {}
[0;32m--> 133[0m     topk_matcher [38;5;241m=[39m [43mTopkMatchers[49m[38;5;241;43m.[39;49m[43mget_matcher[49m[43m([49m[43mmethod[49m[43m,[49m[43m [49m[38;5;241;43m*[39;49m[38;5;241;43m*[39;49m[43mmethod_args[49m[43m)[49m
[1;32m    134[0m [38;5;28;01melif[39;00m [38;5;28misinstance[39m(method, BaseTopkSchemaMatcher):
[1;32m    135[0m     topk_matcher [38;5;241m=[39m method

File [0;32m/usr/local/lib/python3.10/site-packages/bdikit/schema_matching/topk/matcher_factory.py:31[0m, in [0;36mTopkMatchers.get_matcher[0;34m(matcher_name, **matcher_kwargs)[0m
[1;32m     28[0m module_path, class_name [38;5;241m=[39m matchers[matcher_name][38;5;241m.[39mrsplit([38;5;124m"[39m[38;5;124m.[39m[38;5;124m"[39m, [38;5;241m1[39m)
[1;32m     29[0m module [38;5;241m=[39m importlib[38;5;241m.[39mimport_module(module_path)
[0;32m---> 31[0m [38;5;28;01mreturn[39;00m [38;5;28;43mgetattr[39;49m[43m([49m[43mmodule[49m[43m,[49m[43m [49m[43mclass_name[49m[43m)[49m[43m([49m[38;5;241;43m*[39;49m[38;5;241;43m*[39;49m[43mmatcher_kwargs[49m[43m)[49m

File [0;32m/usr/local/lib/python3.10/site-packages/bdikit/schema_matching/topk/contrastivelearning.py:60[0m, in [0;36mCLTopkSchemaMatcher.__init__[0;34m(self, model_name, metric)[0m
[1;32m     58[0m [38;5;28;01mdef[39;00m[38;5;250m [39m[38;5;21m__init__[39m([38;5;28mself[39m, model_name: [38;5;28mstr[39m [38;5;241m=[39m DEFAULT_CL_MODEL, metric: [38;5;28mstr[39m [38;5;241m=[39m [38;5;124m"[39m[38;5;124mcosine[39m[38;5;124m"[39m):
[1;32m     59[0m     [38;5;28msuper[39m()[38;5;241m.[39m[38;5;21m__init__[39m(
[0;32m---> 60[0m         column_embedder[38;5;241m=[39m[43mContrastiveLearningAPI[49m[43m([49m[43mmodel_name[49m[38;5;241;43m=[39;49m[43mmodel_name[49m[43m)[49m, metric[38;5;241m=[39mmetric
[1;32m     61[0m     )

File [0;32m/usr/local/lib/python3.10/site-packages/bdikit/models/contrastive_learning/cl_api.py:45[0m, in [0;36mContrastiveLearningAPI.__init__[0;34m(self, model_path, model_name, batch_size)[0m
[1;32m     43[0m [38;5;28mself[39m[38;5;241m.[39mbatch_size [38;5;241m=[39m batch_size
[1;32m     44[0m [38;5;28mself[39m[38;5;241m.[39mdevice [38;5;241m=[39m get_device()
[0;32m---> 45[0m [38;5;28mself[39m[38;5;241m.[39mmodel [38;5;241m=[39m [38;5;28;43mself[39;49m[38;5;241;43m.[39;49m[43mload_checkpoint[49m[43m([49m[43m)[49m

File [0;32m/usr/local/lib/python3.10/site-packages/bdikit/models/contrastive_learning/cl_api.py:48[0m, in [0;36mContrastiveLearningAPI.load_checkpoint[0;34m(self, lm)[0m
[1;32m     47[0m [38;5;28;01mdef[39;00m[38;5;250m [39m[38;5;21mload_checkpoint[39m([38;5;28mself[39m, lm: [38;5;28mstr[39m [38;5;241m=[39m [38;5;124m"[39m[38;5;124mroberta[39m[38;5;124m"[39m):
[0;32m---> 48[0m     ckpt [38;5;241m=[39m [43mtorch[49m[38;5;241;43m.[39;49m[43mload[49m[43m([49m[38;5;28;43mself[39;49m[38;5;241;43m.[39;49m[43mmodel_path[49m[43m,[49m[43m [49m[43mmap_location[49m[38;5;241;43m=[39;49m[43mtorch[49m[38;5;241;43m.[39;49m[43mdevice[49m[43m([49m[38;5;124;43m"[39;49m[38;5;124;43mcpu[39;49m[38;5;124;43m"[39;49m[43m)[49m[43m)[49m
[1;32m     49[0m     scale_loss [38;5;241m=[39m [38;5;241m0.1[39m
[1;32m     50[0m     lambd [38;5;241m=[39m [38;5;241m3.9[39m

File [0;32m/usr/local/lib/python3.10/site-packages/torch/serialization.py:1529[0m, in [0;36mload[0;34m(f, map_location, pickle_module, weights_only, mmap, **pickle_load_args)[0m
[1;32m   1521[0m                 [38;5;28;01mreturn[39;00m _load(
[1;32m   1522[0m                     opened_zipfile,
[1;32m   1523[0m                     map_location,
[0;32m   (...)[0m
[1;32m   1526[0m                     [38;5;241m*[39m[38;5;241m*[39mpickle_load_args,
[1;32m   1527[0m                 )
[1;32m   1528[0m             [38;5;28;01mexcept[39;00m pickle[38;5;241m.[39mUnpicklingError [38;5;28;01mas[39;00m e:
[0;32m-> 1529[0m                 [38;5;28;01mraise[39;00m pickle[38;5;241m.[39mUnpicklingError(_get_wo_message([38;5;28mstr[39m(e))) [38;5;28;01mfrom[39;00m[38;5;250m [39m[38;5;28;01mNone[39;00m
[1;32m   1530[0m         [38;5;28;01mreturn[39;00m _load(
[1;32m   1531[0m             opened_zipfile,
[1;32m   1532[0m             map_location,
[0;32m   (...)[0m
[1;32m   1535[0m             [38;5;241m*[39m[38;5;241m*[39mpickle_load_args,
[1;32m   1536[0m         )
[1;32m   1537[0m [38;5;28;01mif[39;00m mmap:

[0;31mUnpicklingError[0m: Weights only load failed. This file can still be loaded, to do so you have two options, [1mdo those steps only if you trust the source of the checkpoint[0m. 
	(1) In PyTorch 2.6, we changed the default value of the `weights_only` argument in `torch.load` from `False` to `True`. Re-running `torch.load` with `weights_only` set to `False` will likely succeed, but it can result in arbitrary code execution. Do it only if you got the file from a trusted source.
	(2) Alternatively, to load with `weights_only=True` please check the recommended steps in the following error message.
	WeightsUnpickler error: Unsupported global: GLOBAL argparse.Namespace was not an allowed global by default. Please use `torch.serialization.add_safe_globals([argparse.Namespace])` or the `torch.serialization.safe_globals([argparse.Namespace])` context manager to allowlist this global if you trust this class/function.

Check the documentation of torch.load to learn more about types accepted by default with weights_only https://pytorch.org/docs/stable/generated/torch.load.html.
Uncaught exception in ZMQStream callback
Traceback (most recent call last):
  File "/usr/local/lib/python3.10/site-packages/zmq/eventloop/zmqstream.py", line 565, in _log_error
    f.result()
  File "/usr/local/lib/python3.10/site-packages/beaker_kernel/lib/jupyter_kernel_proxy.py", line 253, in handler
    new_data = await callback(self, other_stream, data)
  File "/usr/local/lib/python3.10/site-packages/beaker_kernel/lib/context.py", line 835, in handle_error
    raise ExecutionError(content["ename"], content["evalue"], content["traceback"])
beaker_kernel.lib.utils.ExecutionError: ('UnpicklingError', 'Weights only load failed. This file can still be loaded, to do so you have two options, \x1b[1mdo those steps only if you trust the source of the checkpoint\x1b[0m. \n\t(1) In PyTorch 2.6, we changed the default value of the `weights_only` argument in `torch.load` from `False` to `True`. Re-running `torch.load` with `weights_only` set to `False` will likely succeed, but it can result in arbitrary code execution. Do it only if you got the file from a trusted source.\n\t(2) Alternatively, to load with `weights_only=True` please check the recommended steps in the following error message.\n\tWeightsUnpickler error: Unsupported global: GLOBAL argparse.Namespace was not an allowed global by default. Please use `torch.serialization.add_safe_globals([argparse.Namespace])` or the `torch.serialization.safe_globals([argparse.Namespace])` context manager to allowlist this global if you trust this class/function.\n\nCheck the documentation of torch.load to learn more about types accepted by default with weights_only https://pytorch.org/docs/stable/generated/torch.load.html.', ['\x1b[0;31m---------------------------------------------------------------------------\x1b[0m', '\x1b[0;31mUnpicklingError\x1b[0m                           Traceback (most recent call last)', 'Cell \x1b[0;32mIn[6], line 2\x1b[0m\n\x1b[1;32m      1\x1b[0m \x1b[38;5;28;01mimport\x1b[39;00m\x1b[38;5;250m \x1b[39m\x1b[38;5;21;01mbdikit\x1b[39;00m\x1b[38;5;250m \x1b[39m\x1b[38;5;28;01mas\x1b[39;00m\x1b[38;5;250m \x1b[39m\x1b[38;5;21;01mbdi\x1b[39;00m\n\x1b[0;32m----> 2\x1b[0m top_matches \x1b[38;5;241m=\x1b[39m \x1b[43mbdi\x1b[49m\x1b[38;5;241;43m.\x1b[39;49m\x1b[43mtop_matches\x1b[49m\x1b[43m(\x1b[49m\x1b[43mdf_subset\x1b[49m\x1b[43m,\x1b[49m\x1b[43m \x1b[49m\x1b[43mcolumns\x1b[49m\x1b[38;5;241;43m=\x1b[39;49m\x1b[43m[\x1b[49m\x1b[38;5;124;43m"\x1b[39;49m\x1b[38;5;124;43mGender\x1b[39;49m\x1b[38;5;124;43m"\x1b[39;49m\x1b[43m]\x1b[49m\x1b[43m,\x1b[49m\x1b[43m \x1b[49m\x1b[43mtarget\x1b[49m\x1b[38;5;241;43m=\x1b[39;49m\x1b[38;5;124;43m"\x1b[39;49m\x1b[38;5;124;43mgdc\x1b[39;49m\x1b[38;5;124;43m"\x1b[39;49m\x1b[43m)\x1b[49m\n\x1b[1;32m      3\x1b[0m top_matches\x1b[38;5;241m.\x1b[39mto_markdown()\n', 'File \x1b[0;32m/usr/local/lib/python3.10/site-packages/bdikit/api.py:133\x1b[0m, in \x1b[0;36mtop_matches\x1b[0;34m(source, columns, target, top_k, method, method_args)\x1b[0m\n\x1b[1;32m    131\x1b[0m     \x1b[38;5;28;01mif\x1b[39;00m method_args \x1b[38;5;129;01mis\x1b[39;00m \x1b[38;5;28;01mNone\x1b[39;00m:\n\x1b[1;32m    132\x1b[0m         method_args \x1b[38;5;241m=\x1b[39m {}\n\x1b[0;32m--> 133\x1b[0m     topk_matcher \x1b[38;5;241m=\x1b[39m \x1b[43mTopkMatchers\x1b[49m\x1b[38;5;241;43m.\x1b[39;49m\x1b[43mget_matcher\x1b[49m\x1b[43m(\x1b[49m\x1b[43mmethod\x1b[49m\x1b[43m,\x1b[49m\x1b[43m \x1b[49m\x1b[38;5;241;43m*\x1b[39;49m\x1b[38;5;241;43m*\x1b[39;49m\x1b[43mmethod_args\x1b[49m\x1b[43m)\x1b[49m\n\x1b[1;32m    134\x1b[0m \x1b[38;5;28;01melif\x1b[39;00m \x1b[38;5;28misinstance\x1b[39m(method, BaseTopkSchemaMatcher):\n\x1b[1;32m    135\x1b[0m     topk_matcher \x1b[38;5;241m=\x1b[39m method\n', 'File \x1b[0;32m/usr/local/lib/python3.10/site-packages/bdikit/schema_matching/topk/matcher_factory.py:31\x1b[0m, in \x1b[0;36mTopkMatchers.get_matcher\x1b[0;34m(matcher_name, **matcher_kwargs)\x1b[0m\n\x1b[1;32m     28\x1b[0m module_path, class_name \x1b[38;5;241m=\x1b[39m matchers[matcher_name]\x1b[38;5;241m.\x1b[39mrsplit(\x1b[38;5;124m"\x1b[39m\x1b[38;5;124m.\x1b[39m\x1b[38;5;124m"\x1b[39m, \x1b[38;5;241m1\x1b[39m)\n\x1b[1;32m     29\x1b[0m module \x1b[38;5;241m=\x1b[39m importlib\x1b[38;5;241m.\x1b[39mimport_module(module_path)\n\x1b[0;32m---> 31\x1b[0m \x1b[38;5;28;01mreturn\x1b[39;00m \x1b[38;5;28;43mgetattr\x1b[39;49m\x1b[43m(\x1b[49m\x1b[43mmodule\x1b[49m\x1b[43m,\x1b[49m\x1b[43m \x1b[49m\x1b[43mclass_name\x1b[49m\x1b[43m)\x1b[49m\x1b[43m(\x1b[49m\x1b[38;5;241;43m*\x1b[39;49m\x1b[38;5;241;43m*\x1b[39;49m\x1b[43mmatcher_kwargs\x1b[49m\x1b[43m)\x1b[49m\n', 'File \x1b[0;32m/usr/local/lib/python3.10/site-packages/bdikit/schema_matching/topk/contrastivelearning.py:60\x1b[0m, in \x1b[0;36mCLTopkSchemaMatcher.__init__\x1b[0;34m(self, model_name, metric)\x1b[0m\n\x1b[1;32m     58\x1b[0m \x1b[38;5;28;01mdef\x1b[39;00m\x1b[38;5;250m \x1b[39m\x1b[38;5;21m__init__\x1b[39m(\x1b[38;5;28mself\x1b[39m, model_name: \x1b[38;5;28mstr\x1b[39m \x1b[38;5;241m=\x1b[39m DEFAULT_CL_MODEL, metric: \x1b[38;5;28mstr\x1b[39m \x1b[38;5;241m=\x1b[39m \x1b[38;5;124m"\x1b[39m\x1b[38;5;124mcosine\x1b[39m\x1b[38;5;124m"\x1b[39m):\n\x1b[1;32m     59\x1b[0m     \x1b[38;5;28msuper\x1b[39m()\x1b[38;5;241m.\x1b[39m\x1b[38;5;21m__init__\x1b[39m(\n\x1b[0;32m---> 60\x1b[0m         column_embedder\x1b[38;5;241m=\x1b[39m\x1b[43mContrastiveLearningAPI\x1b[49m\x1b[43m(\x1b[49m\x1b[43mmodel_name\x1b[49m\x1b[38;5;241;43m=\x1b[39;49m\x1b[43mmodel_name\x1b[49m\x1b[43m)\x1b[49m, metric\x1b[38;5;241m=\x1b[39mmetric\n\x1b[1;32m     61\x1b[0m     )\n', 'File \x1b[0;32m/usr/local/lib/python3.10/site-packages/bdikit/models/contrastive_learning/cl_api.py:45\x1b[0m, in \x1b[0;36mContrastiveLearningAPI.__init__\x1b[0;34m(self, model_path, model_name, batch_size)\x1b[0m\n\x1b[1;32m     43\x1b[0m \x1b[38;5;28mself\x1b[39m\x1b[38;5;241m.\x1b[39mbatch_size \x1b[38;5;241m=\x1b[39m batch_size\n\x1b[1;32m     44\x1b[0m \x1b[38;5;28mself\x1b[39m\x1b[38;5;241m.\x1b[39mdevice \x1b[38;5;241m=\x1b[39m get_device()\n\x1b[0;32m---> 45\x1b[0m \x1b[38;5;28mself\x1b[39m\x1b[38;5;241m.\x1b[39mmodel \x1b[38;5;241m=\x1b[39m \x1b[38;5;28;43mself\x1b[39;49m\x1b[38;5;241;43m.\x1b[39;49m\x1b[43mload_checkpoint\x1b[49m\x1b[43m(\x1b[49m\x1b[43m)\x1b[49m\n', 'File \x1b[0;32m/usr/local/lib/python3.10/site-packages/bdikit/models/contrastive_learning/cl_api.py:48\x1b[0m, in \x1b[0;36mContrastiveLearningAPI.load_checkpoint\x1b[0;34m(self, lm)\x1b[0m\n\x1b[1;32m     47\x1b[0m \x1b[38;5;28;01mdef\x1b[39;00m\x1b[38;5;250m \x1b[39m\x1b[38;5;21mload_checkpoint\x1b[39m(\x1b[38;5;28mself\x1b[39m, lm: \x1b[38;5;28mstr\x1b[39m \x1b[38;5;241m=\x1b[39m \x1b[38;5;124m"\x1b[39m\x1b[38;5;124mroberta\x1b[39m\x1b[38;5;124m"\x1b[39m):\n\x1b[0;32m---> 48\x1b[0m     ckpt \x1b[38;5;241m=\x1b[39m \x1b[43mtorch\x1b[49m\x1b[38;5;241;43m.\x1b[39;49m\x1b[43mload\x1b[49m\x1b[43m(\x1b[49m\x1b[38;5;28;43mself\x1b[39;49m\x1b[38;5;241;43m.\x1b[39;49m\x1b[43mmodel_path\x1b[49m\x1b[43m,\x1b[49m\x1b[43m \x1b[49m\x1b[43mmap_location\x1b[49m\x1b[38;5;241;43m=\x1b[39;49m\x1b[43mtorch\x1b[49m\x1b[38;5;241;43m.\x1b[39;49m\x1b[43mdevice\x1b[49m\x1b[43m(\x1b[49m\x1b[38;5;124;43m"\x1b[39;49m\x1b[38;5;124;43mcpu\x1b[39;49m\x1b[38;5;124;43m"\x1b[39;49m\x1b[43m)\x1b[49m\x1b[43m)\x1b[49m\n\x1b[1;32m     49\x1b[0m     scale_loss \x1b[38;5;241m=\x1b[39m \x1b[38;5;241m0.1\x1b[39m\n\x1b[1;32m     50\x1b[0m     lambd \x1b[38;5;241m=\x1b[39m \x1b[38;5;241m3.9\x1b[39m\n', 'File \x1b[0;32m/usr/local/lib/python3.10/site-packages/torch/serialization.py:1529\x1b[0m, in \x1b[0;36mload\x1b[0;34m(f, map_location, pickle_module, weights_only, mmap, **pickle_load_args)\x1b[0m\n\x1b[1;32m   1521\x1b[0m                 \x1b[38;5;28;01mreturn\x1b[39;00m _load(\n\x1b[1;32m   1522\x1b[0m                     opened_zipfile,\n\x1b[1;32m   1523\x1b[0m                     map_location,\n\x1b[0;32m   (...)\x1b[0m\n\x1b[1;32m   1526\x1b[0m                     \x1b[38;5;241m*\x1b[39m\x1b[38;5;241m*\x1b[39mpickle_load_args,\n\x1b[1;32m   1527\x1b[0m                 )\n\x1b[1;32m   1528\x1b[0m             \x1b[38;5;28;01mexcept\x1b[39;00m pickle\x1b[38;5;241m.\x1b[39mUnpicklingError \x1b[38;5;28;01mas\x1b[39;00m e:\n\x1b[0;32m-> 1529\x1b[0m                 \x1b[38;5;28;01mraise\x1b[39;00m pickle\x1b[38;5;241m.\x1b[39mUnpicklingError(_get_wo_message(\x1b[38;5;28mstr\x1b[39m(e))) \x1b[38;5;28;01mfrom\x1b[39;00m\x1b[38;5;250m \x1b[39m\x1b[38;5;28;01mNone\x1b[39;00m\n\x1b[1;32m   1530\x1b[0m         \x1b[38;5;28;01mreturn\x1b[39;00m _load(\n\x1b[1;32m   1531\x1b[0m             opened_zipfile,\n\x1b[1;32m   1532\x1b[0m             map_location,\n\x1b[0;32m   (...)\x1b[0m\n\x1b[1;32m   1535\x1b[0m             \x1b[38;5;241m*\x1b[39m\x1b[38;5;241m*\x1b[39mpickle_load_args,\n\x1b[1;32m   1536\x1b[0m         )\n\x1b[1;32m   1537\x1b[0m \x1b[38;5;28;01mif\x1b[39;00m mmap:\n', '\x1b[0;31mUnpicklingError\x1b[0m: Weights only load failed. This file can still be loaded, to do so you have two options, \x1b[1mdo those steps only if you trust the source of the checkpoint\x1b[0m. \n\t(1) In PyTorch 2.6, we changed the default value of the `weights_only` argument in `torch.load` from `False` to `True`. Re-running `torch.load` with `weights_only` set to `False` will likely succeed, but it can result in arbitrary code execution. Do it only if you got the file from a trusted source.\n\t(2) Alternatively, to load with `weights_only=True` please check the recommended steps in the following error message.\n\tWeightsUnpickler error: Unsupported global: GLOBAL argparse.Namespace was not an allowed global by default. Please use `torch.serialization.add_safe_globals([argparse.Namespace])` or the `torch.serialization.safe_globals([argparse.Namespace])` context manager to allowlist this global if you trust this class/function.\n\nCheck the documentation of torch.load to learn more about types accepted by default with weights_only https://pytorch.org/docs/stable/generated/torch.load.html.'])
Error: UnpicklingError Weights only load failed. This file can still be loaded, to do so you have two options, [1mdo those steps only if you trust the source of the checkpoint[0m. 
	(1) In PyTorch 2.6, we changed the default value of the `weights_only` argument in `torch.load` from `False` to `True`. Re-running `torch.load` with `weights_only` set to `False` will likely succeed, but it can result in arbitrary code execution. Do it only if you got the file from a trusted source.
	(2) Alternatively, to load with `weights_only=True` please check the recommended steps in the following error message.
	WeightsUnpickler error: Unsupported global: GLOBAL argparse.Namespace was not an allowed global by default. Please use `torch.serialization.add_safe_globals([argparse.Namespace])` or the `torch.serialization.safe_globals([argparse.Namespace])` context manager to allowlist this global if you trust this class/function.

Check the documentation of torch.load to learn more about types accepted by default with weights_only https://pytorch.org/docs/stable/generated/torch.load.html.
Traceback:
[0;31m---------------------------------------------------------------------------[0m
[0;31mUnpicklingError[0m                           Traceback (most recent call last)
Cell [0;32mIn[6], line 2[0m
[1;32m      1[0m [38;5;28;01mimport[39;00m[38;5;250m [39m[38;5;21;01mbdikit[39;00m[38;5;250m [39m[38;5;28;01mas[39;00m[38;5;250m [39m[38;5;21;01mbdi[39;00m
[0;32m----> 2[0m top_matches [38;5;241m=[39m [43mbdi[49m[38;5;241;43m.[39;49m[43mtop_matches[49m[43m([49m[43mdf_subset[49m[43m,[49m[43m [49m[43mcolumns[49m[38;5;241;43m=[39;49m[43m[[49m[38;5;124;43m"[39;49m[38;5;124;43mGender[39;49m[38;5;124;43m"[39;49m[43m][49m[43m,[49m[43m [49m[43mtarget[49m[38;5;241;43m=[39;49m[38;5;124;43m"[39;49m[38;5;124;43mgdc[39;49m[38;5;124;43m"[39;49m[43m)[49m
[1;32m      3[0m top_matches[38;5;241m.[39mto_markdown()

File [0;32m/usr/local/lib/python3.10/site-packages/bdikit/api.py:133[0m, in [0;36mtop_matches[0;34m(source, columns, target, top_k, method, method_args)[0m
[1;32m    131[0m     [38;5;28;01mif[39;00m method_args [38;5;129;01mis[39;00m [38;5;28;01mNone[39;00m:
[1;32m    132[0m         method_args [38;5;241m=[39m {}
[0;32m--> 133[0m     topk_matcher [38;5;241m=[39m [43mTopkMatchers[49m[38;5;241;43m.[39;49m[43mget_matcher[49m[43m([49m[43mmethod[49m[43m,[49m[43m [49m[38;5;241;43m*[39;49m[38;5;241;43m*[39;49m[43mmethod_args[49m[43m)[49m
[1;32m    134[0m [38;5;28;01melif[39;00m [38;5;28misinstance[39m(method, BaseTopkSchemaMatcher):
[1;32m    135[0m     topk_matcher [38;5;241m=[39m method

File [0;32m/usr/local/lib/python3.10/site-packages/bdikit/schema_matching/topk/matcher_factory.py:31[0m, in [0;36mTopkMatchers.get_matcher[0;34m(matcher_name, **matcher_kwargs)[0m
[1;32m     28[0m module_path, class_name [38;5;241m=[39m matchers[matcher_name][38;5;241m.[39mrsplit([38;5;124m"[39m[38;5;124m.[39m[38;5;124m"[39m, [38;5;241m1[39m)
[1;32m     29[0m module [38;5;241m=[39m importlib[38;5;241m.[39mimport_module(module_path)
[0;32m---> 31[0m [38;5;28;01mreturn[39;00m [38;5;28;43mgetattr[39;49m[43m([49m[43mmodule[49m[43m,[49m[43m [49m[43mclass_name[49m[43m)[49m[43m([49m[38;5;241;43m*[39;49m[38;5;241;43m*[39;49m[43mmatcher_kwargs[49m[43m)[49m

File [0;32m/usr/local/lib/python3.10/site-packages/bdikit/schema_matching/topk/contrastivelearning.py:60[0m, in [0;36mCLTopkSchemaMatcher.__init__[0;34m(self, model_name, metric)[0m
[1;32m     58[0m [38;5;28;01mdef[39;00m[38;5;250m [39m[38;5;21m__init__[39m([38;5;28mself[39m, model_name: [38;5;28mstr[39m [38;5;241m=[39m DEFAULT_CL_MODEL, metric: [38;5;28mstr[39m [38;5;241m=[39m [38;5;124m"[39m[38;5;124mcosine[39m[38;5;124m"[39m):
[1;32m     59[0m     [38;5;28msuper[39m()[38;5;241m.[39m[38;5;21m__init__[39m(
[0;32m---> 60[0m         column_embedder[38;5;241m=[39m[43mContrastiveLearningAPI[49m[43m([49m[43mmodel_name[49m[38;5;241;43m=[39;49m[43mmodel_name[49m[43m)[49m, metric[38;5;241m=[39mmetric
[1;32m     61[0m     )

File [0;32m/usr/local/lib/python3.10/site-packages/bdikit/models/contrastive_learning/cl_api.py:45[0m, in [0;36mContrastiveLearningAPI.__init__[0;34m(self, model_path, model_name, batch_size)[0m
[1;32m     43[0m [38;5;28mself[39m[38;5;241m.[39mbatch_size [38;5;241m=[39m batch_size
[1;32m     44[0m [38;5;28mself[39m[38;5;241m.[39mdevice [38;5;241m=[39m get_device()
[0;32m---> 45[0m [38;5;28mself[39m[38;5;241m.[39mmodel [38;5;241m=[39m [38;5;28;43mself[39;49m[38;5;241;43m.[39;49m[43mload_checkpoint[49m[43m([49m[43m)[49m

File [0;32m/usr/local/lib/python3.10/site-packages/bdikit/models/contrastive_learning/cl_api.py:48[0m, in [0;36mContrastiveLearningAPI.load_checkpoint[0;34m(self, lm)[0m
[1;32m     47[0m [38;5;28;01mdef[39;00m[38;5;250m [39m[38;5;21mload_checkpoint[39m([38;5;28mself[39m, lm: [38;5;28mstr[39m [38;5;241m=[39m [38;5;124m"[39m[38;5;124mroberta[39m[38;5;124m"[39m):
[0;32m---> 48[0m     ckpt [38;5;241m=[39m [43mtorch[49m[38;5;241;43m.[39;49m[43mload[49m[43m([49m[38;5;28;43mself[39;49m[38;5;241;43m.[39;49m[43mmodel_path[49m[43m,[49m[43m [49m[43mmap_location[49m[38;5;241;43m=[39;49m[43mtorch[49m[38;5;241;43m.[39;49m[43mdevice[49m[43m([49m[38;5;124;43m"[39;49m[38;5;124;43mcpu[39;49m[38;5;124;43m"[39;49m[43m)[49m[43m)[49m
[1;32m     49[0m     scale_loss [38;5;241m=[39m [38;5;241m0.1[39m
[1;32m     50[0m     lambd [38;5;241m=[39m [38;5;241m3.9[39m

File [0;32m/usr/local/lib/python3.10/site-packages/torch/serialization.py:1529[0m, in [0;36mload[0;34m(f, map_location, pickle_module, weights_only, mmap, **pickle_load_args)[0m
[1;32m   1521[0m                 [38;5;28;01mreturn[39;00m _load(
[1;32m   1522[0m                     opened_zipfile,
[1;32m   1523[0m                     map_location,
[0;32m   (...)[0m
[1;32m   1526[0m                     [38;5;241m*[39m[38;5;241m*[39mpickle_load_args,
[1;32m   1527[0m                 )
[1;32m   1528[0m             [38;5;28;01mexcept[39;00m pickle[38;5;241m.[39mUnpicklingError [38;5;28;01mas[39;00m e:
[0;32m-> 1529[0m                 [38;5;28;01mraise[39;00m pickle[38;5;241m.[39mUnpicklingError(_get_wo_message([38;5;28mstr[39m(e))) [38;5;28;01mfrom[39;00m[38;5;250m [39m[38;5;28;01mNone[39;00m
[1;32m   1530[0m         [38;5;28;01mreturn[39;00m _load(
[1;32m   1531[0m             opened_zipfile,
[1;32m   1532[0m             map_location,
[0;32m   (...)[0m
[1;32m   1535[0m             [38;5;241m*[39m[38;5;241m*[39mpickle_load_args,
[1;32m   1536[0m         )
[1;32m   1537[0m [38;5;28;01mif[39;00m mmap:

[0;31mUnpicklingError[0m: Weights only load failed. This file can still be loaded, to do so you have two options, [1mdo those steps only if you trust the source of the checkpoint[0m. 
	(1) In PyTorch 2.6, we changed the default value of the `weights_only` argument in `torch.load` from `False` to `True`. Re-running `torch.load` with `weights_only` set to `False` will likely succeed, but it can result in arbitrary code execution. Do it only if you got the file from a trusted source.
	(2) Alternatively, to load with `weights_only=True` please check the recommended steps in the following error message.
	WeightsUnpickler error: Unsupported global: GLOBAL argparse.Namespace was not an allowed global by default. Please use `torch.serialization.add_safe_globals([argparse.Namespace])` or the `torch.serialization.safe_globals([argparse.Namespace])` context manager to allowlist this global if you trust this class/function.

Check the documentation of torch.load to learn more about types accepted by default with weights_only https://pytorch.org/docs/stable/generated/torch.load.html.
Uncaught exception in ZMQStream callback
Traceback (most recent call last):
  File "/usr/local/lib/python3.10/site-packages/zmq/eventloop/zmqstream.py", line 565, in _log_error
    f.result()
  File "/usr/local/lib/python3.10/site-packages/beaker_kernel/lib/jupyter_kernel_proxy.py", line 253, in handler
    new_data = await callback(self, other_stream, data)
  File "/usr/local/lib/python3.10/site-packages/beaker_kernel/lib/context.py", line 835, in handle_error
    raise ExecutionError(content["ename"], content["evalue"], content["traceback"])
beaker_kernel.lib.utils.ExecutionError: ('UnpicklingError', 'Weights only load failed. This file can still be loaded, to do so you have two options, \x1b[1mdo those steps only if you trust the source of the checkpoint\x1b[0m. \n\t(1) In PyTorch 2.6, we changed the default value of the `weights_only` argument in `torch.load` from `False` to `True`. Re-running `torch.load` with `weights_only` set to `False` will likely succeed, but it can result in arbitrary code execution. Do it only if you got the file from a trusted source.\n\t(2) Alternatively, to load with `weights_only=True` please check the recommended steps in the following error message.\n\tWeightsUnpickler error: Unsupported global: GLOBAL argparse.Namespace was not an allowed global by default. Please use `torch.serialization.add_safe_globals([argparse.Namespace])` or the `torch.serialization.safe_globals([argparse.Namespace])` context manager to allowlist this global if you trust this class/function.\n\nCheck the documentation of torch.load to learn more about types accepted by default with weights_only https://pytorch.org/docs/stable/generated/torch.load.html.', ['\x1b[0;31m---------------------------------------------------------------------------\x1b[0m', '\x1b[0;31mUnpicklingError\x1b[0m                           Traceback (most recent call last)', 'Cell \x1b[0;32mIn[6], line 2\x1b[0m\n\x1b[1;32m      1\x1b[0m \x1b[38;5;28;01mimport\x1b[39;00m\x1b[38;5;250m \x1b[39m\x1b[38;5;21;01mbdikit\x1b[39;00m\x1b[38;5;250m \x1b[39m\x1b[38;5;28;01mas\x1b[39;00m\x1b[38;5;250m \x1b[39m\x1b[38;5;21;01mbdi\x1b[39;00m\n\x1b[0;32m----> 2\x1b[0m top_matches \x1b[38;5;241m=\x1b[39m \x1b[43mbdi\x1b[49m\x1b[38;5;241;43m.\x1b[39;49m\x1b[43mtop_matches\x1b[49m\x1b[43m(\x1b[49m\x1b[43mdf_subset\x1b[49m\x1b[43m,\x1b[49m\x1b[43m \x1b[49m\x1b[43mcolumns\x1b[49m\x1b[38;5;241;43m=\x1b[39;49m\x1b[43m[\x1b[49m\x1b[38;5;124;43m"\x1b[39;49m\x1b[38;5;124;43mGender\x1b[39;49m\x1b[38;5;124;43m"\x1b[39;49m\x1b[43m]\x1b[49m\x1b[43m,\x1b[49m\x1b[43m \x1b[49m\x1b[43mtarget\x1b[49m\x1b[38;5;241;43m=\x1b[39;49m\x1b[38;5;124;43m"\x1b[39;49m\x1b[38;5;124;43mgdc\x1b[39;49m\x1b[38;5;124;43m"\x1b[39;49m\x1b[43m)\x1b[49m\n\x1b[1;32m      3\x1b[0m top_matches\x1b[38;5;241m.\x1b[39mto_markdown()\n', 'File \x1b[0;32m/usr/local/lib/python3.10/site-packages/bdikit/api.py:133\x1b[0m, in \x1b[0;36mtop_matches\x1b[0;34m(source, columns, target, top_k, method, method_args)\x1b[0m\n\x1b[1;32m    131\x1b[0m     \x1b[38;5;28;01mif\x1b[39;00m method_args \x1b[38;5;129;01mis\x1b[39;00m \x1b[38;5;28;01mNone\x1b[39;00m:\n\x1b[1;32m    132\x1b[0m         method_args \x1b[38;5;241m=\x1b[39m {}\n\x1b[0;32m--> 133\x1b[0m     topk_matcher \x1b[38;5;241m=\x1b[39m \x1b[43mTopkMatchers\x1b[49m\x1b[38;5;241;43m.\x1b[39;49m\x1b[43mget_matcher\x1b[49m\x1b[43m(\x1b[49m\x1b[43mmethod\x1b[49m\x1b[43m,\x1b[49m\x1b[43m \x1b[49m\x1b[38;5;241;43m*\x1b[39;49m\x1b[38;5;241;43m*\x1b[39;49m\x1b[43mmethod_args\x1b[49m\x1b[43m)\x1b[49m\n\x1b[1;32m    134\x1b[0m \x1b[38;5;28;01melif\x1b[39;00m \x1b[38;5;28misinstance\x1b[39m(method, BaseTopkSchemaMatcher):\n\x1b[1;32m    135\x1b[0m     topk_matcher \x1b[38;5;241m=\x1b[39m method\n', 'File \x1b[0;32m/usr/local/lib/python3.10/site-packages/bdikit/schema_matching/topk/matcher_factory.py:31\x1b[0m, in \x1b[0;36mTopkMatchers.get_matcher\x1b[0;34m(matcher_name, **matcher_kwargs)\x1b[0m\n\x1b[1;32m     28\x1b[0m module_path, class_name \x1b[38;5;241m=\x1b[39m matchers[matcher_name]\x1b[38;5;241m.\x1b[39mrsplit(\x1b[38;5;124m"\x1b[39m\x1b[38;5;124m.\x1b[39m\x1b[38;5;124m"\x1b[39m, \x1b[38;5;241m1\x1b[39m)\n\x1b[1;32m     29\x1b[0m module \x1b[38;5;241m=\x1b[39m importlib\x1b[38;5;241m.\x1b[39mimport_module(module_path)\n\x1b[0;32m---> 31\x1b[0m \x1b[38;5;28;01mreturn\x1b[39;00m \x1b[38;5;28;43mgetattr\x1b[39;49m\x1b[43m(\x1b[49m\x1b[43mmodule\x1b[49m\x1b[43m,\x1b[49m\x1b[43m \x1b[49m\x1b[43mclass_name\x1b[49m\x1b[43m)\x1b[49m\x1b[43m(\x1b[49m\x1b[38;5;241;43m*\x1b[39;49m\x1b[38;5;241;43m*\x1b[39;49m\x1b[43mmatcher_kwargs\x1b[49m\x1b[43m)\x1b[49m\n', 'File \x1b[0;32m/usr/local/lib/python3.10/site-packages/bdikit/schema_matching/topk/contrastivelearning.py:60\x1b[0m, in \x1b[0;36mCLTopkSchemaMatcher.__init__\x1b[0;34m(self, model_name, metric)\x1b[0m\n\x1b[1;32m     58\x1b[0m \x1b[38;5;28;01mdef\x1b[39;00m\x1b[38;5;250m \x1b[39m\x1b[38;5;21m__init__\x1b[39m(\x1b[38;5;28mself\x1b[39m, model_name: \x1b[38;5;28mstr\x1b[39m \x1b[38;5;241m=\x1b[39m DEFAULT_CL_MODEL, metric: \x1b[38;5;28mstr\x1b[39m \x1b[38;5;241m=\x1b[39m \x1b[38;5;124m"\x1b[39m\x1b[38;5;124mcosine\x1b[39m\x1b[38;5;124m"\x1b[39m):\n\x1b[1;32m     59\x1b[0m     \x1b[38;5;28msuper\x1b[39m()\x1b[38;5;241m.\x1b[39m\x1b[38;5;21m__init__\x1b[39m(\n\x1b[0;32m---> 60\x1b[0m         column_embedder\x1b[38;5;241m=\x1b[39m\x1b[43mContrastiveLearningAPI\x1b[49m\x1b[43m(\x1b[49m\x1b[43mmodel_name\x1b[49m\x1b[38;5;241;43m=\x1b[39;49m\x1b[43mmodel_name\x1b[49m\x1b[43m)\x1b[49m, metric\x1b[38;5;241m=\x1b[39mmetric\n\x1b[1;32m     61\x1b[0m     )\n', 'File \x1b[0;32m/usr/local/lib/python3.10/site-packages/bdikit/models/contrastive_learning/cl_api.py:45\x1b[0m, in \x1b[0;36mContrastiveLearningAPI.__init__\x1b[0;34m(self, model_path, model_name, batch_size)\x1b[0m\n\x1b[1;32m     43\x1b[0m \x1b[38;5;28mself\x1b[39m\x1b[38;5;241m.\x1b[39mbatch_size \x1b[38;5;241m=\x1b[39m batch_size\n\x1b[1;32m     44\x1b[0m \x1b[38;5;28mself\x1b[39m\x1b[38;5;241m.\x1b[39mdevice \x1b[38;5;241m=\x1b[39m get_device()\n\x1b[0;32m---> 45\x1b[0m \x1b[38;5;28mself\x1b[39m\x1b[38;5;241m.\x1b[39mmodel \x1b[38;5;241m=\x1b[39m \x1b[38;5;28;43mself\x1b[39;49m\x1b[38;5;241;43m.\x1b[39;49m\x1b[43mload_checkpoint\x1b[49m\x1b[43m(\x1b[49m\x1b[43m)\x1b[49m\n', 'File \x1b[0;32m/usr/local/lib/python3.10/site-packages/bdikit/models/contrastive_learning/cl_api.py:48\x1b[0m, in \x1b[0;36mContrastiveLearningAPI.load_checkpoint\x1b[0;34m(self, lm)\x1b[0m\n\x1b[1;32m     47\x1b[0m \x1b[38;5;28;01mdef\x1b[39;00m\x1b[38;5;250m \x1b[39m\x1b[38;5;21mload_checkpoint\x1b[39m(\x1b[38;5;28mself\x1b[39m, lm: \x1b[38;5;28mstr\x1b[39m \x1b[38;5;241m=\x1b[39m \x1b[38;5;124m"\x1b[39m\x1b[38;5;124mroberta\x1b[39m\x1b[38;5;124m"\x1b[39m):\n\x1b[0;32m---> 48\x1b[0m     ckpt \x1b[38;5;241m=\x1b[39m \x1b[43mtorch\x1b[49m\x1b[38;5;241;43m.\x1b[39;49m\x1b[43mload\x1b[49m\x1b[43m(\x1b[49m\x1b[38;5;28;43mself\x1b[39;49m\x1b[38;5;241;43m.\x1b[39;49m\x1b[43mmodel_path\x1b[49m\x1b[43m,\x1b[49m\x1b[43m \x1b[49m\x1b[43mmap_location\x1b[49m\x1b[38;5;241;43m=\x1b[39;49m\x1b[43mtorch\x1b[49m\x1b[38;5;241;43m.\x1b[39;49m\x1b[43mdevice\x1b[49m\x1b[43m(\x1b[49m\x1b[38;5;124;43m"\x1b[39;49m\x1b[38;5;124;43mcpu\x1b[39;49m\x1b[38;5;124;43m"\x1b[39;49m\x1b[43m)\x1b[49m\x1b[43m)\x1b[49m\n\x1b[1;32m     49\x1b[0m     scale_loss \x1b[38;5;241m=\x1b[39m \x1b[38;5;241m0.1\x1b[39m\n\x1b[1;32m     50\x1b[0m     lambd \x1b[38;5;241m=\x1b[39m \x1b[38;5;241m3.9\x1b[39m\n', 'File \x1b[0;32m/usr/local/lib/python3.10/site-packages/torch/serialization.py:1529\x1b[0m, in \x1b[0;36mload\x1b[0;34m(f, map_location, pickle_module, weights_only, mmap, **pickle_load_args)\x1b[0m\n\x1b[1;32m   1521\x1b[0m                 \x1b[38;5;28;01mreturn\x1b[39;00m _load(\n\x1b[1;32m   1522\x1b[0m                     opened_zipfile,\n\x1b[1;32m   1523\x1b[0m                     map_location,\n\x1b[0;32m   (...)\x1b[0m\n\x1b[1;32m   1526\x1b[0m                     \x1b[38;5;241m*\x1b[39m\x1b[38;5;241m*\x1b[39mpickle_load_args,\n\x1b[1;32m   1527\x1b[0m                 )\n\x1b[1;32m   1528\x1b[0m             \x1b[38;5;28;01mexcept\x1b[39;00m pickle\x1b[38;5;241m.\x1b[39mUnpicklingError \x1b[38;5;28;01mas\x1b[39;00m e:\n\x1b[0;32m-> 1529\x1b[0m                 \x1b[38;5;28;01mraise\x1b[39;00m pickle\x1b[38;5;241m.\x1b[39mUnpicklingError(_get_wo_message(\x1b[38;5;28mstr\x1b[39m(e))) \x1b[38;5;28;01mfrom\x1b[39;00m\x1b[38;5;250m \x1b[39m\x1b[38;5;28;01mNone\x1b[39;00m\n\x1b[1;32m   1530\x1b[0m         \x1b[38;5;28;01mreturn\x1b[39;00m _load(\n\x1b[1;32m   1531\x1b[0m             opened_zipfile,\n\x1b[1;32m   1532\x1b[0m             map_location,\n\x1b[0;32m   (...)\x1b[0m\n\x1b[1;32m   1535\x1b[0m             \x1b[38;5;241m*\x1b[39m\x1b[38;5;241m*\x1b[39mpickle_load_args,\n\x1b[1;32m   1536\x1b[0m         )\n\x1b[1;32m   1537\x1b[0m \x1b[38;5;28;01mif\x1b[39;00m mmap:\n', '\x1b[0;31mUnpicklingError\x1b[0m: Weights only load failed. This file can still be loaded, to do so you have two options, \x1b[1mdo those steps only if you trust the source of the checkpoint\x1b[0m. \n\t(1) In PyTorch 2.6, we changed the default value of the `weights_only` argument in `torch.load` from `False` to `True`. Re-running `torch.load` with `weights_only` set to `False` will likely succeed, but it can result in arbitrary code execution. Do it only if you got the file from a trusted source.\n\t(2) Alternatively, to load with `weights_only=True` please check the recommended steps in the following error message.\n\tWeightsUnpickler error: Unsupported global: GLOBAL argparse.Namespace was not an allowed global by default. Please use `torch.serialization.add_safe_globals([argparse.Namespace])` or the `torch.serialization.safe_globals([argparse.Namespace])` context manager to allowlist this global if you trust this class/function.\n\nCheck the documentation of torch.load to learn more about types accepted by default with weights_only https://pytorch.org/docs/stable/generated/torch.load.html.'])
Error: UnpicklingError Weights only load failed. This file can still be loaded, to do so you have two options, [1mdo those steps only if you trust the source of the checkpoint[0m. 
	(1) In PyTorch 2.6, we changed the default value of the `weights_only` argument in `torch.load` from `False` to `True`. Re-running `torch.load` with `weights_only` set to `False` will likely succeed, but it can result in arbitrary code execution. Do it only if you got the file from a trusted source.
	(2) Alternatively, to load with `weights_only=True` please check the recommended steps in the following error message.
	WeightsUnpickler error: Unsupported global: GLOBAL argparse.Namespace was not an allowed global by default. Please use `torch.serialization.add_safe_globals([argparse.Namespace])` or the `torch.serialization.safe_globals([argparse.Namespace])` context manager to allowlist this global if you trust this class/function.

Check the documentation of torch.load to learn more about types accepted by default with weights_only https://pytorch.org/docs/stable/generated/torch.load.html.
Traceback:
[0;31m---------------------------------------------------------------------------[0m
[0;31mUnpicklingError[0m                           Traceback (most recent call last)
Cell [0;32mIn[6], line 2[0m
[1;32m      1[0m [38;5;28;01mimport[39;00m[38;5;250m [39m[38;5;21;01mbdikit[39;00m[38;5;250m [39m[38;5;28;01mas[39;00m[38;5;250m [39m[38;5;21;01mbdi[39;00m
[0;32m----> 2[0m top_matches [38;5;241m=[39m [43mbdi[49m[38;5;241;43m.[39;49m[43mtop_matches[49m[43m([49m[43mdf_subset[49m[43m,[49m[43m [49m[43mcolumns[49m[38;5;241;43m=[39;49m[43m[[49m[38;5;124;43m"[39;49m[38;5;124;43mGender[39;49m[38;5;124;43m"[39;49m[43m][49m[43m,[49m[43m [49m[43mtarget[49m[38;5;241;43m=[39;49m[38;5;124;43m"[39;49m[38;5;124;43mgdc[39;49m[38;5;124;43m"[39;49m[43m)[49m
[1;32m      3[0m top_matches[38;5;241m.[39mto_markdown()

File [0;32m/usr/local/lib/python3.10/site-packages/bdikit/api.py:133[0m, in [0;36mtop_matches[0;34m(source, columns, target, top_k, method, method_args)[0m
[1;32m    131[0m     [38;5;28;01mif[39;00m method_args [38;5;129;01mis[39;00m [38;5;28;01mNone[39;00m:
[1;32m    132[0m         method_args [38;5;241m=[39m {}
[0;32m--> 133[0m     topk_matcher [38;5;241m=[39m [43mTopkMatchers[49m[38;5;241;43m.[39;49m[43mget_matcher[49m[43m([49m[43mmethod[49m[43m,[49m[43m [49m[38;5;241;43m*[39;49m[38;5;241;43m*[39;49m[43mmethod_args[49m[43m)[49m
[1;32m    134[0m [38;5;28;01melif[39;00m [38;5;28misinstance[39m(method, BaseTopkSchemaMatcher):
[1;32m    135[0m     topk_matcher [38;5;241m=[39m method

File [0;32m/usr/local/lib/python3.10/site-packages/bdikit/schema_matching/topk/matcher_factory.py:31[0m, in [0;36mTopkMatchers.get_matcher[0;34m(matcher_name, **matcher_kwargs)[0m
[1;32m     28[0m module_path, class_name [38;5;241m=[39m matchers[matcher_name][38;5;241m.[39mrsplit([38;5;124m"[39m[38;5;124m.[39m[38;5;124m"[39m, [38;5;241m1[39m)
[1;32m     29[0m module [38;5;241m=[39m importlib[38;5;241m.[39mimport_module(module_path)
[0;32m---> 31[0m [38;5;28;01mreturn[39;00m [38;5;28;43mgetattr[39;49m[43m([49m[43mmodule[49m[43m,[49m[43m [49m[43mclass_name[49m[43m)[49m[43m([49m[38;5;241;43m*[39;49m[38;5;241;43m*[39;49m[43mmatcher_kwargs[49m[43m)[49m

File [0;32m/usr/local/lib/python3.10/site-packages/bdikit/schema_matching/topk/contrastivelearning.py:60[0m, in [0;36mCLTopkSchemaMatcher.__init__[0;34m(self, model_name, metric)[0m
[1;32m     58[0m [38;5;28;01mdef[39;00m[38;5;250m [39m[38;5;21m__init__[39m([38;5;28mself[39m, model_name: [38;5;28mstr[39m [38;5;241m=[39m DEFAULT_CL_MODEL, metric: [38;5;28mstr[39m [38;5;241m=[39m [38;5;124m"[39m[38;5;124mcosine[39m[38;5;124m"[39m):
[1;32m     59[0m     [38;5;28msuper[39m()[38;5;241m.[39m[38;5;21m__init__[39m(
[0;32m---> 60[0m         column_embedder[38;5;241m=[39m[43mContrastiveLearningAPI[49m[43m([49m[43mmodel_name[49m[38;5;241;43m=[39;49m[43mmodel_name[49m[43m)[49m, metric[38;5;241m=[39mmetric
[1;32m     61[0m     )

File [0;32m/usr/local/lib/python3.10/site-packages/bdikit/models/contrastive_learning/cl_api.py:45[0m, in [0;36mContrastiveLearningAPI.__init__[0;34m(self, model_path, model_name, batch_size)[0m
[1;32m     43[0m [38;5;28mself[39m[38;5;241m.[39mbatch_size [38;5;241m=[39m batch_size
[1;32m     44[0m [38;5;28mself[39m[38;5;241m.[39mdevice [38;5;241m=[39m get_device()
[0;32m---> 45[0m [38;5;28mself[39m[38;5;241m.[39mmodel [38;5;241m=[39m [38;5;28;43mself[39;49m[38;5;241;43m.[39;49m[43mload_checkpoint[49m[43m([49m[43m)[49m

File [0;32m/usr/local/lib/python3.10/site-packages/bdikit/models/contrastive_learning/cl_api.py:48[0m, in [0;36mContrastiveLearningAPI.load_checkpoint[0;34m(self, lm)[0m
[1;32m     47[0m [38;5;28;01mdef[39;00m[38;5;250m [39m[38;5;21mload_checkpoint[39m([38;5;28mself[39m, lm: [38;5;28mstr[39m [38;5;241m=[39m [38;5;124m"[39m[38;5;124mroberta[39m[38;5;124m"[39m):
[0;32m---> 48[0m     ckpt [38;5;241m=[39m [43mtorch[49m[38;5;241;43m.[39;49m[43mload[49m[43m([49m[38;5;28;43mself[39;49m[38;5;241;43m.[39;49m[43mmodel_path[49m[43m,[49m[43m [49m[43mmap_location[49m[38;5;241;43m=[39;49m[43mtorch[49m[38;5;241;43m.[39;49m[43mdevice[49m[43m([49m[38;5;124;43m"[39;49m[38;5;124;43mcpu[39;49m[38;5;124;43m"[39;49m[43m)[49m[43m)[49m
[1;32m     49[0m     scale_loss [38;5;241m=[39m [38;5;241m0.1[39m
[1;32m     50[0m     lambd [38;5;241m=[39m [38;5;241m3.9[39m

File [0;32m/usr/local/lib/python3.10/site-packages/torch/serialization.py:1529[0m, in [0;36mload[0;34m(f, map_location, pickle_module, weights_only, mmap, **pickle_load_args)[0m
[1;32m   1521[0m                 [38;5;28;01mreturn[39;00m _load(
[1;32m   1522[0m                     opened_zipfile,
[1;32m   1523[0m                     map_location,
[0;32m   (...)[0m
[1;32m   1526[0m                     [38;5;241m*[39m[38;5;241m*[39mpickle_load_args,
[1;32m   1527[0m                 )
[1;32m   1528[0m             [38;5;28;01mexcept[39;00m pickle[38;5;241m.[39mUnpicklingError [38;5;28;01mas[39;00m e:
[0;32m-> 1529[0m                 [38;5;28;01mraise[39;00m pickle[38;5;241m.[39mUnpicklingError(_get_wo_message([38;5;28mstr[39m(e))) [38;5;28;01mfrom[39;00m[38;5;250m [39m[38;5;28;01mNone[39;00m
[1;32m   1530[0m         [38;5;28;01mreturn[39;00m _load(
[1;32m   1531[0m             opened_zipfile,
[1;32m   1532[0m             map_location,
[0;32m   (...)[0m
[1;32m   1535[0m             [38;5;241m*[39m[38;5;241m*[39mpickle_load_args,
[1;32m   1536[0m         )
[1;32m   1537[0m [38;5;28;01mif[39;00m mmap:

[0;31mUnpicklingError[0m: Weights only load failed. This file can still be loaded, to do so you have two options, [1mdo those steps only if you trust the source of the checkpoint[0m. 
	(1) In PyTorch 2.6, we changed the default value of the `weights_only` argument in `torch.load` from `False` to `True`. Re-running `torch.load` with `weights_only` set to `False` will likely succeed, but it can result in arbitrary code execution. Do it only if you got the file from a trusted source.
	(2) Alternatively, to load with `weights_only=True` please check the recommended steps in the following error message.
	WeightsUnpickler error: Unsupported global: GLOBAL argparse.Namespace was not an allowed global by default. Please use `torch.serialization.add_safe_globals([argparse.Namespace])` or the `torch.serialization.safe_globals([argparse.Namespace])` context manager to allowlist this global if you trust this class/function.

Check the documentation of torch.load to learn more about types accepted by default with weights_only https://pytorch.org/docs/stable/generated/torch.load.html.
Uncaught exception in ZMQStream callback
Traceback (most recent call last):
  File "/usr/local/lib/python3.10/site-packages/zmq/eventloop/zmqstream.py", line 565, in _log_error
    f.result()
  File "/usr/local/lib/python3.10/site-packages/beaker_kernel/lib/jupyter_kernel_proxy.py", line 253, in handler
    new_data = await callback(self, other_stream, data)
  File "/usr/local/lib/python3.10/site-packages/beaker_kernel/lib/context.py", line 835, in handle_error
    raise ExecutionError(content["ename"], content["evalue"], content["traceback"])
beaker_kernel.lib.utils.ExecutionError: ('UnpicklingError', 'Weights only load failed. This file can still be loaded, to do so you have two options, \x1b[1mdo those steps only if you trust the source of the checkpoint\x1b[0m. \n\t(1) In PyTorch 2.6, we changed the default value of the `weights_only` argument in `torch.load` from `False` to `True`. Re-running `torch.load` with `weights_only` set to `False` will likely succeed, but it can result in arbitrary code execution. Do it only if you got the file from a trusted source.\n\t(2) Alternatively, to load with `weights_only=True` please check the recommended steps in the following error message.\n\tWeightsUnpickler error: Unsupported global: GLOBAL argparse.Namespace was not an allowed global by default. Please use `torch.serialization.add_safe_globals([argparse.Namespace])` or the `torch.serialization.safe_globals([argparse.Namespace])` context manager to allowlist this global if you trust this class/function.\n\nCheck the documentation of torch.load to learn more about types accepted by default with weights_only https://pytorch.org/docs/stable/generated/torch.load.html.', ['\x1b[0;31m---------------------------------------------------------------------------\x1b[0m', '\x1b[0;31mUnpicklingError\x1b[0m                           Traceback (most recent call last)', 'Cell \x1b[0;32mIn[6], line 2\x1b[0m\n\x1b[1;32m      1\x1b[0m \x1b[38;5;28;01mimport\x1b[39;00m\x1b[38;5;250m \x1b[39m\x1b[38;5;21;01mbdikit\x1b[39;00m\x1b[38;5;250m \x1b[39m\x1b[38;5;28;01mas\x1b[39;00m\x1b[38;5;250m \x1b[39m\x1b[38;5;21;01mbdi\x1b[39;00m\n\x1b[0;32m----> 2\x1b[0m top_matches \x1b[38;5;241m=\x1b[39m \x1b[43mbdi\x1b[49m\x1b[38;5;241;43m.\x1b[39;49m\x1b[43mtop_matches\x1b[49m\x1b[43m(\x1b[49m\x1b[43mdf_subset\x1b[49m\x1b[43m,\x1b[49m\x1b[43m \x1b[49m\x1b[43mcolumns\x1b[49m\x1b[38;5;241;43m=\x1b[39;49m\x1b[43m[\x1b[49m\x1b[38;5;124;43m"\x1b[39;49m\x1b[38;5;124;43mGender\x1b[39;49m\x1b[38;5;124;43m"\x1b[39;49m\x1b[43m]\x1b[49m\x1b[43m,\x1b[49m\x1b[43m \x1b[49m\x1b[43mtarget\x1b[49m\x1b[38;5;241;43m=\x1b[39;49m\x1b[38;5;124;43m"\x1b[39;49m\x1b[38;5;124;43mgdc\x1b[39;49m\x1b[38;5;124;43m"\x1b[39;49m\x1b[43m)\x1b[49m\n\x1b[1;32m      3\x1b[0m top_matches\x1b[38;5;241m.\x1b[39mto_markdown()\n', 'File \x1b[0;32m/usr/local/lib/python3.10/site-packages/bdikit/api.py:133\x1b[0m, in \x1b[0;36mtop_matches\x1b[0;34m(source, columns, target, top_k, method, method_args)\x1b[0m\n\x1b[1;32m    131\x1b[0m     \x1b[38;5;28;01mif\x1b[39;00m method_args \x1b[38;5;129;01mis\x1b[39;00m \x1b[38;5;28;01mNone\x1b[39;00m:\n\x1b[1;32m    132\x1b[0m         method_args \x1b[38;5;241m=\x1b[39m {}\n\x1b[0;32m--> 133\x1b[0m     topk_matcher \x1b[38;5;241m=\x1b[39m \x1b[43mTopkMatchers\x1b[49m\x1b[38;5;241;43m.\x1b[39;49m\x1b[43mget_matcher\x1b[49m\x1b[43m(\x1b[49m\x1b[43mmethod\x1b[49m\x1b[43m,\x1b[49m\x1b[43m \x1b[49m\x1b[38;5;241;43m*\x1b[39;49m\x1b[38;5;241;43m*\x1b[39;49m\x1b[43mmethod_args\x1b[49m\x1b[43m)\x1b[49m\n\x1b[1;32m    134\x1b[0m \x1b[38;5;28;01melif\x1b[39;00m \x1b[38;5;28misinstance\x1b[39m(method, BaseTopkSchemaMatcher):\n\x1b[1;32m    135\x1b[0m     topk_matcher \x1b[38;5;241m=\x1b[39m method\n', 'File \x1b[0;32m/usr/local/lib/python3.10/site-packages/bdikit/schema_matching/topk/matcher_factory.py:31\x1b[0m, in \x1b[0;36mTopkMatchers.get_matcher\x1b[0;34m(matcher_name, **matcher_kwargs)\x1b[0m\n\x1b[1;32m     28\x1b[0m module_path, class_name \x1b[38;5;241m=\x1b[39m matchers[matcher_name]\x1b[38;5;241m.\x1b[39mrsplit(\x1b[38;5;124m"\x1b[39m\x1b[38;5;124m.\x1b[39m\x1b[38;5;124m"\x1b[39m, \x1b[38;5;241m1\x1b[39m)\n\x1b[1;32m     29\x1b[0m module \x1b[38;5;241m=\x1b[39m importlib\x1b[38;5;241m.\x1b[39mimport_module(module_path)\n\x1b[0;32m---> 31\x1b[0m \x1b[38;5;28;01mreturn\x1b[39;00m \x1b[38;5;28;43mgetattr\x1b[39;49m\x1b[43m(\x1b[49m\x1b[43mmodule\x1b[49m\x1b[43m,\x1b[49m\x1b[43m \x1b[49m\x1b[43mclass_name\x1b[49m\x1b[43m)\x1b[49m\x1b[43m(\x1b[49m\x1b[38;5;241;43m*\x1b[39;49m\x1b[38;5;241;43m*\x1b[39;49m\x1b[43mmatcher_kwargs\x1b[49m\x1b[43m)\x1b[49m\n', 'File \x1b[0;32m/usr/local/lib/python3.10/site-packages/bdikit/schema_matching/topk/contrastivelearning.py:60\x1b[0m, in \x1b[0;36mCLTopkSchemaMatcher.__init__\x1b[0;34m(self, model_name, metric)\x1b[0m\n\x1b[1;32m     58\x1b[0m \x1b[38;5;28;01mdef\x1b[39;00m\x1b[38;5;250m \x1b[39m\x1b[38;5;21m__init__\x1b[39m(\x1b[38;5;28mself\x1b[39m, model_name: \x1b[38;5;28mstr\x1b[39m \x1b[38;5;241m=\x1b[39m DEFAULT_CL_MODEL, metric: \x1b[38;5;28mstr\x1b[39m \x1b[38;5;241m=\x1b[39m \x1b[38;5;124m"\x1b[39m\x1b[38;5;124mcosine\x1b[39m\x1b[38;5;124m"\x1b[39m):\n\x1b[1;32m     59\x1b[0m     \x1b[38;5;28msuper\x1b[39m()\x1b[38;5;241m.\x1b[39m\x1b[38;5;21m__init__\x1b[39m(\n\x1b[0;32m---> 60\x1b[0m         column_embedder\x1b[38;5;241m=\x1b[39m\x1b[43mContrastiveLearningAPI\x1b[49m\x1b[43m(\x1b[49m\x1b[43mmodel_name\x1b[49m\x1b[38;5;241;43m=\x1b[39;49m\x1b[43mmodel_name\x1b[49m\x1b[43m)\x1b[49m, metric\x1b[38;5;241m=\x1b[39mmetric\n\x1b[1;32m     61\x1b[0m     )\n', 'File \x1b[0;32m/usr/local/lib/python3.10/site-packages/bdikit/models/contrastive_learning/cl_api.py:45\x1b[0m, in \x1b[0;36mContrastiveLearningAPI.__init__\x1b[0;34m(self, model_path, model_name, batch_size)\x1b[0m\n\x1b[1;32m     43\x1b[0m \x1b[38;5;28mself\x1b[39m\x1b[38;5;241m.\x1b[39mbatch_size \x1b[38;5;241m=\x1b[39m batch_size\n\x1b[1;32m     44\x1b[0m \x1b[38;5;28mself\x1b[39m\x1b[38;5;241m.\x1b[39mdevice \x1b[38;5;241m=\x1b[39m get_device()\n\x1b[0;32m---> 45\x1b[0m \x1b[38;5;28mself\x1b[39m\x1b[38;5;241m.\x1b[39mmodel \x1b[38;5;241m=\x1b[39m \x1b[38;5;28;43mself\x1b[39;49m\x1b[38;5;241;43m.\x1b[39;49m\x1b[43mload_checkpoint\x1b[49m\x1b[43m(\x1b[49m\x1b[43m)\x1b[49m\n', 'File \x1b[0;32m/usr/local/lib/python3.10/site-packages/bdikit/models/contrastive_learning/cl_api.py:48\x1b[0m, in \x1b[0;36mContrastiveLearningAPI.load_checkpoint\x1b[0;34m(self, lm)\x1b[0m\n\x1b[1;32m     47\x1b[0m \x1b[38;5;28;01mdef\x1b[39;00m\x1b[38;5;250m \x1b[39m\x1b[38;5;21mload_checkpoint\x1b[39m(\x1b[38;5;28mself\x1b[39m, lm: \x1b[38;5;28mstr\x1b[39m \x1b[38;5;241m=\x1b[39m \x1b[38;5;124m"\x1b[39m\x1b[38;5;124mroberta\x1b[39m\x1b[38;5;124m"\x1b[39m):\n\x1b[0;32m---> 48\x1b[0m     ckpt \x1b[38;5;241m=\x1b[39m \x1b[43mtorch\x1b[49m\x1b[38;5;241;43m.\x1b[39;49m\x1b[43mload\x1b[49m\x1b[43m(\x1b[49m\x1b[38;5;28;43mself\x1b[39;49m\x1b[38;5;241;43m.\x1b[39;49m\x1b[43mmodel_path\x1b[49m\x1b[43m,\x1b[49m\x1b[43m \x1b[49m\x1b[43mmap_location\x1b[49m\x1b[38;5;241;43m=\x1b[39;49m\x1b[43mtorch\x1b[49m\x1b[38;5;241;43m.\x1b[39;49m\x1b[43mdevice\x1b[49m\x1b[43m(\x1b[49m\x1b[38;5;124;43m"\x1b[39;49m\x1b[38;5;124;43mcpu\x1b[39;49m\x1b[38;5;124;43m"\x1b[39;49m\x1b[43m)\x1b[49m\x1b[43m)\x1b[49m\n\x1b[1;32m     49\x1b[0m     scale_loss \x1b[38;5;241m=\x1b[39m \x1b[38;5;241m0.1\x1b[39m\n\x1b[1;32m     50\x1b[0m     lambd \x1b[38;5;241m=\x1b[39m \x1b[38;5;241m3.9\x1b[39m\n', 'File \x1b[0;32m/usr/local/lib/python3.10/site-packages/torch/serialization.py:1529\x1b[0m, in \x1b[0;36mload\x1b[0;34m(f, map_location, pickle_module, weights_only, mmap, **pickle_load_args)\x1b[0m\n\x1b[1;32m   1521\x1b[0m                 \x1b[38;5;28;01mreturn\x1b[39;00m _load(\n\x1b[1;32m   1522\x1b[0m                     opened_zipfile,\n\x1b[1;32m   1523\x1b[0m                     map_location,\n\x1b[0;32m   (...)\x1b[0m\n\x1b[1;32m   1526\x1b[0m                     \x1b[38;5;241m*\x1b[39m\x1b[38;5;241m*\x1b[39mpickle_load_args,\n\x1b[1;32m   1527\x1b[0m                 )\n\x1b[1;32m   1528\x1b[0m             \x1b[38;5;28;01mexcept\x1b[39;00m pickle\x1b[38;5;241m.\x1b[39mUnpicklingError \x1b[38;5;28;01mas\x1b[39;00m e:\n\x1b[0;32m-> 1529\x1b[0m                 \x1b[38;5;28;01mraise\x1b[39;00m pickle\x1b[38;5;241m.\x1b[39mUnpicklingError(_get_wo_message(\x1b[38;5;28mstr\x1b[39m(e))) \x1b[38;5;28;01mfrom\x1b[39;00m\x1b[38;5;250m \x1b[39m\x1b[38;5;28;01mNone\x1b[39;00m\n\x1b[1;32m   1530\x1b[0m         \x1b[38;5;28;01mreturn\x1b[39;00m _load(\n\x1b[1;32m   1531\x1b[0m             opened_zipfile,\n\x1b[1;32m   1532\x1b[0m             map_location,\n\x1b[0;32m   (...)\x1b[0m\n\x1b[1;32m   1535\x1b[0m             \x1b[38;5;241m*\x1b[39m\x1b[38;5;241m*\x1b[39mpickle_load_args,\n\x1b[1;32m   1536\x1b[0m         )\n\x1b[1;32m   1537\x1b[0m \x1b[38;5;28;01mif\x1b[39;00m mmap:\n', '\x1b[0;31mUnpicklingError\x1b[0m: Weights only load failed. This file can still be loaded, to do so you have two options, \x1b[1mdo those steps only if you trust the source of the checkpoint\x1b[0m. \n\t(1) In PyTorch 2.6, we changed the default value of the `weights_only` argument in `torch.load` from `False` to `True`. Re-running `torch.load` with `weights_only` set to `False` will likely succeed, but it can result in arbitrary code execution. Do it only if you got the file from a trusted source.\n\t(2) Alternatively, to load with `weights_only=True` please check the recommended steps in the following error message.\n\tWeightsUnpickler error: Unsupported global: GLOBAL argparse.Namespace was not an allowed global by default. Please use `torch.serialization.add_safe_globals([argparse.Namespace])` or the `torch.serialization.safe_globals([argparse.Namespace])` context manager to allowlist this global if you trust this class/function.\n\nCheck the documentation of torch.load to learn more about types accepted by default with weights_only https://pytorch.org/docs/stable/generated/torch.load.html.'])
Error: UnpicklingError Weights only load failed. This file can still be loaded, to do so you have two options, [1mdo those steps only if you trust the source of the checkpoint[0m. 
	(1) In PyTorch 2.6, we changed the default value of the `weights_only` argument in `torch.load` from `False` to `True`. Re-running `torch.load` with `weights_only` set to `False` will likely succeed, but it can result in arbitrary code execution. Do it only if you got the file from a trusted source.
	(2) Alternatively, to load with `weights_only=True` please check the recommended steps in the following error message.
	WeightsUnpickler error: Unsupported global: GLOBAL argparse.Namespace was not an allowed global by default. Please use `torch.serialization.add_safe_globals([argparse.Namespace])` or the `torch.serialization.safe_globals([argparse.Namespace])` context manager to allowlist this global if you trust this class/function.

Check the documentation of torch.load to learn more about types accepted by default with weights_only https://pytorch.org/docs/stable/generated/torch.load.html.
Traceback:
[0;31m---------------------------------------------------------------------------[0m
[0;31mUnpicklingError[0m                           Traceback (most recent call last)
Cell [0;32mIn[6], line 2[0m
[1;32m      1[0m [38;5;28;01mimport[39;00m[38;5;250m [39m[38;5;21;01mbdikit[39;00m[38;5;250m [39m[38;5;28;01mas[39;00m[38;5;250m [39m[38;5;21;01mbdi[39;00m
[0;32m----> 2[0m top_matches [38;5;241m=[39m [43mbdi[49m[38;5;241;43m.[39;49m[43mtop_matches[49m[43m([49m[43mdf_subset[49m[43m,[49m[43m [49m[43mcolumns[49m[38;5;241;43m=[39;49m[43m[[49m[38;5;124;43m"[39;49m[38;5;124;43mTumor_Site[39;49m[38;5;124;43m"[39;49m[43m][49m[43m,[49m[43m [49m[43mtarget[49m[38;5;241;43m=[39;49m[38;5;124;43m"[39;49m[38;5;124;43mgdc[39;49m[38;5;124;43m"[39;49m[43m)[49m
[1;32m      3[0m top_matches[38;5;241m.[39mto_markdown()

File [0;32m/usr/local/lib/python3.10/site-packages/bdikit/api.py:133[0m, in [0;36mtop_matches[0;34m(source, columns, target, top_k, method, method_args)[0m
[1;32m    131[0m     [38;5;28;01mif[39;00m method_args [38;5;129;01mis[39;00m [38;5;28;01mNone[39;00m:
[1;32m    132[0m         method_args [38;5;241m=[39m {}
[0;32m--> 133[0m     topk_matcher [38;5;241m=[39m [43mTopkMatchers[49m[38;5;241;43m.[39;49m[43mget_matcher[49m[43m([49m[43mmethod[49m[43m,[49m[43m [49m[38;5;241;43m*[39;49m[38;5;241;43m*[39;49m[43mmethod_args[49m[43m)[49m
[1;32m    134[0m [38;5;28;01melif[39;00m [38;5;28misinstance[39m(method, BaseTopkSchemaMatcher):
[1;32m    135[0m     topk_matcher [38;5;241m=[39m method

File [0;32m/usr/local/lib/python3.10/site-packages/bdikit/schema_matching/topk/matcher_factory.py:31[0m, in [0;36mTopkMatchers.get_matcher[0;34m(matcher_name, **matcher_kwargs)[0m
[1;32m     28[0m module_path, class_name [38;5;241m=[39m matchers[matcher_name][38;5;241m.[39mrsplit([38;5;124m"[39m[38;5;124m.[39m[38;5;124m"[39m, [38;5;241m1[39m)
[1;32m     29[0m module [38;5;241m=[39m importlib[38;5;241m.[39mimport_module(module_path)
[0;32m---> 31[0m [38;5;28;01mreturn[39;00m [38;5;28;43mgetattr[39;49m[43m([49m[43mmodule[49m[43m,[49m[43m [49m[43mclass_name[49m[43m)[49m[43m([49m[38;5;241;43m*[39;49m[38;5;241;43m*[39;49m[43mmatcher_kwargs[49m[43m)[49m

File [0;32m/usr/local/lib/python3.10/site-packages/bdikit/schema_matching/topk/contrastivelearning.py:60[0m, in [0;36mCLTopkSchemaMatcher.__init__[0;34m(self, model_name, metric)[0m
[1;32m     58[0m [38;5;28;01mdef[39;00m[38;5;250m [39m[38;5;21m__init__[39m([38;5;28mself[39m, model_name: [38;5;28mstr[39m [38;5;241m=[39m DEFAULT_CL_MODEL, metric: [38;5;28mstr[39m [38;5;241m=[39m [38;5;124m"[39m[38;5;124mcosine[39m[38;5;124m"[39m):
[1;32m     59[0m     [38;5;28msuper[39m()[38;5;241m.[39m[38;5;21m__init__[39m(
[0;32m---> 60[0m         column_embedder[38;5;241m=[39m[43mContrastiveLearningAPI[49m[43m([49m[43mmodel_name[49m[38;5;241;43m=[39;49m[43mmodel_name[49m[43m)[49m, metric[38;5;241m=[39mmetric
[1;32m     61[0m     )

File [0;32m/usr/local/lib/python3.10/site-packages/bdikit/models/contrastive_learning/cl_api.py:45[0m, in [0;36mContrastiveLearningAPI.__init__[0;34m(self, model_path, model_name, batch_size)[0m
[1;32m     43[0m [38;5;28mself[39m[38;5;241m.[39mbatch_size [38;5;241m=[39m batch_size
[1;32m     44[0m [38;5;28mself[39m[38;5;241m.[39mdevice [38;5;241m=[39m get_device()
[0;32m---> 45[0m [38;5;28mself[39m[38;5;241m.[39mmodel [38;5;241m=[39m [38;5;28;43mself[39;49m[38;5;241;43m.[39;49m[43mload_checkpoint[49m[43m([49m[43m)[49m

File [0;32m/usr/local/lib/python3.10/site-packages/bdikit/models/contrastive_learning/cl_api.py:48[0m, in [0;36mContrastiveLearningAPI.load_checkpoint[0;34m(self, lm)[0m
[1;32m     47[0m [38;5;28;01mdef[39;00m[38;5;250m [39m[38;5;21mload_checkpoint[39m([38;5;28mself[39m, lm: [38;5;28mstr[39m [38;5;241m=[39m [38;5;124m"[39m[38;5;124mroberta[39m[38;5;124m"[39m):
[0;32m---> 48[0m     ckpt [38;5;241m=[39m [43mtorch[49m[38;5;241;43m.[39;49m[43mload[49m[43m([49m[38;5;28;43mself[39;49m[38;5;241;43m.[39;49m[43mmodel_path[49m[43m,[49m[43m [49m[43mmap_location[49m[38;5;241;43m=[39;49m[43mtorch[49m[38;5;241;43m.[39;49m[43mdevice[49m[43m([49m[38;5;124;43m"[39;49m[38;5;124;43mcpu[39;49m[38;5;124;43m"[39;49m[43m)[49m[43m)[49m
[1;32m     49[0m     scale_loss [38;5;241m=[39m [38;5;241m0.1[39m
[1;32m     50[0m     lambd [38;5;241m=[39m [38;5;241m3.9[39m

File [0;32m/usr/local/lib/python3.10/site-packages/torch/serialization.py:1529[0m, in [0;36mload[0;34m(f, map_location, pickle_module, weights_only, mmap, **pickle_load_args)[0m
[1;32m   1521[0m                 [38;5;28;01mreturn[39;00m _load(
[1;32m   1522[0m                     opened_zipfile,
[1;32m   1523[0m                     map_location,
[0;32m   (...)[0m
[1;32m   1526[0m                     [38;5;241m*[39m[38;5;241m*[39mpickle_load_args,
[1;32m   1527[0m                 )
[1;32m   1528[0m             [38;5;28;01mexcept[39;00m pickle[38;5;241m.[39mUnpicklingError [38;5;28;01mas[39;00m e:
[0;32m-> 1529[0m                 [38;5;28;01mraise[39;00m pickle[38;5;241m.[39mUnpicklingError(_get_wo_message([38;5;28mstr[39m(e))) [38;5;28;01mfrom[39;00m[38;5;250m [39m[38;5;28;01mNone[39;00m
[1;32m   1530[0m         [38;5;28;01mreturn[39;00m _load(
[1;32m   1531[0m             opened_zipfile,
[1;32m   1532[0m             map_location,
[0;32m   (...)[0m
[1;32m   1535[0m             [38;5;241m*[39m[38;5;241m*[39mpickle_load_args,
[1;32m   1536[0m         )
[1;32m   1537[0m [38;5;28;01mif[39;00m mmap:

[0;31mUnpicklingError[0m: Weights only load failed. This file can still be loaded, to do so you have two options, [1mdo those steps only if you trust the source of the checkpoint[0m. 
	(1) In PyTorch 2.6, we changed the default value of the `weights_only` argument in `torch.load` from `False` to `True`. Re-running `torch.load` with `weights_only` set to `False` will likely succeed, but it can result in arbitrary code execution. Do it only if you got the file from a trusted source.
	(2) Alternatively, to load with `weights_only=True` please check the recommended steps in the following error message.
	WeightsUnpickler error: Unsupported global: GLOBAL argparse.Namespace was not an allowed global by default. Please use `torch.serialization.add_safe_globals([argparse.Namespace])` or the `torch.serialization.safe_globals([argparse.Namespace])` context manager to allowlist this global if you trust this class/function.

Check the documentation of torch.load to learn more about types accepted by default with weights_only https://pytorch.org/docs/stable/generated/torch.load.html.
Uncaught exception in ZMQStream callback
Traceback (most recent call last):
  File "/usr/local/lib/python3.10/site-packages/zmq/eventloop/zmqstream.py", line 565, in _log_error
    f.result()
  File "/usr/local/lib/python3.10/site-packages/beaker_kernel/lib/jupyter_kernel_proxy.py", line 253, in handler
    new_data = await callback(self, other_stream, data)
  File "/usr/local/lib/python3.10/site-packages/beaker_kernel/lib/context.py", line 835, in handle_error
    raise ExecutionError(content["ename"], content["evalue"], content["traceback"])
beaker_kernel.lib.utils.ExecutionError: ('UnpicklingError', 'Weights only load failed. This file can still be loaded, to do so you have two options, \x1b[1mdo those steps only if you trust the source of the checkpoint\x1b[0m. \n\t(1) In PyTorch 2.6, we changed the default value of the `weights_only` argument in `torch.load` from `False` to `True`. Re-running `torch.load` with `weights_only` set to `False` will likely succeed, but it can result in arbitrary code execution. Do it only if you got the file from a trusted source.\n\t(2) Alternatively, to load with `weights_only=True` please check the recommended steps in the following error message.\n\tWeightsUnpickler error: Unsupported global: GLOBAL argparse.Namespace was not an allowed global by default. Please use `torch.serialization.add_safe_globals([argparse.Namespace])` or the `torch.serialization.safe_globals([argparse.Namespace])` context manager to allowlist this global if you trust this class/function.\n\nCheck the documentation of torch.load to learn more about types accepted by default with weights_only https://pytorch.org/docs/stable/generated/torch.load.html.', ['\x1b[0;31m---------------------------------------------------------------------------\x1b[0m', '\x1b[0;31mUnpicklingError\x1b[0m                           Traceback (most recent call last)', 'Cell \x1b[0;32mIn[6], line 2\x1b[0m\n\x1b[1;32m      1\x1b[0m \x1b[38;5;28;01mimport\x1b[39;00m\x1b[38;5;250m \x1b[39m\x1b[38;5;21;01mbdikit\x1b[39;00m\x1b[38;5;250m \x1b[39m\x1b[38;5;28;01mas\x1b[39;00m\x1b[38;5;250m \x1b[39m\x1b[38;5;21;01mbdi\x1b[39;00m\n\x1b[0;32m----> 2\x1b[0m top_matches \x1b[38;5;241m=\x1b[39m \x1b[43mbdi\x1b[49m\x1b[38;5;241;43m.\x1b[39;49m\x1b[43mtop_matches\x1b[49m\x1b[43m(\x1b[49m\x1b[43mdf_subset\x1b[49m\x1b[43m,\x1b[49m\x1b[43m \x1b[49m\x1b[43mcolumns\x1b[49m\x1b[38;5;241;43m=\x1b[39;49m\x1b[43m[\x1b[49m\x1b[38;5;124;43m"\x1b[39;49m\x1b[38;5;124;43mTumor_Site\x1b[39;49m\x1b[38;5;124;43m"\x1b[39;49m\x1b[43m]\x1b[49m\x1b[43m,\x1b[49m\x1b[43m \x1b[49m\x1b[43mtarget\x1b[49m\x1b[38;5;241;43m=\x1b[39;49m\x1b[38;5;124;43m"\x1b[39;49m\x1b[38;5;124;43mgdc\x1b[39;49m\x1b[38;5;124;43m"\x1b[39;49m\x1b[43m)\x1b[49m\n\x1b[1;32m      3\x1b[0m top_matches\x1b[38;5;241m.\x1b[39mto_markdown()\n', 'File \x1b[0;32m/usr/local/lib/python3.10/site-packages/bdikit/api.py:133\x1b[0m, in \x1b[0;36mtop_matches\x1b[0;34m(source, columns, target, top_k, method, method_args)\x1b[0m\n\x1b[1;32m    131\x1b[0m     \x1b[38;5;28;01mif\x1b[39;00m method_args \x1b[38;5;129;01mis\x1b[39;00m \x1b[38;5;28;01mNone\x1b[39;00m:\n\x1b[1;32m    132\x1b[0m         method_args \x1b[38;5;241m=\x1b[39m {}\n\x1b[0;32m--> 133\x1b[0m     topk_matcher \x1b[38;5;241m=\x1b[39m \x1b[43mTopkMatchers\x1b[49m\x1b[38;5;241;43m.\x1b[39;49m\x1b[43mget_matcher\x1b[49m\x1b[43m(\x1b[49m\x1b[43mmethod\x1b[49m\x1b[43m,\x1b[49m\x1b[43m \x1b[49m\x1b[38;5;241;43m*\x1b[39;49m\x1b[38;5;241;43m*\x1b[39;49m\x1b[43mmethod_args\x1b[49m\x1b[43m)\x1b[49m\n\x1b[1;32m    134\x1b[0m \x1b[38;5;28;01melif\x1b[39;00m \x1b[38;5;28misinstance\x1b[39m(method, BaseTopkSchemaMatcher):\n\x1b[1;32m    135\x1b[0m     topk_matcher \x1b[38;5;241m=\x1b[39m method\n', 'File \x1b[0;32m/usr/local/lib/python3.10/site-packages/bdikit/schema_matching/topk/matcher_factory.py:31\x1b[0m, in \x1b[0;36mTopkMatchers.get_matcher\x1b[0;34m(matcher_name, **matcher_kwargs)\x1b[0m\n\x1b[1;32m     28\x1b[0m module_path, class_name \x1b[38;5;241m=\x1b[39m matchers[matcher_name]\x1b[38;5;241m.\x1b[39mrsplit(\x1b[38;5;124m"\x1b[39m\x1b[38;5;124m.\x1b[39m\x1b[38;5;124m"\x1b[39m, \x1b[38;5;241m1\x1b[39m)\n\x1b[1;32m     29\x1b[0m module \x1b[38;5;241m=\x1b[39m importlib\x1b[38;5;241m.\x1b[39mimport_module(module_path)\n\x1b[0;32m---> 31\x1b[0m \x1b[38;5;28;01mreturn\x1b[39;00m \x1b[38;5;28;43mgetattr\x1b[39;49m\x1b[43m(\x1b[49m\x1b[43mmodule\x1b[49m\x1b[43m,\x1b[49m\x1b[43m \x1b[49m\x1b[43mclass_name\x1b[49m\x1b[43m)\x1b[49m\x1b[43m(\x1b[49m\x1b[38;5;241;43m*\x1b[39;49m\x1b[38;5;241;43m*\x1b[39;49m\x1b[43mmatcher_kwargs\x1b[49m\x1b[43m)\x1b[49m\n', 'File \x1b[0;32m/usr/local/lib/python3.10/site-packages/bdikit/schema_matching/topk/contrastivelearning.py:60\x1b[0m, in \x1b[0;36mCLTopkSchemaMatcher.__init__\x1b[0;34m(self, model_name, metric)\x1b[0m\n\x1b[1;32m     58\x1b[0m \x1b[38;5;28;01mdef\x1b[39;00m\x1b[38;5;250m \x1b[39m\x1b[38;5;21m__init__\x1b[39m(\x1b[38;5;28mself\x1b[39m, model_name: \x1b[38;5;28mstr\x1b[39m \x1b[38;5;241m=\x1b[39m DEFAULT_CL_MODEL, metric: \x1b[38;5;28mstr\x1b[39m \x1b[38;5;241m=\x1b[39m \x1b[38;5;124m"\x1b[39m\x1b[38;5;124mcosine\x1b[39m\x1b[38;5;124m"\x1b[39m):\n\x1b[1;32m     59\x1b[0m     \x1b[38;5;28msuper\x1b[39m()\x1b[38;5;241m.\x1b[39m\x1b[38;5;21m__init__\x1b[39m(\n\x1b[0;32m---> 60\x1b[0m         column_embedder\x1b[38;5;241m=\x1b[39m\x1b[43mContrastiveLearningAPI\x1b[49m\x1b[43m(\x1b[49m\x1b[43mmodel_name\x1b[49m\x1b[38;5;241;43m=\x1b[39;49m\x1b[43mmodel_name\x1b[49m\x1b[43m)\x1b[49m, metric\x1b[38;5;241m=\x1b[39mmetric\n\x1b[1;32m     61\x1b[0m     )\n', 'File \x1b[0;32m/usr/local/lib/python3.10/site-packages/bdikit/models/contrastive_learning/cl_api.py:45\x1b[0m, in \x1b[0;36mContrastiveLearningAPI.__init__\x1b[0;34m(self, model_path, model_name, batch_size)\x1b[0m\n\x1b[1;32m     43\x1b[0m \x1b[38;5;28mself\x1b[39m\x1b[38;5;241m.\x1b[39mbatch_size \x1b[38;5;241m=\x1b[39m batch_size\n\x1b[1;32m     44\x1b[0m \x1b[38;5;28mself\x1b[39m\x1b[38;5;241m.\x1b[39mdevice \x1b[38;5;241m=\x1b[39m get_device()\n\x1b[0;32m---> 45\x1b[0m \x1b[38;5;28mself\x1b[39m\x1b[38;5;241m.\x1b[39mmodel \x1b[38;5;241m=\x1b[39m \x1b[38;5;28;43mself\x1b[39;49m\x1b[38;5;241;43m.\x1b[39;49m\x1b[43mload_checkpoint\x1b[49m\x1b[43m(\x1b[49m\x1b[43m)\x1b[49m\n', 'File \x1b[0;32m/usr/local/lib/python3.10/site-packages/bdikit/models/contrastive_learning/cl_api.py:48\x1b[0m, in \x1b[0;36mContrastiveLearningAPI.load_checkpoint\x1b[0;34m(self, lm)\x1b[0m\n\x1b[1;32m     47\x1b[0m \x1b[38;5;28;01mdef\x1b[39;00m\x1b[38;5;250m \x1b[39m\x1b[38;5;21mload_checkpoint\x1b[39m(\x1b[38;5;28mself\x1b[39m, lm: \x1b[38;5;28mstr\x1b[39m \x1b[38;5;241m=\x1b[39m \x1b[38;5;124m"\x1b[39m\x1b[38;5;124mroberta\x1b[39m\x1b[38;5;124m"\x1b[39m):\n\x1b[0;32m---> 48\x1b[0m     ckpt \x1b[38;5;241m=\x1b[39m \x1b[43mtorch\x1b[49m\x1b[38;5;241;43m.\x1b[39;49m\x1b[43mload\x1b[49m\x1b[43m(\x1b[49m\x1b[38;5;28;43mself\x1b[39;49m\x1b[38;5;241;43m.\x1b[39;49m\x1b[43mmodel_path\x1b[49m\x1b[43m,\x1b[49m\x1b[43m \x1b[49m\x1b[43mmap_location\x1b[49m\x1b[38;5;241;43m=\x1b[39;49m\x1b[43mtorch\x1b[49m\x1b[38;5;241;43m.\x1b[39;49m\x1b[43mdevice\x1b[49m\x1b[43m(\x1b[49m\x1b[38;5;124;43m"\x1b[39;49m\x1b[38;5;124;43mcpu\x1b[39;49m\x1b[38;5;124;43m"\x1b[39;49m\x1b[43m)\x1b[49m\x1b[43m)\x1b[49m\n\x1b[1;32m     49\x1b[0m     scale_loss \x1b[38;5;241m=\x1b[39m \x1b[38;5;241m0.1\x1b[39m\n\x1b[1;32m     50\x1b[0m     lambd \x1b[38;5;241m=\x1b[39m \x1b[38;5;241m3.9\x1b[39m\n', 'File \x1b[0;32m/usr/local/lib/python3.10/site-packages/torch/serialization.py:1529\x1b[0m, in \x1b[0;36mload\x1b[0;34m(f, map_location, pickle_module, weights_only, mmap, **pickle_load_args)\x1b[0m\n\x1b[1;32m   1521\x1b[0m                 \x1b[38;5;28;01mreturn\x1b[39;00m _load(\n\x1b[1;32m   1522\x1b[0m                     opened_zipfile,\n\x1b[1;32m   1523\x1b[0m                     map_location,\n\x1b[0;32m   (...)\x1b[0m\n\x1b[1;32m   1526\x1b[0m                     \x1b[38;5;241m*\x1b[39m\x1b[38;5;241m*\x1b[39mpickle_load_args,\n\x1b[1;32m   1527\x1b[0m                 )\n\x1b[1;32m   1528\x1b[0m             \x1b[38;5;28;01mexcept\x1b[39;00m pickle\x1b[38;5;241m.\x1b[39mUnpicklingError \x1b[38;5;28;01mas\x1b[39;00m e:\n\x1b[0;32m-> 1529\x1b[0m                 \x1b[38;5;28;01mraise\x1b[39;00m pickle\x1b[38;5;241m.\x1b[39mUnpicklingError(_get_wo_message(\x1b[38;5;28mstr\x1b[39m(e))) \x1b[38;5;28;01mfrom\x1b[39;00m\x1b[38;5;250m \x1b[39m\x1b[38;5;28;01mNone\x1b[39;00m\n\x1b[1;32m   1530\x1b[0m         \x1b[38;5;28;01mreturn\x1b[39;00m _load(\n\x1b[1;32m   1531\x1b[0m             opened_zipfile,\n\x1b[1;32m   1532\x1b[0m             map_location,\n\x1b[0;32m   (...)\x1b[0m\n\x1b[1;32m   1535\x1b[0m             \x1b[38;5;241m*\x1b[39m\x1b[38;5;241m*\x1b[39mpickle_load_args,\n\x1b[1;32m   1536\x1b[0m         )\n\x1b[1;32m   1537\x1b[0m \x1b[38;5;28;01mif\x1b[39;00m mmap:\n', '\x1b[0;31mUnpicklingError\x1b[0m: Weights only load failed. This file can still be loaded, to do so you have two options, \x1b[1mdo those steps only if you trust the source of the checkpoint\x1b[0m. \n\t(1) In PyTorch 2.6, we changed the default value of the `weights_only` argument in `torch.load` from `False` to `True`. Re-running `torch.load` with `weights_only` set to `False` will likely succeed, but it can result in arbitrary code execution. Do it only if you got the file from a trusted source.\n\t(2) Alternatively, to load with `weights_only=True` please check the recommended steps in the following error message.\n\tWeightsUnpickler error: Unsupported global: GLOBAL argparse.Namespace was not an allowed global by default. Please use `torch.serialization.add_safe_globals([argparse.Namespace])` or the `torch.serialization.safe_globals([argparse.Namespace])` context manager to allowlist this global if you trust this class/function.\n\nCheck the documentation of torch.load to learn more about types accepted by default with weights_only https://pytorch.org/docs/stable/generated/torch.load.html.'])
[I 2026-01-14 15:21:46.744 BeakerServerApp] AsyncIOLoopKernelRestarter: restarting kernel (1/5), keep random ports
[I 2026-01-14 15:21:59.842 BeakerServerApp] 302 GET / (@127.0.0.1) 0.82ms
[W 2026-01-14 15:21:59.846 BeakerServerApp] 405 POST /notebook?token=[secret] (@127.0.0.1) 0.40ms referer=None
Error: NameError name 'df_subset' is not defined
Traceback:
[0;31m---------------------------------------------------------------------------[0m
[0;31mNameError[0m                                 Traceback (most recent call last)
Cell [0;32mIn[1], line 2[0m
[1;32m      1[0m [38;5;28;01mimport[39;00m[38;5;250m [39m[38;5;21;01mbdikit[39;00m[38;5;250m [39m[38;5;28;01mas[39;00m[38;5;250m [39m[38;5;21;01mbdi[39;00m
[0;32m----> 2[0m value_mappings [38;5;241m=[39m bdi[38;5;241m.[39mmatch_values([43mdf_subset[49m, column_mapping[38;5;241m=[39m([38;5;124m'[39m[38;5;124mGender[39m[38;5;124m'[39m, [38;5;124m'[39m[38;5;124mgender[39m[38;5;124m'[39m), target[38;5;241m=[39m[38;5;124m"[39m[38;5;124mgdc[39m[38;5;124m"[39m, method[38;5;241m=[39m[38;5;124m"[39m[38;5;124mtfidf[39m[38;5;124m"[39m)
[1;32m      3[0m value_mappings[38;5;241m.[39mto_markdown()

[0;31mNameError[0m: name 'df_subset' is not defined
Uncaught exception in ZMQStream callback
Traceback (most recent call last):
  File "/usr/local/lib/python3.10/site-packages/zmq/eventloop/zmqstream.py", line 565, in _log_error
    f.result()
  File "/usr/local/lib/python3.10/site-packages/beaker_kernel/lib/jupyter_kernel_proxy.py", line 253, in handler
    new_data = await callback(self, other_stream, data)
  File "/usr/local/lib/python3.10/site-packages/beaker_kernel/lib/context.py", line 835, in handle_error
    raise ExecutionError(content["ename"], content["evalue"], content["traceback"])
beaker_kernel.lib.utils.ExecutionError: ('NameError', "name 'df_subset' is not defined", ['\x1b[0;31m---------------------------------------------------------------------------\x1b[0m', '\x1b[0;31mNameError\x1b[0m                                 Traceback (most recent call last)', 'Cell \x1b[0;32mIn[1], line 2\x1b[0m\n\x1b[1;32m      1\x1b[0m \x1b[38;5;28;01mimport\x1b[39;00m\x1b[38;5;250m \x1b[39m\x1b[38;5;21;01mbdikit\x1b[39;00m\x1b[38;5;250m \x1b[39m\x1b[38;5;28;01mas\x1b[39;00m\x1b[38;5;250m \x1b[39m\x1b[38;5;21;01mbdi\x1b[39;00m\n\x1b[0;32m----> 2\x1b[0m value_mappings \x1b[38;5;241m=\x1b[39m bdi\x1b[38;5;241m.\x1b[39mmatch_values(\x1b[43mdf_subset\x1b[49m, column_mapping\x1b[38;5;241m=\x1b[39m(\x1b[38;5;124m\'\x1b[39m\x1b[38;5;124mGender\x1b[39m\x1b[38;5;124m\'\x1b[39m, \x1b[38;5;124m\'\x1b[39m\x1b[38;5;124mgender\x1b[39m\x1b[38;5;124m\'\x1b[39m), target\x1b[38;5;241m=\x1b[39m\x1b[38;5;124m"\x1b[39m\x1b[38;5;124mgdc\x1b[39m\x1b[38;5;124m"\x1b[39m, method\x1b[38;5;241m=\x1b[39m\x1b[38;5;124m"\x1b[39m\x1b[38;5;124mtfidf\x1b[39m\x1b[38;5;124m"\x1b[39m)\n\x1b[1;32m      3\x1b[0m value_mappings\x1b[38;5;241m.\x1b[39mto_markdown()\n', "\x1b[0;31mNameError\x1b[0m: name 'df_subset' is not defined"])
Error: NameError name 'df_subset' is not defined
Traceback:
[0;31m---------------------------------------------------------------------------[0m
[0;31mNameError[0m                                 Traceback (most recent call last)
Cell [0;32mIn[1], line 2[0m
[1;32m      1[0m [38;5;28;01mimport[39;00m[38;5;250m [39m[38;5;21;01mbdikit[39;00m[38;5;250m [39m[38;5;28;01mas[39;00m[38;5;250m [39m[38;5;21;01mbdi[39;00m
[0;32m----> 2[0m value_mappings [38;5;241m=[39m bdi[38;5;241m.[39mmatch_values([43mdf_subset[49m, column_mapping[38;5;241m=[39m([38;5;124m'[39m[38;5;124mTumor_Site[39m[38;5;124m'[39m, [38;5;124m'[39m[38;5;124mprimary_site[39m[38;5;124m'[39m), target[38;5;241m=[39m[38;5;124m"[39m[38;5;124mgdc[39m[38;5;124m"[39m, method[38;5;241m=[39m[38;5;124m"[39m[38;5;124mtfidf[39m[38;5;124m"[39m)
[1;32m      3[0m value_mappings[38;5;241m.[39mto_markdown()

[0;31mNameError[0m: name 'df_subset' is not defined
Uncaught exception in ZMQStream callback
Traceback (most recent call last):
  File "/usr/local/lib/python3.10/site-packages/zmq/eventloop/zmqstream.py", line 565, in _log_error
    f.result()
  File "/usr/local/lib/python3.10/site-packages/beaker_kernel/lib/jupyter_kernel_proxy.py", line 253, in handler
    new_data = await callback(self, other_stream, data)
  File "/usr/local/lib/python3.10/site-packages/beaker_kernel/lib/context.py", line 835, in handle_error
    raise ExecutionError(content["ename"], content["evalue"], content["traceback"])
beaker_kernel.lib.utils.ExecutionError: ('NameError', "name 'df_subset' is not defined", ['\x1b[0;31m---------------------------------------------------------------------------\x1b[0m', '\x1b[0;31mNameError\x1b[0m                                 Traceback (most recent call last)', 'Cell \x1b[0;32mIn[1], line 2\x1b[0m\n\x1b[1;32m      1\x1b[0m \x1b[38;5;28;01mimport\x1b[39;00m\x1b[38;5;250m \x1b[39m\x1b[38;5;21;01mbdikit\x1b[39;00m\x1b[38;5;250m \x1b[39m\x1b[38;5;28;01mas\x1b[39;00m\x1b[38;5;250m \x1b[39m\x1b[38;5;21;01mbdi\x1b[39;00m\n\x1b[0;32m----> 2\x1b[0m value_mappings \x1b[38;5;241m=\x1b[39m bdi\x1b[38;5;241m.\x1b[39mmatch_values(\x1b[43mdf_subset\x1b[49m, column_mapping\x1b[38;5;241m=\x1b[39m(\x1b[38;5;124m\'\x1b[39m\x1b[38;5;124mTumor_Site\x1b[39m\x1b[38;5;124m\'\x1b[39m, \x1b[38;5;124m\'\x1b[39m\x1b[38;5;124mprimary_site\x1b[39m\x1b[38;5;124m\'\x1b[39m), target\x1b[38;5;241m=\x1b[39m\x1b[38;5;124m"\x1b[39m\x1b[38;5;124mgdc\x1b[39m\x1b[38;5;124m"\x1b[39m, method\x1b[38;5;241m=\x1b[39m\x1b[38;5;124m"\x1b[39m\x1b[38;5;124mtfidf\x1b[39m\x1b[38;5;124m"\x1b[39m)\n\x1b[1;32m      3\x1b[0m value_mappings\x1b[38;5;241m.\x1b[39mto_markdown()\n', "\x1b[0;31mNameError\x1b[0m: name 'df_subset' is not defined"])
Error: NameError name 'df_subset' is not defined
Traceback:
[0;31m---------------------------------------------------------------------------[0m
[0;31mNameError[0m                                 Traceback (most recent call last)
Cell [0;32mIn[1], line 2[0m
[1;32m      1[0m [38;5;28;01mimport[39;00m[38;5;250m [39m[38;5;21;01mbdikit[39;00m[38;5;250m [39m[38;5;28;01mas[39;00m[38;5;250m [39m[38;5;21;01mbdi[39;00m
[0;32m----> 2[0m value_mappings [38;5;241m=[39m bdi[38;5;241m.[39mmatch_values([43mdf_subset[49m, column_mapping[38;5;241m=[39m([38;5;124m'[39m[38;5;124mHistologic_type[39m[38;5;124m'[39m, [38;5;124m'[39m[38;5;124mhistologic_type[39m[38;5;124m'[39m), target[38;5;241m=[39m[38;5;124m"[39m[38;5;124mgdc[39m[38;5;124m"[39m, method[38;5;241m=[39m[38;5;124m"[39m[38;5;124mtfidf[39m[38;5;124m"[39m)
[1;32m      3[0m value_mappings[38;5;241m.[39mto_markdown()

[0;31mNameError[0m: name 'df_subset' is not defined
Uncaught exception in ZMQStream callback
Traceback (most recent call last):
  File "/usr/local/lib/python3.10/site-packages/zmq/eventloop/zmqstream.py", line 565, in _log_error
    f.result()
  File "/usr/local/lib/python3.10/site-packages/beaker_kernel/lib/jupyter_kernel_proxy.py", line 253, in handler
    new_data = await callback(self, other_stream, data)
  File "/usr/local/lib/python3.10/site-packages/beaker_kernel/lib/context.py", line 835, in handle_error
    raise ExecutionError(content["ename"], content["evalue"], content["traceback"])
beaker_kernel.lib.utils.ExecutionError: ('NameError', "name 'df_subset' is not defined", ['\x1b[0;31m---------------------------------------------------------------------------\x1b[0m', '\x1b[0;31mNameError\x1b[0m                                 Traceback (most recent call last)', 'Cell \x1b[0;32mIn[1], line 2\x1b[0m\n\x1b[1;32m      1\x1b[0m \x1b[38;5;28;01mimport\x1b[39;00m\x1b[38;5;250m \x1b[39m\x1b[38;5;21;01mbdikit\x1b[39;00m\x1b[38;5;250m \x1b[39m\x1b[38;5;28;01mas\x1b[39;00m\x1b[38;5;250m \x1b[39m\x1b[38;5;21;01mbdi\x1b[39;00m\n\x1b[0;32m----> 2\x1b[0m value_mappings \x1b[38;5;241m=\x1b[39m bdi\x1b[38;5;241m.\x1b[39mmatch_values(\x1b[43mdf_subset\x1b[49m, column_mapping\x1b[38;5;241m=\x1b[39m(\x1b[38;5;124m\'\x1b[39m\x1b[38;5;124mHistologic_type\x1b[39m\x1b[38;5;124m\'\x1b[39m, \x1b[38;5;124m\'\x1b[39m\x1b[38;5;124mhistologic_type\x1b[39m\x1b[38;5;124m\'\x1b[39m), target\x1b[38;5;241m=\x1b[39m\x1b[38;5;124m"\x1b[39m\x1b[38;5;124mgdc\x1b[39m\x1b[38;5;124m"\x1b[39m, method\x1b[38;5;241m=\x1b[39m\x1b[38;5;124m"\x1b[39m\x1b[38;5;124mtfidf\x1b[39m\x1b[38;5;124m"\x1b[39m)\n\x1b[1;32m      3\x1b[0m value_mappings\x1b[38;5;241m.\x1b[39mto_markdown()\n', "\x1b[0;31mNameError\x1b[0m: name 'df_subset' is not defined"])
Error: NameError name 'df_subset' is not defined
Traceback:
[0;31m---------------------------------------------------------------------------[0m
[0;31mNameError[0m                                 Traceback (most recent call last)
Cell [0;32mIn[1], line 2[0m
[1;32m      1[0m [38;5;28;01mimport[39;00m[38;5;250m [39m[38;5;21;01mbdikit[39;00m[38;5;250m [39m[38;5;28;01mas[39;00m[38;5;250m [39m[38;5;21;01mbdi[39;00m
[0;32m----> 2[0m value_mappings [38;5;241m=[39m bdi[38;5;241m.[39mmatch_values([43mdf_subset[49m, column_mapping[38;5;241m=[39m([38;5;124m'[39m[38;5;124mHistologic_Grade_FIGO[39m[38;5;124m'[39m, [38;5;124m'[39m[38;5;124mhistologic_grade[39m[38;5;124m'[39m), target[38;5;241m=[39m[38;5;124m"[39m[38;5;124mgdc[39m[38;5;124m"[39m, method[38;5;241m=[39m[38;5;124m"[39m[38;5;124mtfidf[39m[38;5;124m"[39m)
[1;32m      3[0m value_mappings[38;5;241m.[39mto_markdown()

[0;31mNameError[0m: name 'df_subset' is not defined
Uncaught exception in ZMQStream callback
Traceback (most recent call last):
  File "/usr/local/lib/python3.10/site-packages/zmq/eventloop/zmqstream.py", line 565, in _log_error
    f.result()
  File "/usr/local/lib/python3.10/site-packages/beaker_kernel/lib/jupyter_kernel_proxy.py", line 253, in handler
    new_data = await callback(self, other_stream, data)
  File "/usr/local/lib/python3.10/site-packages/beaker_kernel/lib/context.py", line 835, in handle_error
    raise ExecutionError(content["ename"], content["evalue"], content["traceback"])
beaker_kernel.lib.utils.ExecutionError: ('NameError', "name 'df_subset' is not defined", ['\x1b[0;31m---------------------------------------------------------------------------\x1b[0m', '\x1b[0;31mNameError\x1b[0m                                 Traceback (most recent call last)', 'Cell \x1b[0;32mIn[1], line 2\x1b[0m\n\x1b[1;32m      1\x1b[0m \x1b[38;5;28;01mimport\x1b[39;00m\x1b[38;5;250m \x1b[39m\x1b[38;5;21;01mbdikit\x1b[39;00m\x1b[38;5;250m \x1b[39m\x1b[38;5;28;01mas\x1b[39;00m\x1b[38;5;250m \x1b[39m\x1b[38;5;21;01mbdi\x1b[39;00m\n\x1b[0;32m----> 2\x1b[0m value_mappings \x1b[38;5;241m=\x1b[39m bdi\x1b[38;5;241m.\x1b[39mmatch_values(\x1b[43mdf_subset\x1b[49m, column_mapping\x1b[38;5;241m=\x1b[39m(\x1b[38;5;124m\'\x1b[39m\x1b[38;5;124mHistologic_Grade_FIGO\x1b[39m\x1b[38;5;124m\'\x1b[39m, \x1b[38;5;124m\'\x1b[39m\x1b[38;5;124mhistologic_grade\x1b[39m\x1b[38;5;124m\'\x1b[39m), target\x1b[38;5;241m=\x1b[39m\x1b[38;5;124m"\x1b[39m\x1b[38;5;124mgdc\x1b[39m\x1b[38;5;124m"\x1b[39m, method\x1b[38;5;241m=\x1b[39m\x1b[38;5;124m"\x1b[39m\x1b[38;5;124mtfidf\x1b[39m\x1b[38;5;124m"\x1b[39m)\n\x1b[1;32m      3\x1b[0m value_mappings\x1b[38;5;241m.\x1b[39mto_markdown()\n', "\x1b[0;31mNameError\x1b[0m: name 'df_subset' is not defined"])
[I 2026-01-14 15:24:01.781 BeakerServerApp] 302 GET / (@127.0.0.1) 0.73ms
[W 2026-01-14 15:24:01.784 BeakerServerApp] 405 POST /notebook?token=[secret] (@127.0.0.1) 0.36ms referer=None
Error: NameError name 'df_subset' is not defined
Traceback:
[0;31m---------------------------------------------------------------------------[0m
[0;31mNameError[0m                                 Traceback (most recent call last)
Cell [0;32mIn[1], line 2[0m
[1;32m      1[0m [38;5;28;01mimport[39;00m[38;5;250m [39m[38;5;21;01mbdikit[39;00m[38;5;250m [39m[38;5;28;01mas[39;00m[38;5;250m [39m[38;5;21;01mbdi[39;00m
[0;32m----> 2[0m harmonized_df [38;5;241m=[39m bdi[38;5;241m.[39mmaterialize_mapping([43mdf_subset[49m, mapping_spec[38;5;241m=[39m[
[1;32m      3[0m     {
[1;32m      4[0m         [38;5;124m"[39m[38;5;124msource[39m[38;5;124m"[39m: [38;5;124m"[39m[38;5;124mGender[39m[38;5;124m"[39m,
[1;32m      5[0m         [38;5;124m"[39m[38;5;124mtarget[39m[38;5;124m"[39m: [38;5;124m"[39m[38;5;124mgender[39m[38;5;124m"[39m,
[1;32m      6[0m         [38;5;124m"[39m[38;5;124mmatches[39m[38;5;124m"[39m: [
[1;32m      7[0m             ([38;5;124m"[39m[38;5;124mFemale[39m[38;5;124m"[39m, [38;5;124m"[39m[38;5;124mfemale[39m[38;5;124m"[39m)
[1;32m      8[0m         ]
[1;32m      9[0m     },
[1;32m     10[0m     {
[1;32m     11[0m         [38;5;124m"[39m[38;5;124msource[39m[38;5;124m"[39m: [38;5;124m"[39m[38;5;124mTumor_Site[39m[38;5;124m"[39m,
[1;32m     12[0m         [38;5;124m"[39m[38;5;124mtarget[39m[38;5;124m"[39m: [38;5;124m"[39m[38;5;124mprimary_site[39m[38;5;124m"[39m,
[1;32m     13[0m         [38;5;124m"[39m[38;5;124mmatches[39m[38;5;124m"[39m: [
[1;32m     14[0m             ([38;5;124m"[39m[38;5;124mOther, specify[39m[38;5;124m"[39m, [38;5;124m"[39m[38;5;124mOther and unspecified female genital organs[39m[38;5;124m"[39m),
[1;32m     15[0m             ([38;5;124m"[39m[38;5;124mAnterior endometrium[39m[38;5;124m"[39m, [38;5;124m"[39m[38;5;124mCorpus uteri[39m[38;5;124m"[39m),
[1;32m     16[0m             ([38;5;124m"[39m[38;5;124mPosterior endometrium[39m[38;5;124m"[39m, [38;5;124m"[39m[38;5;124mCorpus uteri[39m[38;5;124m"[39m)
[1;32m     17[0m         ]
[1;32m     18[0m     },
[1;32m     19[0m     {
[1;32m     20[0m         [38;5;124m"[39m[38;5;124msource[39m[38;5;124m"[39m: [38;5;124m"[39m[38;5;124mHistologic_type[39m[38;5;124m"[39m,
[1;32m     21[0m         [38;5;124m"[39m[38;5;124mtarget[39m[38;5;124m"[39m: [38;5;124m"[39m[38;5;124mhistologic_type[39m[38;5;124m"[39m,
[1;32m     22[0m         [38;5;124m"[39m[38;5;124mmatches[39m[38;5;124m"[39m: [
[1;32m     23[0m             ([38;5;124m"[39m[38;5;124mEndometrioid[39m[38;5;124m"[39m, [38;5;124m"[39m[38;5;124mEndometrioid carcinoma[39m[38;5;124m"[39m),
[1;32m     24[0m             ([38;5;124m"[39m[38;5;124mSerous[39m[38;5;124m"[39m, [38;5;124m"[39m[38;5;124mSerous carcinoma[39m[38;5;124m"[39m),
[1;32m     25[0m             ([38;5;124m"[39m[38;5;124mCarcinosarcoma[39m[38;5;124m"[39m, [38;5;124m"[39m[38;5;124mCarcinosarcoma[39m[38;5;124m"[39m),
[1;32m     26[0m             ([38;5;124m"[39m[38;5;124mClear cell[39m[38;5;124m"[39m, [38;5;124m"[39m[38;5;124mClear cell carcinoma[39m[38;5;124m"[39m)
[1;32m     27[0m         ]
[1;32m     28[0m     },
[1;32m     29[0m     {
[1;32m     30[0m         [38;5;124m"[39m[38;5;124msource[39m[38;5;124m"[39m: [38;5;124m"[39m[38;5;124mHistologic_Grade_FIGO[39m[38;5;124m"[39m,
[1;32m     31[0m         [38;5;124m"[39m[38;5;124mtarget[39m[38;5;124m"[39m: [38;5;124m"[39m[38;5;124mhistologic_grade[39m[38;5;124m"[39m,
[1;32m     32[0m         [38;5;124m"[39m[38;5;124mmatches[39m[38;5;124m"[39m: [
[1;32m     33[0m             ([38;5;124m"[39m[38;5;124mFIGO grade 1[39m[38;5;124m"[39m, [38;5;124m"[39m[38;5;124mGrade 1[39m[38;5;124m"[39m),
[1;32m     34[0m             ([38;5;124m"[39m[38;5;124mFIGO grade 2[39m[38;5;124m"[39m, [38;5;124m"[39m[38;5;124mGrade 2[39m[38;5;124m"[39m),
[1;32m     35[0m             ([38;5;124m"[39m[38;5;124mFIGO grade 3[39m[38;5;124m"[39m, [38;5;124m"[39m[38;5;124mGrade 3[39m[38;5;124m"[39m)
[1;32m     36[0m         ]
[1;32m     37[0m     }
[1;32m     38[0m ])
[1;32m     39[0m harmonized_df[38;5;241m.[39mto_csv([38;5;124m"[39m[38;5;124mharmonized_endometrial_cancer_data.csv[39m[38;5;124m"[39m, index[38;5;241m=[39m[38;5;28;01mFalse[39;00m)
[1;32m     40[0m harmonized_df[38;5;241m.[39mhead([38;5;241m10[39m)[38;5;241m.[39mto_markdown()

[0;31mNameError[0m: name 'df_subset' is not defined
Uncaught exception in ZMQStream callback
Traceback (most recent call last):
  File "/usr/local/lib/python3.10/site-packages/zmq/eventloop/zmqstream.py", line 565, in _log_error
    f.result()
  File "/usr/local/lib/python3.10/site-packages/beaker_kernel/lib/jupyter_kernel_proxy.py", line 253, in handler
    new_data = await callback(self, other_stream, data)
  File "/usr/local/lib/python3.10/site-packages/beaker_kernel/lib/context.py", line 835, in handle_error
    raise ExecutionError(content["ename"], content["evalue"], content["traceback"])
beaker_kernel.lib.utils.ExecutionError: ('NameError', "name 'df_subset' is not defined", ['\x1b[0;31m---------------------------------------------------------------------------\x1b[0m', '\x1b[0;31mNameError\x1b[0m                                 Traceback (most recent call last)', 'Cell \x1b[0;32mIn[1], line 2\x1b[0m\n\x1b[1;32m      1\x1b[0m \x1b[38;5;28;01mimport\x1b[39;00m\x1b[38;5;250m \x1b[39m\x1b[38;5;21;01mbdikit\x1b[39;00m\x1b[38;5;250m \x1b[39m\x1b[38;5;28;01mas\x1b[39;00m\x1b[38;5;250m \x1b[39m\x1b[38;5;21;01mbdi\x1b[39;00m\n\x1b[0;32m----> 2\x1b[0m harmonized_df \x1b[38;5;241m=\x1b[39m bdi\x1b[38;5;241m.\x1b[39mmaterialize_mapping(\x1b[43mdf_subset\x1b[49m, mapping_spec\x1b[38;5;241m=\x1b[39m[\n\x1b[1;32m      3\x1b[0m     {\n\x1b[1;32m      4\x1b[0m         \x1b[38;5;124m"\x1b[39m\x1b[38;5;124msource\x1b[39m\x1b[38;5;124m"\x1b[39m: \x1b[38;5;124m"\x1b[39m\x1b[38;5;124mGender\x1b[39m\x1b[38;5;124m"\x1b[39m,\n\x1b[1;32m      5\x1b[0m         \x1b[38;5;124m"\x1b[39m\x1b[38;5;124mtarget\x1b[39m\x1b[38;5;124m"\x1b[39m: \x1b[38;5;124m"\x1b[39m\x1b[38;5;124mgender\x1b[39m\x1b[38;5;124m"\x1b[39m,\n\x1b[1;32m      6\x1b[0m         \x1b[38;5;124m"\x1b[39m\x1b[38;5;124mmatches\x1b[39m\x1b[38;5;124m"\x1b[39m: [\n\x1b[1;32m      7\x1b[0m             (\x1b[38;5;124m"\x1b[39m\x1b[38;5;124mFemale\x1b[39m\x1b[38;5;124m"\x1b[39m, \x1b[38;5;124m"\x1b[39m\x1b[38;5;124mfemale\x1b[39m\x1b[38;5;124m"\x1b[39m)\n\x1b[1;32m      8\x1b[0m         ]\n\x1b[1;32m      9\x1b[0m     },\n\x1b[1;32m     10\x1b[0m     {\n\x1b[1;32m     11\x1b[0m         \x1b[38;5;124m"\x1b[39m\x1b[38;5;124msource\x1b[39m\x1b[38;5;124m"\x1b[39m: \x1b[38;5;124m"\x1b[39m\x1b[38;5;124mTumor_Site\x1b[39m\x1b[38;5;124m"\x1b[39m,\n\x1b[1;32m     12\x1b[0m         \x1b[38;5;124m"\x1b[39m\x1b[38;5;124mtarget\x1b[39m\x1b[38;5;124m"\x1b[39m: \x1b[38;5;124m"\x1b[39m\x1b[38;5;124mprimary_site\x1b[39m\x1b[38;5;124m"\x1b[39m,\n\x1b[1;32m     13\x1b[0m         \x1b[38;5;124m"\x1b[39m\x1b[38;5;124mmatches\x1b[39m\x1b[38;5;124m"\x1b[39m: [\n\x1b[1;32m     14\x1b[0m             (\x1b[38;5;124m"\x1b[39m\x1b[38;5;124mOther, specify\x1b[39m\x1b[38;5;124m"\x1b[39m, \x1b[38;5;124m"\x1b[39m\x1b[38;5;124mOther and unspecified female genital organs\x1b[39m\x1b[38;5;124m"\x1b[39m),\n\x1b[1;32m     15\x1b[0m             (\x1b[38;5;124m"\x1b[39m\x1b[38;5;124mAnterior endometrium\x1b[39m\x1b[38;5;124m"\x1b[39m, \x1b[38;5;124m"\x1b[39m\x1b[38;5;124mCorpus uteri\x1b[39m\x1b[38;5;124m"\x1b[39m),\n\x1b[1;32m     16\x1b[0m             (\x1b[38;5;124m"\x1b[39m\x1b[38;5;124mPosterior endometrium\x1b[39m\x1b[38;5;124m"\x1b[39m, \x1b[38;5;124m"\x1b[39m\x1b[38;5;124mCorpus uteri\x1b[39m\x1b[38;5;124m"\x1b[39m)\n\x1b[1;32m     17\x1b[0m         ]\n\x1b[1;32m     18\x1b[0m     },\n\x1b[1;32m     19\x1b[0m     {\n\x1b[1;32m     20\x1b[0m         \x1b[38;5;124m"\x1b[39m\x1b[38;5;124msource\x1b[39m\x1b[38;5;124m"\x1b[39m: \x1b[38;5;124m"\x1b[39m\x1b[38;5;124mHistologic_type\x1b[39m\x1b[38;5;124m"\x1b[39m,\n\x1b[1;32m     21\x1b[0m         \x1b[38;5;124m"\x1b[39m\x1b[38;5;124mtarget\x1b[39m\x1b[38;5;124m"\x1b[39m: \x1b[38;5;124m"\x1b[39m\x1b[38;5;124mhistologic_type\x1b[39m\x1b[38;5;124m"\x1b[39m,\n\x1b[1;32m     22\x1b[0m         \x1b[38;5;124m"\x1b[39m\x1b[38;5;124mmatches\x1b[39m\x1b[38;5;124m"\x1b[39m: [\n\x1b[1;32m     23\x1b[0m             (\x1b[38;5;124m"\x1b[39m\x1b[38;5;124mEndometrioid\x1b[39m\x1b[38;5;124m"\x1b[39m, \x1b[38;5;124m"\x1b[39m\x1b[38;5;124mEndometrioid carcinoma\x1b[39m\x1b[38;5;124m"\x1b[39m),\n\x1b[1;32m     24\x1b[0m             (\x1b[38;5;124m"\x1b[39m\x1b[38;5;124mSerous\x1b[39m\x1b[38;5;124m"\x1b[39m, \x1b[38;5;124m"\x1b[39m\x1b[38;5;124mSerous carcinoma\x1b[39m\x1b[38;5;124m"\x1b[39m),\n\x1b[1;32m     25\x1b[0m             (\x1b[38;5;124m"\x1b[39m\x1b[38;5;124mCarcinosarcoma\x1b[39m\x1b[38;5;124m"\x1b[39m, \x1b[38;5;124m"\x1b[39m\x1b[38;5;124mCarcinosarcoma\x1b[39m\x1b[38;5;124m"\x1b[39m),\n\x1b[1;32m     26\x1b[0m             (\x1b[38;5;124m"\x1b[39m\x1b[38;5;124mClear cell\x1b[39m\x1b[38;5;124m"\x1b[39m, \x1b[38;5;124m"\x1b[39m\x1b[38;5;124mClear cell carcinoma\x1b[39m\x1b[38;5;124m"\x1b[39m)\n\x1b[1;32m     27\x1b[0m         ]\n\x1b[1;32m     28\x1b[0m     },\n\x1b[1;32m     29\x1b[0m     {\n\x1b[1;32m     30\x1b[0m         \x1b[38;5;124m"\x1b[39m\x1b[38;5;124msource\x1b[39m\x1b[38;5;124m"\x1b[39m: \x1b[38;5;124m"\x1b[39m\x1b[38;5;124mHistologic_Grade_FIGO\x1b[39m\x1b[38;5;124m"\x1b[39m,\n\x1b[1;32m     31\x1b[0m         \x1b[38;5;124m"\x1b[39m\x1b[38;5;124mtarget\x1b[39m\x1b[38;5;124m"\x1b[39m: \x1b[38;5;124m"\x1b[39m\x1b[38;5;124mhistologic_grade\x1b[39m\x1b[38;5;124m"\x1b[39m,\n\x1b[1;32m     32\x1b[0m         \x1b[38;5;124m"\x1b[39m\x1b[38;5;124mmatches\x1b[39m\x1b[38;5;124m"\x1b[39m: [\n\x1b[1;32m     33\x1b[0m             (\x1b[38;5;124m"\x1b[39m\x1b[38;5;124mFIGO grade 1\x1b[39m\x1b[38;5;124m"\x1b[39m, \x1b[38;5;124m"\x1b[39m\x1b[38;5;124mGrade 1\x1b[39m\x1b[38;5;124m"\x1b[39m),\n\x1b[1;32m     34\x1b[0m             (\x1b[38;5;124m"\x1b[39m\x1b[38;5;124mFIGO grade 2\x1b[39m\x1b[38;5;124m"\x1b[39m, \x1b[38;5;124m"\x1b[39m\x1b[38;5;124mGrade 2\x1b[39m\x1b[38;5;124m"\x1b[39m),\n\x1b[1;32m     35\x1b[0m             (\x1b[38;5;124m"\x1b[39m\x1b[38;5;124mFIGO grade 3\x1b[39m\x1b[38;5;124m"\x1b[39m, \x1b[38;5;124m"\x1b[39m\x1b[38;5;124mGrade 3\x1b[39m\x1b[38;5;124m"\x1b[39m)\n\x1b[1;32m     36\x1b[0m         ]\n\x1b[1;32m     37\x1b[0m     }\n\x1b[1;32m     38\x1b[0m ])\n\x1b[1;32m     39\x1b[0m harmonized_df\x1b[38;5;241m.\x1b[39mto_csv(\x1b[38;5;124m"\x1b[39m\x1b[38;5;124mharmonized_endometrial_cancer_data.csv\x1b[39m\x1b[38;5;124m"\x1b[39m, index\x1b[38;5;241m=\x1b[39m\x1b[38;5;28;01mFalse\x1b[39;00m)\n\x1b[1;32m     40\x1b[0m harmonized_df\x1b[38;5;241m.\x1b[39mhead(\x1b[38;5;241m10\x1b[39m)\x1b[38;5;241m.\x1b[39mto_markdown()\n', "\x1b[0;31mNameError\x1b[0m: name 'df_subset' is not defined"])
Error: FileNotFoundError [Errno 2] No such file or directory: 'harmonized_endometrial_cancer_data.csv'
Traceback:
[0;31m---------------------------------------------------------------------------[0m
[0;31mFileNotFoundError[0m                         Traceback (most recent call last)
Cell [0;32mIn[1], line 4[0m
[1;32m      1[0m [38;5;28;01mimport[39;00m[38;5;250m [39m[38;5;21;01mpandas[39;00m[38;5;250m [39m[38;5;28;01mas[39;00m[38;5;250m [39m[38;5;21;01mpd[39;00m
[1;32m      3[0m [38;5;66;03m# Load the harmonized data[39;00m
[0;32m----> 4[0m harmonized_df [38;5;241m=[39m [43mpd[49m[38;5;241;43m.[39;49m[43mread_csv[49m[43m([49m[38;5;124;43m'[39;49m[38;5;124;43mharmonized_endometrial_cancer_data.csv[39;49m[38;5;124;43m'[39;49m[43m)[49m
[1;32m      6[0m [38;5;28mprint[39m([38;5;124m"[39m[38;5;124mHarmonized DataFrame:[39m[38;5;124m"[39m)
[1;32m      7[0m [38;5;28mprint[39m(harmonized_df[38;5;241m.[39mhead())

File [0;32m/usr/local/lib/python3.10/site-packages/pandas/io/parsers/readers.py:948[0m, in [0;36mread_csv[0;34m(filepath_or_buffer, sep, delimiter, header, names, index_col, usecols, dtype, engine, converters, true_values, false_values, skipinitialspace, skiprows, skipfooter, nrows, na_values, keep_default_na, na_filter, verbose, skip_blank_lines, parse_dates, infer_datetime_format, keep_date_col, date_parser, date_format, dayfirst, cache_dates, iterator, chunksize, compression, thousands, decimal, lineterminator, quotechar, quoting, doublequote, escapechar, comment, encoding, encoding_errors, dialect, on_bad_lines, delim_whitespace, low_memory, memory_map, float_precision, storage_options, dtype_backend)[0m
[1;32m    935[0m kwds_defaults [38;5;241m=[39m _refine_defaults_read(
[1;32m    936[0m     dialect,
[1;32m    937[0m     delimiter,
[0;32m   (...)[0m
[1;32m    944[0m     dtype_backend[38;5;241m=[39mdtype_backend,
[1;32m    945[0m )
[1;32m    946[0m kwds[38;5;241m.[39mupdate(kwds_defaults)
[0;32m--> 948[0m [38;5;28;01mreturn[39;00m [43m_read[49m[43m([49m[43mfilepath_or_buffer[49m[43m,[49m[43m [49m[43mkwds[49m[43m)[49m

File [0;32m/usr/local/lib/python3.10/site-packages/pandas/io/parsers/readers.py:611[0m, in [0;36m_read[0;34m(filepath_or_buffer, kwds)[0m
[1;32m    608[0m _validate_names(kwds[38;5;241m.[39mget([38;5;124m"[39m[38;5;124mnames[39m[38;5;124m"[39m, [38;5;28;01mNone[39;00m))
[1;32m    610[0m [38;5;66;03m# Create the parser.[39;00m
[0;32m--> 611[0m parser [38;5;241m=[39m [43mTextFileReader[49m[43m([49m[43mfilepath_or_buffer[49m[43m,[49m[43m [49m[38;5;241;43m*[39;49m[38;5;241;43m*[39;49m[43mkwds[49m[43m)[49m
[1;32m    613[0m [38;5;28;01mif[39;00m chunksize [38;5;129;01mor[39;00m iterator:
[1;32m    614[0m     [38;5;28;01mreturn[39;00m parser

File [0;32m/usr/local/lib/python3.10/site-packages/pandas/io/parsers/readers.py:1448[0m, in [0;36mTextFileReader.__init__[0;34m(self, f, engine, **kwds)[0m
[1;32m   1445[0m     [38;5;28mself[39m[38;5;241m.[39moptions[[38;5;124m"[39m[38;5;124mhas_index_names[39m[38;5;124m"[39m] [38;5;241m=[39m kwds[[38;5;124m"[39m[38;5;124mhas_index_names[39m[38;5;124m"[39m]
[1;32m   1447[0m [38;5;28mself[39m[38;5;241m.[39mhandles: IOHandles [38;5;241m|[39m [38;5;28;01mNone[39;00m [38;5;241m=[39m [38;5;28;01mNone[39;00m
[0;32m-> 1448[0m [38;5;28mself[39m[38;5;241m.[39m_engine [38;5;241m=[39m [38;5;28;43mself[39;49m[38;5;241;43m.[39;49m[43m_make_engine[49m[43m([49m[43mf[49m[43m,[49m[43m [49m[38;5;28;43mself[39;49m[38;5;241;43m.[39;49m[43mengine[49m[43m)[49m

File [0;32m/usr/local/lib/python3.10/site-packages/pandas/io/parsers/readers.py:1705[0m, in [0;36mTextFileReader._make_engine[0;34m(self, f, engine)[0m
[1;32m   1703[0m     [38;5;28;01mif[39;00m [38;5;124m"[39m[38;5;124mb[39m[38;5;124m"[39m [38;5;129;01mnot[39;00m [38;5;129;01min[39;00m mode:
[1;32m   1704[0m         mode [38;5;241m+[39m[38;5;241m=[39m [38;5;124m"[39m[38;5;124mb[39m[38;5;124m"[39m
[0;32m-> 1705[0m [38;5;28mself[39m[38;5;241m.[39mhandles [38;5;241m=[39m [43mget_handle[49m[43m([49m
[1;32m   1706[0m [43m    [49m[43mf[49m[43m,[49m
[1;32m   1707[0m [43m    [49m[43mmode[49m[43m,[49m
[1;32m   1708[0m [43m    [49m[43mencoding[49m[38;5;241;43m=[39;49m[38;5;28;43mself[39;49m[38;5;241;43m.[39;49m[43moptions[49m[38;5;241;43m.[39;49m[43mget[49m[43m([49m[38;5;124;43m"[39;49m[38;5;124;43mencoding[39;49m[38;5;124;43m"[39;49m[43m,[49m[43m [49m[38;5;28;43;01mNone[39;49;00m[43m)[49m[43m,[49m
[1;32m   1709[0m [43m    [49m[43mcompression[49m[38;5;241;43m=[39;49m[38;5;28;43mself[39;49m[38;5;241;43m.[39;49m[43moptions[49m[38;5;241;43m.[39;49m[43mget[49m[43m([49m[38;5;124;43m"[39;49m[38;5;124;43mcompression[39;49m[38;5;124;43m"[39;49m[43m,[49m[43m [49m[38;5;28;43;01mNone[39;49;00m[43m)[49m[43m,[49m
[1;32m   1710[0m [43m    [49m[43mmemory_map[49m[38;5;241;43m=[39;49m[38;5;28;43mself[39;49m[38;5;241;43m.[39;49m[43moptions[49m[38;5;241;43m.[39;49m[43mget[49m[43m([49m[38;5;124;43m"[39;49m[38;5;124;43mmemory_map[39;49m[38;5;124;43m"[39;49m[43m,[49m[43m [49m[38;5;28;43;01mFalse[39;49;00m[43m)[49m[43m,[49m
[1;32m   1711[0m [43m    [49m[43mis_text[49m[38;5;241;43m=[39;49m[43mis_text[49m[43m,[49m
[1;32m   1712[0m [43m    [49m[43merrors[49m[38;5;241;43m=[39;49m[38;5;28;43mself[39;49m[38;5;241;43m.[39;49m[43moptions[49m[38;5;241;43m.[39;49m[43mget[49m[43m([49m[38;5;124;43m"[39;49m[38;5;124;43mencoding_errors[39;49m[38;5;124;43m"[39;49m[43m,[49m[43m [49m[38;5;124;43m"[39;49m[38;5;124;43mstrict[39;49m[38;5;124;43m"[39;49m[43m)[49m[43m,[49m
[1;32m   1713[0m [43m    [49m[43mstorage_options[49m[38;5;241;43m=[39;49m[38;5;28;43mself[39;49m[38;5;241;43m.[39;49m[43moptions[49m[38;5;241;43m.[39;49m[43mget[49m[43m([49m[38;5;124;43m"[39;49m[38;5;124;43mstorage_options[39;49m[38;5;124;43m"[39;49m[43m,[49m[43m [49m[38;5;28;43;01mNone[39;49;00m[43m)[49m[43m,[49m
[1;32m   1714[0m [43m[49m[43m)[49m
[1;32m   1715[0m [38;5;28;01massert[39;00m [38;5;28mself[39m[38;5;241m.[39mhandles [38;5;129;01mis[39;00m [38;5;129;01mnot[39;00m [38;5;28;01mNone[39;00m
[1;32m   1716[0m f [38;5;241m=[39m [38;5;28mself[39m[38;5;241m.[39mhandles[38;5;241m.[39mhandle

File [0;32m/usr/local/lib/python3.10/site-packages/pandas/io/common.py:863[0m, in [0;36mget_handle[0;34m(path_or_buf, mode, encoding, compression, memory_map, is_text, errors, storage_options)[0m
[1;32m    858[0m [38;5;28;01melif[39;00m [38;5;28misinstance[39m(handle, [38;5;28mstr[39m):
[1;32m    859[0m     [38;5;66;03m# Check whether the filename is to be opened in binary mode.[39;00m
[1;32m    860[0m     [38;5;66;03m# Binary mode does not support 'encoding' and 'newline'.[39;00m
[1;32m    861[0m     [38;5;28;01mif[39;00m ioargs[38;5;241m.[39mencoding [38;5;129;01mand[39;00m [38;5;124m"[39m[38;5;124mb[39m[38;5;124m"[39m [38;5;129;01mnot[39;00m [38;5;129;01min[39;00m ioargs[38;5;241m.[39mmode:
[1;32m    862[0m         [38;5;66;03m# Encoding[39;00m
[0;32m--> 863[0m         handle [38;5;241m=[39m [38;5;28;43mopen[39;49m[43m([49m
[1;32m    864[0m [43m            [49m[43mhandle[49m[43m,[49m
[1;32m    865[0m [43m            [49m[43mioargs[49m[38;5;241;43m.[39;49m[43mmode[49m[43m,[49m
[1;32m    866[0m [43m            [49m[43mencoding[49m[38;5;241;43m=[39;49m[43mioargs[49m[38;5;241;43m.[39;49m[43mencoding[49m[43m,[49m
[1;32m    867[0m [43m            [49m[43merrors[49m[38;5;241;43m=[39;49m[43merrors[49m[43m,[49m
[1;32m    868[0m [43m            [49m[43mnewline[49m[38;5;241;43m=[39;49m[38;5;124;43m"[39;49m[38;5;124;43m"[39;49m[43m,[49m
[1;32m    869[0m [43m        [49m[43m)[49m
[1;32m    870[0m     [38;5;28;01melse[39;00m:
[1;32m    871[0m         [38;5;66;03m# Binary mode[39;00m
[1;32m    872[0m         handle [38;5;241m=[39m [38;5;28mopen[39m(handle, ioargs[38;5;241m.[39mmode)

[0;31mFileNotFoundError[0m: [Errno 2] No such file or directory: 'harmonized_endometrial_cancer_data.csv'
Uncaught exception in ZMQStream callback
Traceback (most recent call last):
  File "/usr/local/lib/python3.10/site-packages/zmq/eventloop/zmqstream.py", line 565, in _log_error
    f.result()
  File "/usr/local/lib/python3.10/site-packages/beaker_kernel/lib/jupyter_kernel_proxy.py", line 253, in handler
    new_data = await callback(self, other_stream, data)
  File "/usr/local/lib/python3.10/site-packages/beaker_kernel/lib/context.py", line 835, in handle_error
    raise ExecutionError(content["ename"], content["evalue"], content["traceback"])
beaker_kernel.lib.utils.ExecutionError: ('FileNotFoundError', "[Errno 2] No such file or directory: 'harmonized_endometrial_cancer_data.csv'", ['\x1b[0;31m---------------------------------------------------------------------------\x1b[0m', '\x1b[0;31mFileNotFoundError\x1b[0m                         Traceback (most recent call last)', 'Cell \x1b[0;32mIn[1], line 4\x1b[0m\n\x1b[1;32m      1\x1b[0m \x1b[38;5;28;01mimport\x1b[39;00m\x1b[38;5;250m \x1b[39m\x1b[38;5;21;01mpandas\x1b[39;00m\x1b[38;5;250m \x1b[39m\x1b[38;5;28;01mas\x1b[39;00m\x1b[38;5;250m \x1b[39m\x1b[38;5;21;01mpd\x1b[39;00m\n\x1b[1;32m      3\x1b[0m \x1b[38;5;66;03m# Load the harmonized data\x1b[39;00m\n\x1b[0;32m----> 4\x1b[0m harmonized_df \x1b[38;5;241m=\x1b[39m \x1b[43mpd\x1b[49m\x1b[38;5;241;43m.\x1b[39;49m\x1b[43mread_csv\x1b[49m\x1b[43m(\x1b[49m\x1b[38;5;124;43m\'\x1b[39;49m\x1b[38;5;124;43mharmonized_endometrial_cancer_data.csv\x1b[39;49m\x1b[38;5;124;43m\'\x1b[39;49m\x1b[43m)\x1b[49m\n\x1b[1;32m      6\x1b[0m \x1b[38;5;28mprint\x1b[39m(\x1b[38;5;124m"\x1b[39m\x1b[38;5;124mHarmonized DataFrame:\x1b[39m\x1b[38;5;124m"\x1b[39m)\n\x1b[1;32m      7\x1b[0m \x1b[38;5;28mprint\x1b[39m(harmonized_df\x1b[38;5;241m.\x1b[39mhead())\n', 'File \x1b[0;32m/usr/local/lib/python3.10/site-packages/pandas/io/parsers/readers.py:948\x1b[0m, in \x1b[0;36mread_csv\x1b[0;34m(filepath_or_buffer, sep, delimiter, header, names, index_col, usecols, dtype, engine, converters, true_values, false_values, skipinitialspace, skiprows, skipfooter, nrows, na_values, keep_default_na, na_filter, verbose, skip_blank_lines, parse_dates, infer_datetime_format, keep_date_col, date_parser, date_format, dayfirst, cache_dates, iterator, chunksize, compression, thousands, decimal, lineterminator, quotechar, quoting, doublequote, escapechar, comment, encoding, encoding_errors, dialect, on_bad_lines, delim_whitespace, low_memory, memory_map, float_precision, storage_options, dtype_backend)\x1b[0m\n\x1b[1;32m    935\x1b[0m kwds_defaults \x1b[38;5;241m=\x1b[39m _refine_defaults_read(\n\x1b[1;32m    936\x1b[0m     dialect,\n\x1b[1;32m    937\x1b[0m     delimiter,\n\x1b[0;32m   (...)\x1b[0m\n\x1b[1;32m    944\x1b[0m     dtype_backend\x1b[38;5;241m=\x1b[39mdtype_backend,\n\x1b[1;32m    945\x1b[0m )\n\x1b[1;32m    946\x1b[0m kwds\x1b[38;5;241m.\x1b[39mupdate(kwds_defaults)\n\x1b[0;32m--> 948\x1b[0m \x1b[38;5;28;01mreturn\x1b[39;00m \x1b[43m_read\x1b[49m\x1b[43m(\x1b[49m\x1b[43mfilepath_or_buffer\x1b[49m\x1b[43m,\x1b[49m\x1b[43m \x1b[49m\x1b[43mkwds\x1b[49m\x1b[43m)\x1b[49m\n', 'File \x1b[0;32m/usr/local/lib/python3.10/site-packages/pandas/io/parsers/readers.py:611\x1b[0m, in \x1b[0;36m_read\x1b[0;34m(filepath_or_buffer, kwds)\x1b[0m\n\x1b[1;32m    608\x1b[0m _validate_names(kwds\x1b[38;5;241m.\x1b[39mget(\x1b[38;5;124m"\x1b[39m\x1b[38;5;124mnames\x1b[39m\x1b[38;5;124m"\x1b[39m, \x1b[38;5;28;01mNone\x1b[39;00m))\n\x1b[1;32m    610\x1b[0m \x1b[38;5;66;03m# Create the parser.\x1b[39;00m\n\x1b[0;32m--> 611\x1b[0m parser \x1b[38;5;241m=\x1b[39m \x1b[43mTextFileReader\x1b[49m\x1b[43m(\x1b[49m\x1b[43mfilepath_or_buffer\x1b[49m\x1b[43m,\x1b[49m\x1b[43m \x1b[49m\x1b[38;5;241;43m*\x1b[39;49m\x1b[38;5;241;43m*\x1b[39;49m\x1b[43mkwds\x1b[49m\x1b[43m)\x1b[49m\n\x1b[1;32m    613\x1b[0m \x1b[38;5;28;01mif\x1b[39;00m chunksize \x1b[38;5;129;01mor\x1b[39;00m iterator:\n\x1b[1;32m    614\x1b[0m     \x1b[38;5;28;01mreturn\x1b[39;00m parser\n', 'File \x1b[0;32m/usr/local/lib/python3.10/site-packages/pandas/io/parsers/readers.py:1448\x1b[0m, in \x1b[0;36mTextFileReader.__init__\x1b[0;34m(self, f, engine, **kwds)\x1b[0m\n\x1b[1;32m   1445\x1b[0m     \x1b[38;5;28mself\x1b[39m\x1b[38;5;241m.\x1b[39moptions[\x1b[38;5;124m"\x1b[39m\x1b[38;5;124mhas_index_names\x1b[39m\x1b[38;5;124m"\x1b[39m] \x1b[38;5;241m=\x1b[39m kwds[\x1b[38;5;124m"\x1b[39m\x1b[38;5;124mhas_index_names\x1b[39m\x1b[38;5;124m"\x1b[39m]\n\x1b[1;32m   1447\x1b[0m \x1b[38;5;28mself\x1b[39m\x1b[38;5;241m.\x1b[39mhandles: IOHandles \x1b[38;5;241m|\x1b[39m \x1b[38;5;28;01mNone\x1b[39;00m \x1b[38;5;241m=\x1b[39m \x1b[38;5;28;01mNone\x1b[39;00m\n\x1b[0;32m-> 1448\x1b[0m \x1b[38;5;28mself\x1b[39m\x1b[38;5;241m.\x1b[39m_engine \x1b[38;5;241m=\x1b[39m \x1b[38;5;28;43mself\x1b[39;49m\x1b[38;5;241;43m.\x1b[39;49m\x1b[43m_make_engine\x1b[49m\x1b[43m(\x1b[49m\x1b[43mf\x1b[49m\x1b[43m,\x1b[49m\x1b[43m \x1b[49m\x1b[38;5;28;43mself\x1b[39;49m\x1b[38;5;241;43m.\x1b[39;49m\x1b[43mengine\x1b[49m\x1b[43m)\x1b[49m\n', 'File \x1b[0;32m/usr/local/lib/python3.10/site-packages/pandas/io/parsers/readers.py:1705\x1b[0m, in \x1b[0;36mTextFileReader._make_engine\x1b[0;34m(self, f, engine)\x1b[0m\n\x1b[1;32m   1703\x1b[0m     \x1b[38;5;28;01mif\x1b[39;00m \x1b[38;5;124m"\x1b[39m\x1b[38;5;124mb\x1b[39m\x1b[38;5;124m"\x1b[39m \x1b[38;5;129;01mnot\x1b[39;00m \x1b[38;5;129;01min\x1b[39;00m mode:\n\x1b[1;32m   1704\x1b[0m         mode \x1b[38;5;241m+\x1b[39m\x1b[38;5;241m=\x1b[39m \x1b[38;5;124m"\x1b[39m\x1b[38;5;124mb\x1b[39m\x1b[38;5;124m"\x1b[39m\n\x1b[0;32m-> 1705\x1b[0m \x1b[38;5;28mself\x1b[39m\x1b[38;5;241m.\x1b[39mhandles \x1b[38;5;241m=\x1b[39m \x1b[43mget_handle\x1b[49m\x1b[43m(\x1b[49m\n\x1b[1;32m   1706\x1b[0m \x1b[43m    \x1b[49m\x1b[43mf\x1b[49m\x1b[43m,\x1b[49m\n\x1b[1;32m   1707\x1b[0m \x1b[43m    \x1b[49m\x1b[43mmode\x1b[49m\x1b[43m,\x1b[49m\n\x1b[1;32m   1708\x1b[0m \x1b[43m    \x1b[49m\x1b[43mencoding\x1b[49m\x1b[38;5;241;43m=\x1b[39;49m\x1b[38;5;28;43mself\x1b[39;49m\x1b[38;5;241;43m.\x1b[39;49m\x1b[43moptions\x1b[49m\x1b[38;5;241;43m.\x1b[39;49m\x1b[43mget\x1b[49m\x1b[43m(\x1b[49m\x1b[38;5;124;43m"\x1b[39;49m\x1b[38;5;124;43mencoding\x1b[39;49m\x1b[38;5;124;43m"\x1b[39;49m\x1b[43m,\x1b[49m\x1b[43m \x1b[49m\x1b[38;5;28;43;01mNone\x1b[39;49;00m\x1b[43m)\x1b[49m\x1b[43m,\x1b[49m\n\x1b[1;32m   1709\x1b[0m \x1b[43m    \x1b[49m\x1b[43mcompression\x1b[49m\x1b[38;5;241;43m=\x1b[39;49m\x1b[38;5;28;43mself\x1b[39;49m\x1b[38;5;241;43m.\x1b[39;49m\x1b[43moptions\x1b[49m\x1b[38;5;241;43m.\x1b[39;49m\x1b[43mget\x1b[49m\x1b[43m(\x1b[49m\x1b[38;5;124;43m"\x1b[39;49m\x1b[38;5;124;43mcompression\x1b[39;49m\x1b[38;5;124;43m"\x1b[39;49m\x1b[43m,\x1b[49m\x1b[43m \x1b[49m\x1b[38;5;28;43;01mNone\x1b[39;49;00m\x1b[43m)\x1b[49m\x1b[43m,\x1b[49m\n\x1b[1;32m   1710\x1b[0m \x1b[43m    \x1b[49m\x1b[43mmemory_map\x1b[49m\x1b[38;5;241;43m=\x1b[39;49m\x1b[38;5;28;43mself\x1b[39;49m\x1b[38;5;241;43m.\x1b[39;49m\x1b[43moptions\x1b[49m\x1b[38;5;241;43m.\x1b[39;49m\x1b[43mget\x1b[49m\x1b[43m(\x1b[49m\x1b[38;5;124;43m"\x1b[39;49m\x1b[38;5;124;43mmemory_map\x1b[39;49m\x1b[38;5;124;43m"\x1b[39;49m\x1b[43m,\x1b[49m\x1b[43m \x1b[49m\x1b[38;5;28;43;01mFalse\x1b[39;49;00m\x1b[43m)\x1b[49m\x1b[43m,\x1b[49m\n\x1b[1;32m   1711\x1b[0m \x1b[43m    \x1b[49m\x1b[43mis_text\x1b[49m\x1b[38;5;241;43m=\x1b[39;49m\x1b[43mis_text\x1b[49m\x1b[43m,\x1b[49m\n\x1b[1;32m   1712\x1b[0m \x1b[43m    \x1b[49m\x1b[43merrors\x1b[49m\x1b[38;5;241;43m=\x1b[39;49m\x1b[38;5;28;43mself\x1b[39;49m\x1b[38;5;241;43m.\x1b[39;49m\x1b[43moptions\x1b[49m\x1b[38;5;241;43m.\x1b[39;49m\x1b[43mget\x1b[49m\x1b[43m(\x1b[49m\x1b[38;5;124;43m"\x1b[39;49m\x1b[38;5;124;43mencoding_errors\x1b[39;49m\x1b[38;5;124;43m"\x1b[39;49m\x1b[43m,\x1b[49m\x1b[43m \x1b[49m\x1b[38;5;124;43m"\x1b[39;49m\x1b[38;5;124;43mstrict\x1b[39;49m\x1b[38;5;124;43m"\x1b[39;49m\x1b[43m)\x1b[49m\x1b[43m,\x1b[49m\n\x1b[1;32m   1713\x1b[0m \x1b[43m    \x1b[49m\x1b[43mstorage_options\x1b[49m\x1b[38;5;241;43m=\x1b[39;49m\x1b[38;5;28;43mself\x1b[39;49m\x1b[38;5;241;43m.\x1b[39;49m\x1b[43moptions\x1b[49m\x1b[38;5;241;43m.\x1b[39;49m\x1b[43mget\x1b[49m\x1b[43m(\x1b[49m\x1b[38;5;124;43m"\x1b[39;49m\x1b[38;5;124;43mstorage_options\x1b[39;49m\x1b[38;5;124;43m"\x1b[39;49m\x1b[43m,\x1b[49m\x1b[43m \x1b[49m\x1b[38;5;28;43;01mNone\x1b[39;49;00m\x1b[43m)\x1b[49m\x1b[43m,\x1b[49m\n\x1b[1;32m   1714\x1b[0m \x1b[43m\x1b[49m\x1b[43m)\x1b[49m\n\x1b[1;32m   1715\x1b[0m \x1b[38;5;28;01massert\x1b[39;00m \x1b[38;5;28mself\x1b[39m\x1b[38;5;241m.\x1b[39mhandles \x1b[38;5;129;01mis\x1b[39;00m \x1b[38;5;129;01mnot\x1b[39;00m \x1b[38;5;28;01mNone\x1b[39;00m\n\x1b[1;32m   1716\x1b[0m f \x1b[38;5;241m=\x1b[39m \x1b[38;5;28mself\x1b[39m\x1b[38;5;241m.\x1b[39mhandles\x1b[38;5;241m.\x1b[39mhandle\n', 'File \x1b[0;32m/usr/local/lib/python3.10/site-packages/pandas/io/common.py:863\x1b[0m, in \x1b[0;36mget_handle\x1b[0;34m(path_or_buf, mode, encoding, compression, memory_map, is_text, errors, storage_options)\x1b[0m\n\x1b[1;32m    858\x1b[0m \x1b[38;5;28;01melif\x1b[39;00m \x1b[38;5;28misinstance\x1b[39m(handle, \x1b[38;5;28mstr\x1b[39m):\n\x1b[1;32m    859\x1b[0m     \x1b[38;5;66;03m# Check whether the filename is to be opened in binary mode.\x1b[39;00m\n\x1b[1;32m    860\x1b[0m     \x1b[38;5;66;03m# Binary mode does not support \'encoding\' and \'newline\'.\x1b[39;00m\n\x1b[1;32m    861\x1b[0m     \x1b[38;5;28;01mif\x1b[39;00m ioargs\x1b[38;5;241m.\x1b[39mencoding \x1b[38;5;129;01mand\x1b[39;00m \x1b[38;5;124m"\x1b[39m\x1b[38;5;124mb\x1b[39m\x1b[38;5;124m"\x1b[39m \x1b[38;5;129;01mnot\x1b[39;00m \x1b[38;5;129;01min\x1b[39;00m ioargs\x1b[38;5;241m.\x1b[39mmode:\n\x1b[1;32m    862\x1b[0m         \x1b[38;5;66;03m# Encoding\x1b[39;00m\n\x1b[0;32m--> 863\x1b[0m         handle \x1b[38;5;241m=\x1b[39m \x1b[38;5;28;43mopen\x1b[39;49m\x1b[43m(\x1b[49m\n\x1b[1;32m    864\x1b[0m \x1b[43m            \x1b[49m\x1b[43mhandle\x1b[49m\x1b[43m,\x1b[49m\n\x1b[1;32m    865\x1b[0m \x1b[43m            \x1b[49m\x1b[43mioargs\x1b[49m\x1b[38;5;241;43m.\x1b[39;49m\x1b[43mmode\x1b[49m\x1b[43m,\x1b[49m\n\x1b[1;32m    866\x1b[0m \x1b[43m            \x1b[49m\x1b[43mencoding\x1b[49m\x1b[38;5;241;43m=\x1b[39;49m\x1b[43mioargs\x1b[49m\x1b[38;5;241;43m.\x1b[39;49m\x1b[43mencoding\x1b[49m\x1b[43m,\x1b[49m\n\x1b[1;32m    867\x1b[0m \x1b[43m            \x1b[49m\x1b[43merrors\x1b[49m\x1b[38;5;241;43m=\x1b[39;49m\x1b[43merrors\x1b[49m\x1b[43m,\x1b[49m\n\x1b[1;32m    868\x1b[0m \x1b[43m            \x1b[49m\x1b[43mnewline\x1b[49m\x1b[38;5;241;43m=\x1b[39;49m\x1b[38;5;124;43m"\x1b[39;49m\x1b[38;5;124;43m"\x1b[39;49m\x1b[43m,\x1b[49m\n\x1b[1;32m    869\x1b[0m \x1b[43m        \x1b[49m\x1b[43m)\x1b[49m\n\x1b[1;32m    870\x1b[0m     \x1b[38;5;28;01melse\x1b[39;00m:\n\x1b[1;32m    871\x1b[0m         \x1b[38;5;66;03m# Binary mode\x1b[39;00m\n\x1b[1;32m    872\x1b[0m         handle \x1b[38;5;241m=\x1b[39m \x1b[38;5;28mopen\x1b[39m(handle, ioargs\x1b[38;5;241m.\x1b[39mmode)\n', "\x1b[0;31mFileNotFoundError\x1b[0m: [Errno 2] No such file or directory: 'harmonized_endometrial_cancer_data.csv'"])
Successfully ran code, but failed to fetch preview: 'NoneType' object is not callable
Error: NameError name 'df_subset' is not defined
Traceback:
[0;31m---------------------------------------------------------------------------[0m
[0;31mNameError[0m                                 Traceback (most recent call last)
Cell [0;32mIn[2], line 36[0m
[1;32m     34[0m [38;5;28mprint[39m([38;5;124m"[39m[38;5;130;01m\n[39;00m[38;5;124mDATASET TRANSFORMATION SUMMARY:[39m[38;5;124m"[39m)
[1;32m     35[0m [38;5;28mprint[39m([38;5;124m"[39m[38;5;124m=[39m[38;5;124m"[39m [38;5;241m*[39m [38;5;241m50[39m)
[0;32m---> 36[0m [38;5;28mprint[39m([38;5;124mf[39m[38;5;124m"[39m[38;5;124mOriginal dataset shape: [39m[38;5;132;01m{[39;00m[43mdf_subset[49m[38;5;241m.[39mshape[38;5;132;01m}[39;00m[38;5;124m"[39m)
[1;32m     37[0m [38;5;28mprint[39m([38;5;124mf[39m[38;5;124m"[39m[38;5;124mHarmonized dataset shape: [39m[38;5;132;01m{[39;00mharmonized_df[38;5;241m.[39mshape[38;5;132;01m}[39;00m[38;5;124m"[39m)
[1;32m     38[0m [38;5;28mprint[39m([38;5;124mf[39m[38;5;124m"[39m[38;5;124mColumns harmonized: [39m[38;5;132;01m{[39;00m[38;5;28mlen[39m(df_subset[38;5;241m.[39mcolumns)[38;5;132;01m}[39;00m[38;5;124m"[39m)

[0;31mNameError[0m: name 'df_subset' is not defined
Uncaught exception in ZMQStream callback
Traceback (most recent call last):
  File "/usr/local/lib/python3.10/site-packages/zmq/eventloop/zmqstream.py", line 565, in _log_error
    f.result()
  File "/usr/local/lib/python3.10/site-packages/beaker_kernel/lib/jupyter_kernel_proxy.py", line 253, in handler
    new_data = await callback(self, other_stream, data)
  File "/usr/local/lib/python3.10/site-packages/beaker_kernel/lib/context.py", line 835, in handle_error
    raise ExecutionError(content["ename"], content["evalue"], content["traceback"])
beaker_kernel.lib.utils.ExecutionError: ('NameError', "name 'df_subset' is not defined", ['\x1b[0;31m---------------------------------------------------------------------------\x1b[0m', '\x1b[0;31mNameError\x1b[0m                                 Traceback (most recent call last)', 'Cell \x1b[0;32mIn[2], line 36\x1b[0m\n\x1b[1;32m     34\x1b[0m \x1b[38;5;28mprint\x1b[39m(\x1b[38;5;124m"\x1b[39m\x1b[38;5;130;01m\\n\x1b[39;00m\x1b[38;5;124mDATASET TRANSFORMATION SUMMARY:\x1b[39m\x1b[38;5;124m"\x1b[39m)\n\x1b[1;32m     35\x1b[0m \x1b[38;5;28mprint\x1b[39m(\x1b[38;5;124m"\x1b[39m\x1b[38;5;124m=\x1b[39m\x1b[38;5;124m"\x1b[39m \x1b[38;5;241m*\x1b[39m \x1b[38;5;241m50\x1b[39m)\n\x1b[0;32m---> 36\x1b[0m \x1b[38;5;28mprint\x1b[39m(\x1b[38;5;124mf\x1b[39m\x1b[38;5;124m"\x1b[39m\x1b[38;5;124mOriginal dataset shape: \x1b[39m\x1b[38;5;132;01m{\x1b[39;00m\x1b[43mdf_subset\x1b[49m\x1b[38;5;241m.\x1b[39mshape\x1b[38;5;132;01m}\x1b[39;00m\x1b[38;5;124m"\x1b[39m)\n\x1b[1;32m     37\x1b[0m \x1b[38;5;28mprint\x1b[39m(\x1b[38;5;124mf\x1b[39m\x1b[38;5;124m"\x1b[39m\x1b[38;5;124mHarmonized dataset shape: \x1b[39m\x1b[38;5;132;01m{\x1b[39;00mharmonized_df\x1b[38;5;241m.\x1b[39mshape\x1b[38;5;132;01m}\x1b[39;00m\x1b[38;5;124m"\x1b[39m)\n\x1b[1;32m     38\x1b[0m \x1b[38;5;28mprint\x1b[39m(\x1b[38;5;124mf\x1b[39m\x1b[38;5;124m"\x1b[39m\x1b[38;5;124mColumns harmonized: \x1b[39m\x1b[38;5;132;01m{\x1b[39;00m\x1b[38;5;28mlen\x1b[39m(df_subset\x1b[38;5;241m.\x1b[39mcolumns)\x1b[38;5;132;01m}\x1b[39;00m\x1b[38;5;124m"\x1b[39m)\n', "\x1b[0;31mNameError\x1b[0m: name 'df_subset' is not defined"])
Successfully ran code, but failed to fetch preview: 'NoneType' object is not callable
[I 2026-01-14 15:24:57.786 BeakerServerApp] 302 GET / (@127.0.0.1) 0.47ms
[W 2026-01-14 15:24:57.789 BeakerServerApp] 405 POST /notebook?token=[secret] (@127.0.0.1) 0.36ms referer=None
[I 2026-01-14 15:24:58.862 BeakerServerApp] 302 GET / (@127.0.0.1) 0.50ms
[W 2026-01-14 15:24:58.865 BeakerServerApp] 405 POST /notebook?token=[secret] (@127.0.0.1) 0.35ms referer=None
[I 2026-01-14 15:24:58.865 BeakerServerApp] Starting buffering for 68a1ab9b-c1b3-4f67-b875-45c91bad6e9a:87362ec1-291fa532129637b997210b10
INFO:    Terminating squashfuse_ll after timeout
INFO:    Timeouts can be caused by a running background process
slurmstepd: error: Detected 2 oom-kill event(s) in StepId=45332389.batch. Some of your processes may have been killed by the cgroup out-of-memory handler.
